id	phenomenon	subj_person	wrong_person	lure_person	distance	tense	sen	wrong_sen
attraction_00000	attraction	p3_ord	p1	p1	attractor	pres	সে প্রতিদিন আমার সঙ্গে কাজ করে।	সে প্রতিদিন আমার সঙ্গে কাজ করি।
attraction_00001	attraction	p3_ord	p1	p1	attractor	pres	সে প্রায়ই আমাদের বাড়িতে এসে কাজ করে।	সে প্রায়ই আমাদের বাড়িতে এসে কাজ করি।
attraction_00002	attraction	p3_ord	p1	p1	attractor	pres	সে সাধারণত আমার কথা শুনে কাজ করে।	সে সাধারণত আমার কথা শুনে কাজ করি।
attraction_00003	attraction	p3_ord	p2_fam	p2_fam	attractor	pres	সে সাধারণত তোমার সঙ্গে কাজ করে।	সে সাধারণত তোমার সঙ্গে কাজ করো।
attraction_00004	attraction	p3_ord	p2_fam	p2_fam	attractor	pres	সে প্রতিদিন তোমাদের সাথে বসে কাজ করে।	সে প্রতিদিন তোমাদের সাথে বসে কাজ করো।
attraction_00005	attraction	p3_ord	p2_hon	p2_hon	attractor	pres	সে সাধারণত আপনার কথা ভেবে কাজ করে।	সে সাধারণত আপনার কথা ভেবে কাজ করেন।
attraction_00006	attraction	p3_ord	p1	p1	attractor	pres	ছেলেটি প্রায়ই আমার সঙ্গে কাজ করে।	ছেলেটি প্রায়ই আমার সঙ্গে কাজ করি।
attraction_00007	attraction	p3_ord	p1	p1	attractor	pres	ছেলেটি সাধারণত আমাদের বাড়িতে এসে কাজ করে।	ছেলেটি সাধারণত আমাদের বাড়িতে এসে কাজ করি।
attraction_00008	attraction	p3_ord	p1	p1	attractor	pres	ছেলেটি সাধারণত আমার কথা শুনে কাজ করে।	ছেলেটি সাধারণত আমার কথা শুনে কাজ করি।
attraction_00009	attraction	p3_ord	p2_fam	p2_fam	attractor	pres	ছেলেটি সাধারণত তোমার সঙ্গে কাজ করে।	ছেলেটি সাধারণত তোমার সঙ্গে কাজ করো।
attraction_00010	attraction	p3_ord	p2_fam	p2_fam	attractor	pres	ছেলেটি সাধারণত তোমাদের সাথে বসে কাজ করে।	ছেলেটি সাধারণত তোমাদের সাথে বসে কাজ করো।
attraction_00011	attraction	p3_ord	p2_hon	p2_hon	attractor	pres	ছেলেটি প্রায়ই আপনার কথা ভেবে কাজ করে।	ছেলেটি প্রায়ই আপনার কথা ভেবে কাজ করেন।
attraction_00012	attraction	p3_ord	p1	p1	attractor	pres	মেয়েটি প্রায়ই আমার সঙ্গে কাজ করে।	মেয়েটি প্রায়ই আমার সঙ্গে কাজ করি।
attraction_00013	attraction	p3_ord	p1	p1	attractor	pres	মেয়েটি প্রতিদিন আমাদের বাড়িতে এসে কাজ করে।	মেয়েটি প্রতিদিন আমাদের বাড়িতে এসে কাজ করি।
attraction_00014	attraction	p3_ord	p1	p1	attractor	pres	মেয়েটি প্রায়ই আমার কথা শুনে কাজ করে।	মেয়েটি প্রায়ই আমার কথা শুনে কাজ করি।
attraction_00015	attraction	p3_ord	p2_fam	p2_fam	attractor	pres	মেয়েটি প্রায়ই তোমার সঙ্গে কাজ করে।	মেয়েটি প্রায়ই তোমার সঙ্গে কাজ করো।
attraction_00016	attraction	p3_ord	p2_fam	p2_fam	attractor	pres	মেয়েটি সাধারণত তোমাদের সাথে বসে কাজ করে।	মেয়েটি সাধারণত তোমাদের সাথে বসে কাজ করো।
attraction_00017	attraction	p3_ord	p2_hon	p2_hon	attractor	pres	মেয়েটি প্রতিদিন আপনার কথা ভেবে কাজ করে।	মেয়েটি প্রতিদিন আপনার কথা ভেবে কাজ করেন।
attraction_00018	attraction	p3_ord	p1	p1	attractor	pres	আমার বন্ধু প্রায়ই আমার সঙ্গে কাজ করে।	আমার বন্ধু প্রায়ই আমার সঙ্গে কাজ করি।
attraction_00019	attraction	p3_ord	p1	p1	attractor	pres	আমার বন্ধু প্রায়ই আমাদের বাড়িতে এসে কাজ করে।	আমার বন্ধু প্রায়ই আমাদের বাড়িতে এসে কাজ করি।
attraction_00020	attraction	p3_ord	p1	p1	attractor	pres	আমার বন্ধু প্রায়ই আমার কথা শুনে কাজ করে।	আমার বন্ধু প্রায়ই আমার কথা শুনে কাজ করি।
attraction_00021	attraction	p3_ord	p2_fam	p2_fam	attractor	pres	আমার বন্ধু সাধারণত তোমার সঙ্গে কাজ করে।	আমার বন্ধু সাধারণত তোমার সঙ্গে কাজ করো।
attraction_00022	attraction	p3_ord	p2_fam	p2_fam	attractor	pres	আমার বন্ধু প্রতিদিন তোমাদের সাথে বসে কাজ করে।	আমার বন্ধু প্রতিদিন তোমাদের সাথে বসে কাজ করো।
attraction_00023	attraction	p3_ord	p2_hon	p2_hon	attractor	pres	আমার বন্ধু সাধারণত আপনার কথা ভেবে কাজ করে।	আমার বন্ধু সাধারণত আপনার কথা ভেবে কাজ করেন।
attraction_00024	attraction	p3_ord	p1	p1	attractor	pres	রহিম প্রতিদিন আমার সঙ্গে কাজ করে।	রহিম প্রতিদিন আমার সঙ্গে কাজ করি।
attraction_00025	attraction	p3_ord	p1	p1	attractor	pres	রহিম প্রতিদিন আমাদের বাড়িতে এসে কাজ করে।	রহিম প্রতিদিন আমাদের বাড়িতে এসে কাজ করি।
attraction_00026	attraction	p3_ord	p1	p1	attractor	pres	রহিম সাধারণত আমার কথা শুনে কাজ করে।	রহিম সাধারণত আমার কথা শুনে কাজ করি।
attraction_00027	attraction	p3_ord	p2_fam	p2_fam	attractor	pres	রহিম প্রায়ই তোমার সঙ্গে কাজ করে।	রহিম প্রায়ই তোমার সঙ্গে কাজ করো।
attraction_00028	attraction	p3_ord	p2_fam	p2_fam	attractor	pres	রহিম প্রায়ই তোমাদের সাথে বসে কাজ করে।	রহিম প্রায়ই তোমাদের সাথে বসে কাজ করো।
attraction_00029	attraction	p3_ord	p2_hon	p2_hon	attractor	pres	রহিম সাধারণত আপনার কথা ভেবে কাজ করে।	রহিম সাধারণত আপনার কথা ভেবে কাজ করেন।
attraction_00030	attraction	p3_hon	p1	p1	attractor	pres	তিনি প্রতিদিন আমার সঙ্গে কাজ করেন।	তিনি প্রতিদিন আমার সঙ্গে কাজ করি।
attraction_00031	attraction	p3_hon	p1	p1	attractor	pres	তিনি সাধারণত আমাদের বাড়িতে এসে কাজ করেন।	তিনি সাধারণত আমাদের বাড়িতে এসে কাজ করি।
attraction_00032	attraction	p3_hon	p1	p1	attractor	pres	তিনি প্রায়ই আমার কথা শুনে কাজ করেন।	তিনি প্রায়ই আমার কথা শুনে কাজ করি।
attraction_00033	attraction	p3_hon	p2_fam	p2_fam	attractor	pres	তিনি সাধারণত তোমার সঙ্গে কাজ করেন।	তিনি সাধারণত তোমার সঙ্গে কাজ করো।
attraction_00034	attraction	p3_hon	p2_fam	p2_fam	attractor	pres	তিনি প্রতিদিন তোমাদের সাথে বসে কাজ করেন।	তিনি প্রতিদিন তোমাদের সাথে বসে কাজ করো।
attraction_00035	attraction	p3_hon	p1	p1	attractor	pres	উনি সাধারণত আমার সঙ্গে কাজ করেন।	উনি সাধারণত আমার সঙ্গে কাজ করি।
attraction_00036	attraction	p3_hon	p1	p1	attractor	pres	উনি প্রতিদিন আমাদের বাড়িতে এসে কাজ করেন।	উনি প্রতিদিন আমাদের বাড়িতে এসে কাজ করি।
attraction_00037	attraction	p3_hon	p1	p1	attractor	pres	উনি সাধারণত আমার কথা শুনে কাজ করেন।	উনি সাধারণত আমার কথা শুনে কাজ করি।
attraction_00038	attraction	p3_hon	p2_fam	p2_fam	attractor	pres	উনি প্রতিদিন তোমার সঙ্গে কাজ করেন।	উনি প্রতিদিন তোমার সঙ্গে কাজ করো।
attraction_00039	attraction	p3_hon	p2_fam	p2_fam	attractor	pres	উনি প্রায়ই তোমাদের সাথে বসে কাজ করেন।	উনি প্রায়ই তোমাদের সাথে বসে কাজ করো।
attraction_00040	attraction	p2_fam	p1	p1	attractor	pres	তুমি সাধারণত আমার সঙ্গে কাজ করো।	তুমি সাধারণত আমার সঙ্গে কাজ করি।
attraction_00041	attraction	p2_fam	p1	p1	attractor	pres	তুমি সাধারণত আমাদের বাড়িতে এসে কাজ করো।	তুমি সাধারণত আমাদের বাড়িতে এসে কাজ করি।
attraction_00042	attraction	p2_fam	p1	p1	attractor	pres	তুমি প্রতিদিন আমার কথা শুনে কাজ করো।	তুমি প্রতিদিন আমার কথা শুনে কাজ করি।
attraction_00043	attraction	p3_ord	p1	p1	attractor	past	সে কাল সন্ধ্যায় আমার সঙ্গে কাজ করলো।	সে কাল সন্ধ্যায় আমার সঙ্গে কাজ করলাম।
attraction_00044	attraction	p3_ord	p1	p1	attractor	past	সে গতকাল আমাদের বাড়িতে এসে কাজ করলো।	সে গতকাল আমাদের বাড়িতে এসে কাজ করলাম।
attraction_00045	attraction	p3_ord	p1	p1	attractor	past	সে গত সপ্তাহে আমার কথা শুনে কাজ করলো।	সে গত সপ্তাহে আমার কথা শুনে কাজ করলাম।
attraction_00046	attraction	p3_ord	p2_fam	p2_fam	attractor	past	সে কাল সন্ধ্যায় তোমার সঙ্গে কাজ করলো।	সে কাল সন্ধ্যায় তোমার সঙ্গে কাজ করলে।
attraction_00047	attraction	p3_ord	p2_fam	p2_fam	attractor	past	সে গত সপ্তাহে তোমাদের সাথে বসে কাজ করলো।	সে গত সপ্তাহে তোমাদের সাথে বসে কাজ করলে।
attraction_00048	attraction	p3_ord	p2_hon	p2_hon	attractor	past	সে গতকাল আপনার কথা ভেবে কাজ করলো।	সে গতকাল আপনার কথা ভেবে কাজ করলেন।
attraction_00049	attraction	p3_ord	p1	p1	attractor	past	ছেলেটি কাল সন্ধ্যায় আমার সঙ্গে কাজ করলো।	ছেলেটি কাল সন্ধ্যায় আমার সঙ্গে কাজ করলাম।
attraction_00050	attraction	p3_ord	p1	p1	attractor	past	ছেলেটি কাল সন্ধ্যায় আমাদের বাড়িতে এসে কাজ করলো।	ছেলেটি কাল সন্ধ্যায় আমাদের বাড়িতে এসে কাজ করলাম।
attraction_00051	attraction	p3_ord	p1	p1	attractor	past	ছেলেটি গতকাল আমার কথা শুনে কাজ করলো।	ছেলেটি গতকাল আমার কথা শুনে কাজ করলাম।
attraction_00052	attraction	p3_ord	p2_fam	p2_fam	attractor	past	ছেলেটি কাল সন্ধ্যায় তোমার সঙ্গে কাজ করলো।	ছেলেটি কাল সন্ধ্যায় তোমার সঙ্গে কাজ করলে।
attraction_00053	attraction	p3_ord	p2_fam	p2_fam	attractor	past	ছেলেটি গত সপ্তাহে তোমাদের সাথে বসে কাজ করলো।	ছেলেটি গত সপ্তাহে তোমাদের সাথে বসে কাজ করলে।
attraction_00054	attraction	p3_ord	p2_hon	p2_hon	attractor	past	ছেলেটি গত সপ্তাহে আপনার কথা ভেবে কাজ করলো।	ছেলেটি গত সপ্তাহে আপনার কথা ভেবে কাজ করলেন।
attraction_00055	attraction	p3_ord	p1	p1	attractor	past	মেয়েটি কাল সন্ধ্যায় আমার সঙ্গে কাজ করলো।	মেয়েটি কাল সন্ধ্যায় আমার সঙ্গে কাজ করলাম।
attraction_00056	attraction	p3_ord	p1	p1	attractor	past	মেয়েটি গত সপ্তাহে আমাদের বাড়িতে এসে কাজ করলো।	মেয়েটি গত সপ্তাহে আমাদের বাড়িতে এসে কাজ করলাম।
attraction_00057	attraction	p3_ord	p1	p1	attractor	past	মেয়েটি গতকাল আমার কথা শুনে কাজ করলো।	মেয়েটি গতকাল আমার কথা শুনে কাজ করলাম।
attraction_00058	attraction	p3_ord	p2_fam	p2_fam	attractor	past	মেয়েটি গতকাল তোমার সঙ্গে কাজ করলো।	মেয়েটি গতকাল তোমার সঙ্গে কাজ করলে।
attraction_00059	attraction	p3_ord	p2_fam	p2_fam	attractor	past	মেয়েটি গত সপ্তাহে তোমাদের সাথে বসে কাজ করলো।	মেয়েটি গত সপ্তাহে তোমাদের সাথে বসে কাজ করলে।
attraction_00060	attraction	p3_ord	p2_hon	p2_hon	attractor	past	মেয়েটি কাল সন্ধ্যায় আপনার কথা ভেবে কাজ করলো।	মেয়েটি কাল সন্ধ্যায় আপনার কথা ভেবে কাজ করলেন।
attraction_00061	attraction	p3_ord	p1	p1	attractor	past	আমার বন্ধু কাল সন্ধ্যায় আমার সঙ্গে কাজ করলো।	আমার বন্ধু কাল সন্ধ্যায় আমার সঙ্গে কাজ করলাম।
attraction_00062	attraction	p3_ord	p1	p1	attractor	past	আমার বন্ধু গতকাল আমাদের বাড়িতে এসে কাজ করলো।	আমার বন্ধু গতকাল আমাদের বাড়িতে এসে কাজ করলাম।
attraction_00063	attraction	p3_ord	p1	p1	attractor	past	আমার বন্ধু গতকাল আমার কথা শুনে কাজ করলো।	আমার বন্ধু গতকাল আমার কথা শুনে কাজ করলাম।
attraction_00064	attraction	p3_ord	p2_fam	p2_fam	attractor	past	আমার বন্ধু গত সপ্তাহে তোমার সঙ্গে কাজ করলো।	আমার বন্ধু গত সপ্তাহে তোমার সঙ্গে কাজ করলে।
attraction_00065	attraction	p3_ord	p2_fam	p2_fam	attractor	past	আমার বন্ধু কাল সন্ধ্যায় তোমাদের সাথে বসে কাজ করলো।	আমার বন্ধু কাল সন্ধ্যায় তোমাদের সাথে বসে কাজ করলে।
attraction_00066	attraction	p3_ord	p2_hon	p2_hon	attractor	past	আমার বন্ধু গতকাল আপনার কথা ভেবে কাজ করলো।	আমার বন্ধু গতকাল আপনার কথা ভেবে কাজ করলেন।
attraction_00067	attraction	p3_ord	p1	p1	attractor	past	রহিম কাল সন্ধ্যায় আমার সঙ্গে কাজ করলো।	রহিম কাল সন্ধ্যায় আমার সঙ্গে কাজ করলাম।
attraction_00068	attraction	p3_ord	p1	p1	attractor	past	রহিম গতকাল আমাদের বাড়িতে এসে কাজ করলো।	রহিম গতকাল আমাদের বাড়িতে এসে কাজ করলাম।
attraction_00069	attraction	p3_ord	p1	p1	attractor	past	রহিম গত সপ্তাহে আমার কথা শুনে কাজ করলো।	রহিম গত সপ্তাহে আমার কথা শুনে কাজ করলাম।
attraction_00070	attraction	p3_ord	p2_fam	p2_fam	attractor	past	রহিম গত সপ্তাহে তোমার সঙ্গে কাজ করলো।	রহিম গত সপ্তাহে তোমার সঙ্গে কাজ করলে।
attraction_00071	attraction	p3_ord	p2_fam	p2_fam	attractor	past	রহিম গত সপ্তাহে তোমাদের সাথে বসে কাজ করলো।	রহিম গত সপ্তাহে তোমাদের সাথে বসে কাজ করলে।
attraction_00072	attraction	p3_ord	p2_hon	p2_hon	attractor	past	রহিম কাল সন্ধ্যায় আপনার কথা ভেবে কাজ করলো।	রহিম কাল সন্ধ্যায় আপনার কথা ভেবে কাজ করলেন।
attraction_00073	attraction	p3_hon	p1	p1	attractor	past	তিনি গত সপ্তাহে আমার সঙ্গে কাজ করলেন।	তিনি গত সপ্তাহে আমার সঙ্গে কাজ করলাম।
attraction_00074	attraction	p3_hon	p1	p1	attractor	past	তিনি কাল সন্ধ্যায় আমাদের বাড়িতে এসে কাজ করলেন।	তিনি কাল সন্ধ্যায় আমাদের বাড়িতে এসে কাজ করলাম।
attraction_00075	attraction	p3_hon	p1	p1	attractor	past	তিনি কাল সন্ধ্যায় আমার কথা শুনে কাজ করলেন।	তিনি কাল সন্ধ্যায় আমার কথা শুনে কাজ করলাম।
attraction_00076	attraction	p3_hon	p2_fam	p2_fam	attractor	past	তিনি কাল সন্ধ্যায় তোমার সঙ্গে কাজ করলেন।	তিনি কাল সন্ধ্যায় তোমার সঙ্গে কাজ করলে।
attraction_00077	attraction	p3_hon	p2_fam	p2_fam	attractor	past	তিনি গত সপ্তাহে তোমাদের সাথে বসে কাজ করলেন।	তিনি গত সপ্তাহে তোমাদের সাথে বসে কাজ করলে।
attraction_00078	attraction	p3_hon	p1	p1	attractor	past	উনি কাল সন্ধ্যায় আমার সঙ্গে কাজ করলেন।	উনি কাল সন্ধ্যায় আমার সঙ্গে কাজ করলাম।
attraction_00079	attraction	p3_hon	p1	p1	attractor	past	উনি গত সপ্তাহে আমাদের বাড়িতে এসে কাজ করলেন।	উনি গত সপ্তাহে আমাদের বাড়িতে এসে কাজ করলাম।
attraction_00080	attraction	p3_hon	p1	p1	attractor	past	উনি গতকাল আমার কথা শুনে কাজ করলেন।	উনি গতকাল আমার কথা শুনে কাজ করলাম।
attraction_00081	attraction	p3_hon	p2_fam	p2_fam	attractor	past	উনি গতকাল তোমার সঙ্গে কাজ করলেন।	উনি গতকাল তোমার সঙ্গে কাজ করলে।
attraction_00082	attraction	p3_hon	p2_fam	p2_fam	attractor	past	উনি গতকাল তোমাদের সাথে বসে কাজ করলেন।	উনি গতকাল তোমাদের সাথে বসে কাজ করলে।
attraction_00083	attraction	p2_fam	p1	p1	attractor	past	তুমি গত সপ্তাহে আমার সঙ্গে কাজ করলে।	তুমি গত সপ্তাহে আমার সঙ্গে কাজ করলাম।
attraction_00084	attraction	p2_fam	p1	p1	attractor	past	তুমি গত সপ্তাহে আমাদের বাড়িতে এসে কাজ করলে।	তুমি গত সপ্তাহে আমাদের বাড়িতে এসে কাজ করলাম।
attraction_00085	attraction	p2_fam	p1	p1	attractor	past	তুমি গতকাল আমার কথা শুনে কাজ করলে।	তুমি গতকাল আমার কথা শুনে কাজ করলাম।
attraction_00086	attraction	p3_ord	p1	p1	attractor	fut	সে আগামীকাল আমার সঙ্গে কাজ করবে।	সে আগামীকাল আমার সঙ্গে কাজ করব।
attraction_00087	attraction	p3_ord	p1	p1	attractor	fut	সে আগামী সপ্তাহে আমাদের বাড়িতে এসে কাজ করবে।	সে আগামী সপ্তাহে আমাদের বাড়িতে এসে কাজ করব।
attraction_00088	attraction	p3_ord	p1	p1	attractor	fut	সে আগামী সপ্তাহে আমার কথা শুনে কাজ করবে।	সে আগামী সপ্তাহে আমার কথা শুনে কাজ করব।
attraction_00089	attraction	p3_ord	p2_hon	p2_hon	attractor	fut	সে আগামীকাল আপনার কথা ভেবে কাজ করবে।	সে আগামীকাল আপনার কথা ভেবে কাজ করবেন।
attraction_00090	attraction	p3_ord	p1	p1	attractor	fut	ছেলেটি আগামী সপ্তাহে আমার সঙ্গে কাজ করবে।	ছেলেটি আগামী সপ্তাহে আমার সঙ্গে কাজ করব।
attraction_00091	attraction	p3_ord	p1	p1	attractor	fut	ছেলেটি আগামী সপ্তাহে আমাদের বাড়িতে এসে কাজ করবে।	ছেলেটি আগামী সপ্তাহে আমাদের বাড়িতে এসে কাজ করব।
attraction_00092	attraction	p3_ord	p1	p1	attractor	fut	ছেলেটি আগামীকাল আমার কথা শুনে কাজ করবে।	ছেলেটি আগামীকাল আমার কথা শুনে কাজ করব।
attraction_00093	attraction	p3_ord	p2_hon	p2_hon	attractor	fut	ছেলেটি কিছুদিন পরে আপনার কথা ভেবে কাজ করবে।	ছেলেটি কিছুদিন পরে আপনার কথা ভেবে কাজ করবেন।
attraction_00094	attraction	p3_ord	p1	p1	attractor	fut	মেয়েটি কিছুদিন পরে আমার সঙ্গে কাজ করবে।	মেয়েটি কিছুদিন পরে আমার সঙ্গে কাজ করব।
attraction_00095	attraction	p3_ord	p1	p1	attractor	fut	মেয়েটি আগামীকাল আমাদের বাড়িতে এসে কাজ করবে।	মেয়েটি আগামীকাল আমাদের বাড়িতে এসে কাজ করব।
attraction_00096	attraction	p3_ord	p1	p1	attractor	fut	মেয়েটি আগামীকাল আমার কথা শুনে কাজ করবে।	মেয়েটি আগামীকাল আমার কথা শুনে কাজ করব।
attraction_00097	attraction	p3_ord	p2_hon	p2_hon	attractor	fut	মেয়েটি আগামীকাল আপনার কথা ভেবে কাজ করবে।	মেয়েটি আগামীকাল আপনার কথা ভেবে কাজ করবেন।
attraction_00098	attraction	p3_ord	p1	p1	attractor	fut	আমার বন্ধু আগামীকাল আমার সঙ্গে কাজ করবে।	আমার বন্ধু আগামীকাল আমার সঙ্গে কাজ করব।
attraction_00099	attraction	p3_ord	p1	p1	attractor	fut	আমার বন্ধু আগামীকাল আমাদের বাড়িতে এসে কাজ করবে।	আমার বন্ধু আগামীকাল আমাদের বাড়িতে এসে কাজ করব।
attraction_00100	attraction	p3_ord	p1	p1	attractor	fut	আমার বন্ধু কিছুদিন পরে আমার কথা শুনে কাজ করবে।	আমার বন্ধু কিছুদিন পরে আমার কথা শুনে কাজ করব।
attraction_00101	attraction	p3_ord	p2_hon	p2_hon	attractor	fut	আমার বন্ধু কিছুদিন পরে আপনার কথা ভেবে কাজ করবে।	আমার বন্ধু কিছুদিন পরে আপনার কথা ভেবে কাজ করবেন।
attraction_00102	attraction	p3_ord	p1	p1	attractor	fut	রহিম আগামী সপ্তাহে আমার সঙ্গে কাজ করবে।	রহিম আগামী সপ্তাহে আমার সঙ্গে কাজ করব।
attraction_00103	attraction	p3_ord	p1	p1	attractor	fut	রহিম আগামী সপ্তাহে আমাদের বাড়িতে এসে কাজ করবে।	রহিম আগামী সপ্তাহে আমাদের বাড়িতে এসে কাজ করব।
attraction_00104	attraction	p3_ord	p1	p1	attractor	fut	রহিম আগামীকাল আমার কথা শুনে কাজ করবে।	রহিম আগামীকাল আমার কথা শুনে কাজ করব।
attraction_00105	attraction	p3_ord	p2_hon	p2_hon	attractor	fut	রহিম কিছুদিন পরে আপনার কথা ভেবে কাজ করবে।	রহিম কিছুদিন পরে আপনার কথা ভেবে কাজ করবেন।
attraction_00106	attraction	p3_hon	p1	p1	attractor	fut	তিনি আগামী সপ্তাহে আমার সঙ্গে কাজ করবেন।	তিনি আগামী সপ্তাহে আমার সঙ্গে কাজ করব।
attraction_00107	attraction	p3_hon	p1	p1	attractor	fut	তিনি আগামীকাল আমাদের বাড়িতে এসে কাজ করবেন।	তিনি আগামীকাল আমাদের বাড়িতে এসে কাজ করব।
attraction_00108	attraction	p3_hon	p1	p1	attractor	fut	তিনি কিছুদিন পরে আমার কথা শুনে কাজ করবেন।	তিনি কিছুদিন পরে আমার কথা শুনে কাজ করব।
attraction_00109	attraction	p3_hon	p2_fam	p2_fam	attractor	fut	তিনি আগামী সপ্তাহে তোমার সঙ্গে কাজ করবেন।	তিনি আগামী সপ্তাহে তোমার সঙ্গে কাজ করবে।
attraction_00110	attraction	p3_hon	p2_fam	p2_fam	attractor	fut	তিনি আগামীকাল তোমাদের সাথে বসে কাজ করবেন।	তিনি আগামীকাল তোমাদের সাথে বসে কাজ করবে।
attraction_00111	attraction	p3_hon	p1	p1	attractor	fut	উনি আগামী সপ্তাহে আমার সঙ্গে কাজ করবেন।	উনি আগামী সপ্তাহে আমার সঙ্গে কাজ করব।
attraction_00112	attraction	p3_hon	p1	p1	attractor	fut	উনি আগামীকাল আমাদের বাড়িতে এসে কাজ করবেন।	উনি আগামীকাল আমাদের বাড়িতে এসে কাজ করব।
attraction_00113	attraction	p3_hon	p1	p1	attractor	fut	উনি কিছুদিন পরে আমার কথা শুনে কাজ করবেন।	উনি কিছুদিন পরে আমার কথা শুনে কাজ করব।
attraction_00114	attraction	p3_hon	p2_fam	p2_fam	attractor	fut	উনি আগামী সপ্তাহে তোমার সঙ্গে কাজ করবেন।	উনি আগামী সপ্তাহে তোমার সঙ্গে কাজ করবে।
attraction_00115	attraction	p3_hon	p2_fam	p2_fam	attractor	fut	উনি কিছুদিন পরে তোমাদের সাথে বসে কাজ করবেন।	উনি কিছুদিন পরে তোমাদের সাথে বসে কাজ করবে।
attraction_00116	attraction	p2_fam	p1	p1	attractor	fut	তুমি কিছুদিন পরে আমার সঙ্গে কাজ করবে।	তুমি কিছুদিন পরে আমার সঙ্গে কাজ করব।
attraction_00117	attraction	p2_fam	p1	p1	attractor	fut	তুমি আগামী সপ্তাহে আমাদের বাড়িতে এসে কাজ করবে।	তুমি আগামী সপ্তাহে আমাদের বাড়িতে এসে কাজ করব।
attraction_00118	attraction	p2_fam	p1	p1	attractor	fut	তুমি আগামী সপ্তাহে আমার কথা শুনে কাজ করবে।	তুমি আগামী সপ্তাহে আমার কথা শুনে কাজ করব।
attraction_00119	attraction	p3_ord	p1	p1	attractor	pres	সে প্রতিদিন আমার সঙ্গে স্কুলে যায়।	সে প্রতিদিন আমার সঙ্গে স্কুলে যাই।
attraction_00120	attraction	p3_ord	p1	p1	attractor	pres	সে সাধারণত আমাদের বাড়িতে এসে স্কুলে যায়।	সে সাধারণত আমাদের বাড়িতে এসে স্কুলে যাই।
attraction_00121	attraction	p3_ord	p1	p1	attractor	pres	সে সাধারণত আমার কথা শুনে স্কুলে যায়।	সে সাধারণত আমার কথা শুনে স্কুলে যাই।
attraction_00122	attraction	p3_ord	p2_fam	p2_fam	attractor	pres	সে প্রতিদিন তোমার সঙ্গে স্কুলে যায়।	সে প্রতিদিন তোমার সঙ্গে স্কুলে যাও।
attraction_00123	attraction	p3_ord	p2_fam	p2_fam	attractor	pres	সে সাধারণত তোমাদের সাথে বসে স্কুলে যায়।	সে সাধারণত তোমাদের সাথে বসে স্কুলে যাও।
attraction_00124	attraction	p3_ord	p2_hon	p2_hon	attractor	pres	সে সাধারণত আপনার কথা ভেবে স্কুলে যায়।	সে সাধারণত আপনার কথা ভেবে স্কুলে যান।
attraction_00125	attraction	p3_ord	p1	p1	attractor	pres	ছেলেটি সাধারণত আমার সঙ্গে স্কুলে যায়।	ছেলেটি সাধারণত আমার সঙ্গে স্কুলে যাই।
attraction_00126	attraction	p3_ord	p1	p1	attractor	pres	ছেলেটি প্রতিদিন আমাদের বাড়িতে এসে স্কুলে যায়।	ছেলেটি প্রতিদিন আমাদের বাড়িতে এসে স্কুলে যাই।
attraction_00127	attraction	p3_ord	p1	p1	attractor	pres	ছেলেটি সাধারণত আমার কথা শুনে স্কুলে যায়।	ছেলেটি সাধারণত আমার কথা শুনে স্কুলে যাই।
attraction_00128	attraction	p3_ord	p2_fam	p2_fam	attractor	pres	ছেলেটি প্রতিদিন তোমার সঙ্গে স্কুলে যায়।	ছেলেটি প্রতিদিন তোমার সঙ্গে স্কুলে যাও।
attraction_00129	attraction	p3_ord	p2_fam	p2_fam	attractor	pres	ছেলেটি সাধারণত তোমাদের সাথে বসে স্কুলে যায়।	ছেলেটি সাধারণত তোমাদের সাথে বসে স্কুলে যাও।
attraction_00130	attraction	p3_ord	p2_hon	p2_hon	attractor	pres	ছেলেটি প্রতিদিন আপনার কথা ভেবে স্কুলে যায়।	ছেলেটি প্রতিদিন আপনার কথা ভেবে স্কুলে যান।
attraction_00131	attraction	p3_ord	p1	p1	attractor	pres	মেয়েটি প্রায়ই আমার সঙ্গে স্কুলে যায়।	মেয়েটি প্রায়ই আমার সঙ্গে স্কুলে যাই।
attraction_00132	attraction	p3_ord	p1	p1	attractor	pres	মেয়েটি প্রায়ই আমাদের বাড়িতে এসে স্কুলে যায়।	মেয়েটি প্রায়ই আমাদের বাড়িতে এসে স্কুলে যাই।
attraction_00133	attraction	p3_ord	p1	p1	attractor	pres	মেয়েটি প্রায়ই আমার কথা শুনে স্কুলে যায়।	মেয়েটি প্রায়ই আমার কথা শুনে স্কুলে যাই।
attraction_00134	attraction	p3_ord	p2_fam	p2_fam	attractor	pres	মেয়েটি প্রতিদিন তোমার সঙ্গে স্কুলে যায়।	মেয়েটি প্রতিদিন তোমার সঙ্গে স্কুলে যাও।
attraction_00135	attraction	p3_ord	p2_fam	p2_fam	attractor	pres	মেয়েটি সাধারণত তোমাদের সাথে বসে স্কুলে যায়।	মেয়েটি সাধারণত তোমাদের সাথে বসে স্কুলে যাও।
attraction_00136	attraction	p3_ord	p2_hon	p2_hon	attractor	pres	মেয়েটি প্রতিদিন আপনার কথা ভেবে স্কুলে যায়।	মেয়েটি প্রতিদিন আপনার কথা ভেবে স্কুলে যান।
attraction_00137	attraction	p3_ord	p1	p1	attractor	pres	আমার বন্ধু সাধারণত আমার সঙ্গে স্কুলে যায়।	আমার বন্ধু সাধারণত আমার সঙ্গে স্কুলে যাই।
attraction_00138	attraction	p3_ord	p1	p1	attractor	pres	আমার বন্ধু প্রায়ই আমাদের বাড়িতে এসে স্কুলে যায়।	আমার বন্ধু প্রায়ই আমাদের বাড়িতে এসে স্কুলে যাই।
attraction_00139	attraction	p3_ord	p1	p1	attractor	pres	আমার বন্ধু প্রতিদিন আমার কথা শুনে স্কুলে যায়।	আমার বন্ধু প্রতিদিন আমার কথা শুনে স্কুলে যাই।
attraction_00140	attraction	p3_ord	p2_fam	p2_fam	attractor	pres	আমার বন্ধু সাধারণত তোমার সঙ্গে স্কুলে যায়।	আমার বন্ধু সাধারণত তোমার সঙ্গে স্কুলে যাও।
attraction_00141	attraction	p3_ord	p2_fam	p2_fam	attractor	pres	আমার বন্ধু সাধারণত তোমাদের সাথে বসে স্কুলে যায়।	আমার বন্ধু সাধারণত তোমাদের সাথে বসে স্কুলে যাও।
attraction_00142	attraction	p3_ord	p2_hon	p2_hon	attractor	pres	আমার বন্ধু প্রায়ই আপনার কথা ভেবে স্কুলে যায়।	আমার বন্ধু প্রায়ই আপনার কথা ভেবে স্কুলে যান।
attraction_00143	attraction	p3_ord	p1	p1	attractor	pres	রহিম প্রতিদিন আমার সঙ্গে স্কুলে যায়।	রহিম প্রতিদিন আমার সঙ্গে স্কুলে যাই।
attraction_00144	attraction	p3_ord	p1	p1	attractor	pres	রহিম প্রায়ই আমাদের বাড়িতে এসে স্কুলে যায়।	রহিম প্রায়ই আমাদের বাড়িতে এসে স্কুলে যাই।
attraction_00145	attraction	p3_ord	p1	p1	attractor	pres	রহিম সাধারণত আমার কথা শুনে স্কুলে যায়।	রহিম সাধারণত আমার কথা শুনে স্কুলে যাই।
attraction_00146	attraction	p3_ord	p2_fam	p2_fam	attractor	pres	রহিম সাধারণত তোমার সঙ্গে স্কুলে যায়।	রহিম সাধারণত তোমার সঙ্গে স্কুলে যাও।
attraction_00147	attraction	p3_ord	p2_fam	p2_fam	attractor	pres	রহিম প্রায়ই তোমাদের সাথে বসে স্কুলে যায়।	রহিম প্রায়ই তোমাদের সাথে বসে স্কুলে যাও।
attraction_00148	attraction	p3_ord	p2_hon	p2_hon	attractor	pres	রহিম প্রতিদিন আপনার কথা ভেবে স্কুলে যায়।	রহিম প্রতিদিন আপনার কথা ভেবে স্কুলে যান।
attraction_00149	attraction	p3_hon	p1	p1	attractor	pres	তিনি প্রতিদিন আমার সঙ্গে স্কুলে যান।	তিনি প্রতিদিন আমার সঙ্গে স্কুলে যাই।
attraction_00150	attraction	p3_hon	p1	p1	attractor	pres	তিনি সাধারণত আমাদের বাড়িতে এসে স্কুলে যান।	তিনি সাধারণত আমাদের বাড়িতে এসে স্কুলে যাই।
attraction_00151	attraction	p3_hon	p1	p1	attractor	pres	তিনি প্রায়ই আমার কথা শুনে স্কুলে যান।	তিনি প্রায়ই আমার কথা শুনে স্কুলে যাই।
attraction_00152	attraction	p3_hon	p2_fam	p2_fam	attractor	pres	তিনি প্রতিদিন তোমার সঙ্গে স্কুলে যান।	তিনি প্রতিদিন তোমার সঙ্গে স্কুলে যাও।
attraction_00153	attraction	p3_hon	p2_fam	p2_fam	attractor	pres	তিনি প্রায়ই তোমাদের সাথে বসে স্কুলে যান।	তিনি প্রায়ই তোমাদের সাথে বসে স্কুলে যাও।
attraction_00154	attraction	p3_hon	p1	p1	attractor	pres	উনি প্রায়ই আমার সঙ্গে স্কুলে যান।	উনি প্রায়ই আমার সঙ্গে স্কুলে যাই।
attraction_00155	attraction	p3_hon	p1	p1	attractor	pres	উনি প্রায়ই আমাদের বাড়িতে এসে স্কুলে যান।	উনি প্রায়ই আমাদের বাড়িতে এসে স্কুলে যাই।
attraction_00156	attraction	p3_hon	p1	p1	attractor	pres	উনি সাধারণত আমার কথা শুনে স্কুলে যান।	উনি সাধারণত আমার কথা শুনে স্কুলে যাই।
attraction_00157	attraction	p3_hon	p2_fam	p2_fam	attractor	pres	উনি প্রায়ই তোমার সঙ্গে স্কুলে যান।	উনি প্রায়ই তোমার সঙ্গে স্কুলে যাও।
attraction_00158	attraction	p3_hon	p2_fam	p2_fam	attractor	pres	উনি সাধারণত তোমাদের সাথে বসে স্কুলে যান।	উনি সাধারণত তোমাদের সাথে বসে স্কুলে যাও।
attraction_00159	attraction	p2_fam	p1	p1	attractor	pres	তুমি সাধারণত আমার সঙ্গে স্কুলে যাও।	তুমি সাধারণত আমার সঙ্গে স্কুলে যাই।
attraction_00160	attraction	p2_fam	p1	p1	attractor	pres	তুমি প্রতিদিন আমাদের বাড়িতে এসে স্কুলে যাও।	তুমি প্রতিদিন আমাদের বাড়িতে এসে স্কুলে যাই।
attraction_00161	attraction	p2_fam	p1	p1	attractor	pres	তুমি প্রতিদিন আমার কথা শুনে স্কুলে যাও।	তুমি প্রতিদিন আমার কথা শুনে স্কুলে যাই।
attraction_00162	attraction	p3_ord	p1	p1	attractor	past	সে গতকাল আমার সঙ্গে স্কুলে গেলো।	সে গতকাল আমার সঙ্গে স্কুলে গেলাম।
attraction_00163	attraction	p3_ord	p1	p1	attractor	past	সে কাল সন্ধ্যায় আমাদের বাড়িতে এসে স্কুলে গেলো।	সে কাল সন্ধ্যায় আমাদের বাড়িতে এসে স্কুলে গেলাম।
attraction_00164	attraction	p3_ord	p1	p1	attractor	past	সে গতকাল আমার কথা শুনে স্কুলে গেলো।	সে গতকাল আমার কথা শুনে স্কুলে গেলাম।
attraction_00165	attraction	p3_ord	p2_fam	p2_fam	attractor	past	সে কাল সন্ধ্যায় তোমার সঙ্গে স্কুলে গেলো।	সে কাল সন্ধ্যায় তোমার সঙ্গে স্কুলে গেলে।
attraction_00166	attraction	p3_ord	p2_fam	p2_fam	attractor	past	সে গতকাল তোমাদের সাথে বসে স্কুলে গেলো।	সে গতকাল তোমাদের সাথে বসে স্কুলে গেলে।
attraction_00167	attraction	p3_ord	p2_hon	p2_hon	attractor	past	সে গত সপ্তাহে আপনার কথা ভেবে স্কুলে গেলো।	সে গত সপ্তাহে আপনার কথা ভেবে স্কুলে গেলেন।
attraction_00168	attraction	p3_ord	p1	p1	attractor	past	ছেলেটি গত সপ্তাহে আমার সঙ্গে স্কুলে গেলো।	ছেলেটি গত সপ্তাহে আমার সঙ্গে স্কুলে গেলাম।
attraction_00169	attraction	p3_ord	p1	p1	attractor	past	ছেলেটি কাল সন্ধ্যায় আমাদের বাড়িতে এসে স্কুলে গেলো।	ছেলেটি কাল সন্ধ্যায় আমাদের বাড়িতে এসে স্কুলে গেলাম।
attraction_00170	attraction	p3_ord	p1	p1	attractor	past	ছেলেটি গতকাল আমার কথা শুনে স্কুলে গেলো।	ছেলেটি গতকাল আমার কথা শুনে স্কুলে গেলাম।
attraction_00171	attraction	p3_ord	p2_fam	p2_fam	attractor	past	ছেলেটি গতকাল তোমার সঙ্গে স্কুলে গেলো।	ছেলেটি গতকাল তোমার সঙ্গে স্কুলে গেলে।
attraction_00172	attraction	p3_ord	p2_fam	p2_fam	attractor	past	ছেলেটি গত সপ্তাহে তোমাদের সাথে বসে স্কুলে গেলো।	ছেলেটি গত সপ্তাহে তোমাদের সাথে বসে স্কুলে গেলে।
attraction_00173	attraction	p3_ord	p2_hon	p2_hon	attractor	past	ছেলেটি গত সপ্তাহে আপনার কথা ভেবে স্কুলে গেলো।	ছেলেটি গত সপ্তাহে আপনার কথা ভেবে স্কুলে গেলেন।
attraction_00174	attraction	p3_ord	p1	p1	attractor	past	মেয়েটি গত সপ্তাহে আমার সঙ্গে স্কুলে গেলো।	মেয়েটি গত সপ্তাহে আমার সঙ্গে স্কুলে গেলাম।
attraction_00175	attraction	p3_ord	p1	p1	attractor	past	মেয়েটি কাল সন্ধ্যায় আমাদের বাড়িতে এসে স্কুলে গেলো।	মেয়েটি কাল সন্ধ্যায় আমাদের বাড়িতে এসে স্কুলে গেলাম।
attraction_00176	attraction	p3_ord	p1	p1	attractor	past	মেয়েটি গতকাল আমার কথা শুনে স্কুলে গেলো।	মেয়েটি গতকাল আমার কথা শুনে স্কুলে গেলাম।
attraction_00177	attraction	p3_ord	p2_fam	p2_fam	attractor	past	মেয়েটি গতকাল তোমার সঙ্গে স্কুলে গেলো।	মেয়েটি গতকাল তোমার সঙ্গে স্কুলে গেলে।
attraction_00178	attraction	p3_ord	p2_fam	p2_fam	attractor	past	মেয়েটি কাল সন্ধ্যায় তোমাদের সাথে বসে স্কুলে গেলো।	মেয়েটি কাল সন্ধ্যায় তোমাদের সাথে বসে স্কুলে গেলে।
attraction_00179	attraction	p3_ord	p2_hon	p2_hon	attractor	past	মেয়েটি কাল সন্ধ্যায় আপনার কথা ভেবে স্কুলে গেলো।	মেয়েটি কাল সন্ধ্যায় আপনার কথা ভেবে স্কুলে গেলেন।
attraction_00180	attraction	p3_ord	p1	p1	attractor	past	আমার বন্ধু গতকাল আমার সঙ্গে স্কুলে গেলো।	আমার বন্ধু গতকাল আমার সঙ্গে স্কুলে গেলাম।
attraction_00181	attraction	p3_ord	p1	p1	attractor	past	আমার বন্ধু কাল সন্ধ্যায় আমাদের বাড়িতে এসে স্কুলে গেলো।	আমার বন্ধু কাল সন্ধ্যায় আমাদের বাড়িতে এসে স্কুলে গেলাম।
attraction_00182	attraction	p3_ord	p1	p1	attractor	past	আমার বন্ধু গতকাল আমার কথা শুনে স্কুলে গেলো।	আমার বন্ধু গতকাল আমার কথা শুনে স্কুলে গেলাম।
attraction_00183	attraction	p3_ord	p2_fam	p2_fam	attractor	past	আমার বন্ধু গত সপ্তাহে তোমার সঙ্গে স্কুলে গেলো।	আমার বন্ধু গত সপ্তাহে তোমার সঙ্গে স্কুলে গেলে।
attraction_00184	attraction	p3_ord	p2_fam	p2_fam	attractor	past	আমার বন্ধু গত সপ্তাহে তোমাদের সাথে বসে স্কুলে গেলো।	আমার বন্ধু গত সপ্তাহে তোমাদের সাথে বসে স্কুলে গেলে।
attraction_00185	attraction	p3_ord	p2_hon	p2_hon	attractor	past	আমার বন্ধু কাল সন্ধ্যায় আপনার কথা ভেবে স্কুলে গেলো।	আমার বন্ধু কাল সন্ধ্যায় আপনার কথা ভেবে স্কুলে গেলেন।
attraction_00186	attraction	p3_ord	p1	p1	attractor	past	রহিম গতকাল আমার সঙ্গে স্কুলে গেলো।	রহিম গতকাল আমার সঙ্গে স্কুলে গেলাম।
attraction_00187	attraction	p3_ord	p1	p1	attractor	past	রহিম গত সপ্তাহে আমাদের বাড়িতে এসে স্কুলে গেলো।	রহিম গত সপ্তাহে আমাদের বাড়িতে এসে স্কুলে গেলাম।
attraction_00188	attraction	p3_ord	p1	p1	attractor	past	রহিম গতকাল আমার কথা শুনে স্কুলে গেলো।	রহিম গতকাল আমার কথা শুনে স্কুলে গেলাম।
attraction_00189	attraction	p3_ord	p2_fam	p2_fam	attractor	past	রহিম গতকাল তোমার সঙ্গে স্কুলে গেলো।	রহিম গতকাল তোমার সঙ্গে স্কুলে গেলে।
attraction_00190	attraction	p3_ord	p2_fam	p2_fam	attractor	past	রহিম কাল সন্ধ্যায় তোমাদের সাথে বসে স্কুলে গেলো।	রহিম কাল সন্ধ্যায় তোমাদের সাথে বসে স্কুলে গেলে।
attraction_00191	attraction	p3_ord	p2_hon	p2_hon	attractor	past	রহিম গত সপ্তাহে আপনার কথা ভেবে স্কুলে গেলো।	রহিম গত সপ্তাহে আপনার কথা ভেবে স্কুলে গেলেন।
attraction_00192	attraction	p3_hon	p1	p1	attractor	past	তিনি কাল সন্ধ্যায় আমার সঙ্গে স্কুলে গেলেন।	তিনি কাল সন্ধ্যায় আমার সঙ্গে স্কুলে গেলাম।
attraction_00193	attraction	p3_hon	p1	p1	attractor	past	তিনি গত সপ্তাহে আমাদের বাড়িতে এসে স্কুলে গেলেন।	তিনি গত সপ্তাহে আমাদের বাড়িতে এসে স্কুলে গেলাম।
attraction_00194	attraction	p3_hon	p1	p1	attractor	past	তিনি গত সপ্তাহে আমার কথা শুনে স্কুলে গেলেন।	তিনি গত সপ্তাহে আমার কথা শুনে স্কুলে গেলাম।
attraction_00195	attraction	p3_hon	p2_fam	p2_fam	attractor	past	তিনি কাল সন্ধ্যায় তোমার সঙ্গে স্কুলে গেলেন।	তিনি কাল সন্ধ্যায় তোমার সঙ্গে স্কুলে গেলে।
attraction_00196	attraction	p3_hon	p2_fam	p2_fam	attractor	past	তিনি গত সপ্তাহে তোমাদের সাথে বসে স্কুলে গেলেন।	তিনি গত সপ্তাহে তোমাদের সাথে বসে স্কুলে গেলে।
attraction_00197	attraction	p3_hon	p1	p1	attractor	past	উনি গত সপ্তাহে আমার সঙ্গে স্কুলে গেলেন।	উনি গত সপ্তাহে আমার সঙ্গে স্কুলে গেলাম।
attraction_00198	attraction	p3_hon	p1	p1	attractor	past	উনি গতকাল আমাদের বাড়িতে এসে স্কুলে গেলেন।	উনি গতকাল আমাদের বাড়িতে এসে স্কুলে গেলাম।
attraction_00199	attraction	p3_hon	p1	p1	attractor	past	উনি গত সপ্তাহে আমার কথা শুনে স্কুলে গেলেন।	উনি গত সপ্তাহে আমার কথা শুনে স্কুলে গেলাম।
attraction_00200	attraction	p3_hon	p2_fam	p2_fam	attractor	past	উনি গতকাল তোমার সঙ্গে স্কুলে গেলেন।	উনি গতকাল তোমার সঙ্গে স্কুলে গেলে।
attraction_00201	attraction	p3_hon	p2_fam	p2_fam	attractor	past	উনি গত সপ্তাহে তোমাদের সাথে বসে স্কুলে গেলেন।	উনি গত সপ্তাহে তোমাদের সাথে বসে স্কুলে গেলে।
attraction_00202	attraction	p2_fam	p1	p1	attractor	past	তুমি গত সপ্তাহে আমার সঙ্গে স্কুলে গেলে।	তুমি গত সপ্তাহে আমার সঙ্গে স্কুলে গেলাম।
attraction_00203	attraction	p2_fam	p1	p1	attractor	past	তুমি গত সপ্তাহে আমাদের বাড়িতে এসে স্কুলে গেলে।	তুমি গত সপ্তাহে আমাদের বাড়িতে এসে স্কুলে গেলাম।
attraction_00204	attraction	p2_fam	p1	p1	attractor	past	তুমি গতকাল আমার কথা শুনে স্কুলে গেলে।	তুমি গতকাল আমার কথা শুনে স্কুলে গেলাম।
attraction_00205	attraction	p3_ord	p1	p1	attractor	fut	সে আগামী সপ্তাহে আমার সঙ্গে স্কুলে যাবে।	সে আগামী সপ্তাহে আমার সঙ্গে স্কুলে যাব।
attraction_00206	attraction	p3_ord	p1	p1	attractor	fut	সে আগামী সপ্তাহে আমাদের বাড়িতে এসে স্কুলে যাবে।	সে আগামী সপ্তাহে আমাদের বাড়িতে এসে স্কুলে যাব।
attraction_00207	attraction	p3_ord	p1	p1	attractor	fut	সে আগামীকাল আমার কথা শুনে স্কুলে যাবে।	সে আগামীকাল আমার কথা শুনে স্কুলে যাব।
attraction_00208	attraction	p3_ord	p2_hon	p2_hon	attractor	fut	সে কিছুদিন পরে আপনার কথা ভেবে স্কুলে যাবে।	সে কিছুদিন পরে আপনার কথা ভেবে স্কুলে যাবেন।
attraction_00209	attraction	p3_ord	p1	p1	attractor	fut	ছেলেটি কিছুদিন পরে আমার সঙ্গে স্কুলে যাবে।	ছেলেটি কিছুদিন পরে আমার সঙ্গে স্কুলে যাব।
attraction_00210	attraction	p3_ord	p1	p1	attractor	fut	ছেলেটি আগামীকাল আমাদের বাড়িতে এসে স্কুলে যাবে।	ছেলেটি আগামীকাল আমাদের বাড়িতে এসে স্কুলে যাব।
attraction_00211	attraction	p3_ord	p1	p1	attractor	fut	ছেলেটি কিছুদিন পরে আমার কথা শুনে স্কুলে যাবে।	ছেলেটি কিছুদিন পরে আমার কথা শুনে স্কুলে যাব।
attraction_00212	attraction	p3_ord	p2_hon	p2_hon	attractor	fut	ছেলেটি আগামী সপ্তাহে আপনার কথা ভেবে স্কুলে যাবে।	ছেলেটি আগামী সপ্তাহে আপনার কথা ভেবে স্কুলে যাবেন।
attraction_00213	attraction	p3_ord	p1	p1	attractor	fut	মেয়েটি আগামীকাল আমার সঙ্গে স্কুলে যাবে।	মেয়েটি আগামীকাল আমার সঙ্গে স্কুলে যাব।
attraction_00214	attraction	p3_ord	p1	p1	attractor	fut	মেয়েটি আগামী সপ্তাহে আমাদের বাড়িতে এসে স্কুলে যাবে।	মেয়েটি আগামী সপ্তাহে আমাদের বাড়িতে এসে স্কুলে যাব।
attraction_00215	attraction	p3_ord	p1	p1	attractor	fut	মেয়েটি কিছুদিন পরে আমার কথা শুনে স্কুলে যাবে।	মেয়েটি কিছুদিন পরে আমার কথা শুনে স্কুলে যাব।
attraction_00216	attraction	p3_ord	p2_hon	p2_hon	attractor	fut	মেয়েটি আগামী সপ্তাহে আপনার কথা ভেবে স্কুলে যাবে।	মেয়েটি আগামী সপ্তাহে আপনার কথা ভেবে স্কুলে যাবেন।
attraction_00217	attraction	p3_ord	p1	p1	attractor	fut	আমার বন্ধু আগামী সপ্তাহে আমার সঙ্গে স্কুলে যাবে।	আমার বন্ধু আগামী সপ্তাহে আমার সঙ্গে স্কুলে যাব।
attraction_00218	attraction	p3_ord	p1	p1	attractor	fut	আমার বন্ধু আগামী সপ্তাহে আমাদের বাড়িতে এসে স্কুলে যাবে।	আমার বন্ধু আগামী সপ্তাহে আমাদের বাড়িতে এসে স্কুলে যাব।
attraction_00219	attraction	p3_ord	p1	p1	attractor	fut	আমার বন্ধু কিছুদিন পরে আমার কথা শুনে স্কুলে যাবে।	আমার বন্ধু কিছুদিন পরে আমার কথা শুনে স্কুলে যাব।
attraction_00220	attraction	p3_ord	p2_hon	p2_hon	attractor	fut	আমার বন্ধু কিছুদিন পরে আপনার কথা ভেবে স্কুলে যাবে।	আমার বন্ধু কিছুদিন পরে আপনার কথা ভেবে স্কুলে যাবেন।
attraction_00221	attraction	p3_ord	p1	p1	attractor	fut	রহিম আগামী সপ্তাহে আমার সঙ্গে স্কুলে যাবে।	রহিম আগামী সপ্তাহে আমার সঙ্গে স্কুলে যাব।
attraction_00222	attraction	p3_ord	p1	p1	attractor	fut	রহিম আগামী সপ্তাহে আমাদের বাড়িতে এসে স্কুলে যাবে।	রহিম আগামী সপ্তাহে আমাদের বাড়িতে এসে স্কুলে যাব।
attraction_00223	attraction	p3_ord	p1	p1	attractor	fut	রহিম কিছুদিন পরে আমার কথা শুনে স্কুলে যাবে।	রহিম কিছুদিন পরে আমার কথা শুনে স্কুলে যাব।
attraction_00224	attraction	p3_ord	p2_hon	p2_hon	attractor	fut	রহিম আগামী সপ্তাহে আপনার কথা ভেবে স্কুলে যাবে।	রহিম আগামী সপ্তাহে আপনার কথা ভেবে স্কুলে যাবেন।
attraction_00225	attraction	p3_hon	p1	p1	attractor	fut	তিনি কিছুদিন পরে আমার সঙ্গে স্কুলে যাবেন।	তিনি কিছুদিন পরে আমার সঙ্গে স্কুলে যাব।
attraction_00226	attraction	p3_hon	p1	p1	attractor	fut	তিনি আগামী সপ্তাহে আমাদের বাড়িতে এসে স্কুলে যাবেন।	তিনি আগামী সপ্তাহে আমাদের বাড়িতে এসে স্কুলে যাব।
attraction_00227	attraction	p3_hon	p1	p1	attractor	fut	তিনি আগামী সপ্তাহে আমার কথা শুনে স্কুলে যাবেন।	তিনি আগামী সপ্তাহে আমার কথা শুনে স্কুলে যাব।
attraction_00228	attraction	p3_hon	p2_fam	p2_fam	attractor	fut	তিনি আগামীকাল তোমার সঙ্গে স্কুলে যাবেন।	তিনি আগামীকাল তোমার সঙ্গে স্কুলে যাবে।
attraction_00229	attraction	p3_hon	p2_fam	p2_fam	attractor	fut	তিনি আগামী সপ্তাহে তোমাদের সাথে বসে স্কুলে যাবেন।	তিনি আগামী সপ্তাহে তোমাদের সাথে বসে স্কুলে যাবে।
attraction_00230	attraction	p3_hon	p1	p1	attractor	fut	উনি কিছুদিন পরে আমার সঙ্গে স্কুলে যাবেন।	উনি কিছুদিন পরে আমার সঙ্গে স্কুলে যাব।
attraction_00231	attraction	p3_hon	p1	p1	attractor	fut	উনি আগামীকাল আমাদের বাড়িতে এসে স্কুলে যাবেন।	উনি আগামীকাল আমাদের বাড়িতে এসে স্কুলে যাব।
attraction_00232	attraction	p3_hon	p1	p1	attractor	fut	উনি কিছুদিন পরে আমার কথা শুনে স্কুলে যাবেন।	উনি কিছুদিন পরে আমার কথা শুনে স্কুলে যাব।
attraction_00233	attraction	p3_hon	p2_fam	p2_fam	attractor	fut	উনি আগামী সপ্তাহে তোমার সঙ্গে স্কুলে যাবেন।	উনি আগামী সপ্তাহে তোমার সঙ্গে স্কুলে যাবে।
attraction_00234	attraction	p3_hon	p2_fam	p2_fam	attractor	fut	উনি কিছুদিন পরে তোমাদের সাথে বসে স্কুলে যাবেন।	উনি কিছুদিন পরে তোমাদের সাথে বসে স্কুলে যাবে।
attraction_00235	attraction	p2_fam	p1	p1	attractor	fut	তুমি আগামী সপ্তাহে আমার সঙ্গে স্কুলে যাবে।	তুমি আগামী সপ্তাহে আমার সঙ্গে স্কুলে যাব।
attraction_00236	attraction	p2_fam	p1	p1	attractor	fut	তুমি কিছুদিন পরে আমাদের বাড়িতে এসে স্কুলে যাবে।	তুমি কিছুদিন পরে আমাদের বাড়িতে এসে স্কুলে যাব।
attraction_00237	attraction	p2_fam	p1	p1	attractor	fut	তুমি আগামী সপ্তাহে আমার কথা শুনে স্কুলে যাবে।	তুমি আগামী সপ্তাহে আমার কথা শুনে স্কুলে যাব।
attraction_00238	attraction	p3_ord	p1	p1	attractor	pres	সে প্রতিদিন আমার সঙ্গে ভাত খায়।	সে প্রতিদিন আমার সঙ্গে ভাত খাই।
attraction_00239	attraction	p3_ord	p1	p1	attractor	pres	সে প্রায়ই আমাদের বাড়িতে এসে ভাত খায়।	সে প্রায়ই আমাদের বাড়িতে এসে ভাত খাই।
attraction_00240	attraction	p3_ord	p1	p1	attractor	pres	সে প্রতিদিন আমার কথা শুনে ভাত খায়।	সে প্রতিদিন আমার কথা শুনে ভাত খাই।
attraction_00241	attraction	p3_ord	p2_fam	p2_fam	attractor	pres	সে প্রায়ই তোমার সঙ্গে ভাত খায়।	সে প্রায়ই তোমার সঙ্গে ভাত খাও।
attraction_00242	attraction	p3_ord	p2_fam	p2_fam	attractor	pres	সে প্রতিদিন তোমাদের সাথে বসে ভাত খায়।	সে প্রতিদিন তোমাদের সাথে বসে ভাত খাও।
attraction_00243	attraction	p3_ord	p2_hon	p2_hon	attractor	pres	সে প্রায়ই আপনার কথা ভেবে ভাত খায়।	সে প্রায়ই আপনার কথা ভেবে ভাত খান।
attraction_00244	attraction	p3_ord	p1	p1	attractor	pres	ছেলেটি প্রতিদিন আমার সঙ্গে ভাত খায়।	ছেলেটি প্রতিদিন আমার সঙ্গে ভাত খাই।
attraction_00245	attraction	p3_ord	p1	p1	attractor	pres	ছেলেটি সাধারণত আমাদের বাড়িতে এসে ভাত খায়।	ছেলেটি সাধারণত আমাদের বাড়িতে এসে ভাত খাই।
attraction_00246	attraction	p3_ord	p1	p1	attractor	pres	ছেলেটি প্রতিদিন আমার কথা শুনে ভাত খায়।	ছেলেটি প্রতিদিন আমার কথা শুনে ভাত খাই।
attraction_00247	attraction	p3_ord	p2_fam	p2_fam	attractor	pres	ছেলেটি সাধারণত তোমার সঙ্গে ভাত খায়।	ছেলেটি সাধারণত তোমার সঙ্গে ভাত খাও।
attraction_00248	attraction	p3_ord	p2_fam	p2_fam	attractor	pres	ছেলেটি প্রতিদিন তোমাদের সাথে বসে ভাত খায়।	ছেলেটি প্রতিদিন তোমাদের সাথে বসে ভাত খাও।
attraction_00249	attraction	p3_ord	p2_hon	p2_hon	attractor	pres	ছেলেটি প্রতিদিন আপনার কথা ভেবে ভাত খায়।	ছেলেটি প্রতিদিন আপনার কথা ভেবে ভাত খান।
attraction_00250	attraction	p3_ord	p1	p1	attractor	pres	মেয়েটি প্রতিদিন আমার সঙ্গে ভাত খায়।	মেয়েটি প্রতিদিন আমার সঙ্গে ভাত খাই।
attraction_00251	attraction	p3_ord	p1	p1	attractor	pres	মেয়েটি প্রতিদিন আমাদের বাড়িতে এসে ভাত খায়।	মেয়েটি প্রতিদিন আমাদের বাড়িতে এসে ভাত খাই।
attraction_00252	attraction	p3_ord	p1	p1	attractor	pres	মেয়েটি সাধারণত আমার কথা শুনে ভাত খায়।	মেয়েটি সাধারণত আমার কথা শুনে ভাত খাই।
attraction_00253	attraction	p3_ord	p2_fam	p2_fam	attractor	pres	মেয়েটি প্রতিদিন তোমার সঙ্গে ভাত খায়।	মেয়েটি প্রতিদিন তোমার সঙ্গে ভাত খাও।
attraction_00254	attraction	p3_ord	p2_fam	p2_fam	attractor	pres	মেয়েটি প্রায়ই তোমাদের সাথে বসে ভাত খায়।	মেয়েটি প্রায়ই তোমাদের সাথে বসে ভাত খাও।
attraction_00255	attraction	p3_ord	p2_hon	p2_hon	attractor	pres	মেয়েটি প্রতিদিন আপনার কথা ভেবে ভাত খায়।	মেয়েটি প্রতিদিন আপনার কথা ভেবে ভাত খান।
attraction_00256	attraction	p3_ord	p1	p1	attractor	pres	আমার বন্ধু প্রায়ই আমার সঙ্গে ভাত খায়।	আমার বন্ধু প্রায়ই আমার সঙ্গে ভাত খাই।
attraction_00257	attraction	p3_ord	p1	p1	attractor	pres	আমার বন্ধু প্রতিদিন আমাদের বাড়িতে এসে ভাত খায়।	আমার বন্ধু প্রতিদিন আমাদের বাড়িতে এসে ভাত খাই।
attraction_00258	attraction	p3_ord	p1	p1	attractor	pres	আমার বন্ধু প্রতিদিন আমার কথা শুনে ভাত খায়।	আমার বন্ধু প্রতিদিন আমার কথা শুনে ভাত খাই।
attraction_00259	attraction	p3_ord	p2_fam	p2_fam	attractor	pres	আমার বন্ধু প্রতিদিন তোমার সঙ্গে ভাত খায়।	আমার বন্ধু প্রতিদিন তোমার সঙ্গে ভাত খাও।
attraction_00260	attraction	p3_ord	p2_fam	p2_fam	attractor	pres	আমার বন্ধু প্রায়ই তোমাদের সাথে বসে ভাত খায়।	আমার বন্ধু প্রায়ই তোমাদের সাথে বসে ভাত খাও।
attraction_00261	attraction	p3_ord	p2_hon	p2_hon	attractor	pres	আমার বন্ধু সাধারণত আপনার কথা ভেবে ভাত খায়।	আমার বন্ধু সাধারণত আপনার কথা ভেবে ভাত খান।
attraction_00262	attraction	p3_ord	p1	p1	attractor	pres	রহিম প্রায়ই আমার সঙ্গে ভাত খায়।	রহিম প্রায়ই আমার সঙ্গে ভাত খাই।
attraction_00263	attraction	p3_ord	p1	p1	attractor	pres	রহিম সাধারণত আমাদের বাড়িতে এসে ভাত খায়।	রহিম সাধারণত আমাদের বাড়িতে এসে ভাত খাই।
attraction_00264	attraction	p3_ord	p1	p1	attractor	pres	রহিম প্রায়ই আমার কথা শুনে ভাত খায়।	রহিম প্রায়ই আমার কথা শুনে ভাত খাই।
attraction_00265	attraction	p3_ord	p2_fam	p2_fam	attractor	pres	রহিম সাধারণত তোমার সঙ্গে ভাত খায়।	রহিম সাধারণত তোমার সঙ্গে ভাত খাও।
attraction_00266	attraction	p3_ord	p2_fam	p2_fam	attractor	pres	রহিম প্রায়ই তোমাদের সাথে বসে ভাত খায়।	রহিম প্রায়ই তোমাদের সাথে বসে ভাত খাও।
attraction_00267	attraction	p3_ord	p2_hon	p2_hon	attractor	pres	রহিম সাধারণত আপনার কথা ভেবে ভাত খায়।	রহিম সাধারণত আপনার কথা ভেবে ভাত খান।
attraction_00268	attraction	p3_hon	p1	p1	attractor	pres	তিনি প্রায়ই আমার সঙ্গে ভাত খান।	তিনি প্রায়ই আমার সঙ্গে ভাত খাই।
attraction_00269	attraction	p3_hon	p1	p1	attractor	pres	তিনি সাধারণত আমাদের বাড়িতে এসে ভাত খান।	তিনি সাধারণত আমাদের বাড়িতে এসে ভাত খাই।
attraction_00270	attraction	p3_hon	p1	p1	attractor	pres	তিনি সাধারণত আমার কথা শুনে ভাত খান।	তিনি সাধারণত আমার কথা শুনে ভাত খাই।
attraction_00271	attraction	p3_hon	p2_fam	p2_fam	attractor	pres	তিনি প্রায়ই তোমার সঙ্গে ভাত খান।	তিনি প্রায়ই তোমার সঙ্গে ভাত খাও।
attraction_00272	attraction	p3_hon	p2_fam	p2_fam	attractor	pres	তিনি প্রতিদিন তোমাদের সাথে বসে ভাত খান।	তিনি প্রতিদিন তোমাদের সাথে বসে ভাত খাও।
attraction_00273	attraction	p3_hon	p1	p1	attractor	pres	উনি প্রায়ই আমার সঙ্গে ভাত খান।	উনি প্রায়ই আমার সঙ্গে ভাত খাই।
attraction_00274	attraction	p3_hon	p1	p1	attractor	pres	উনি প্রায়ই আমাদের বাড়িতে এসে ভাত খান।	উনি প্রায়ই আমাদের বাড়িতে এসে ভাত খাই।
attraction_00275	attraction	p3_hon	p1	p1	attractor	pres	উনি সাধারণত আমার কথা শুনে ভাত খান।	উনি সাধারণত আমার কথা শুনে ভাত খাই।
attraction_00276	attraction	p3_hon	p2_fam	p2_fam	attractor	pres	উনি প্রতিদিন তোমার সঙ্গে ভাত খান।	উনি প্রতিদিন তোমার সঙ্গে ভাত খাও।
attraction_00277	attraction	p3_hon	p2_fam	p2_fam	attractor	pres	উনি সাধারণত তোমাদের সাথে বসে ভাত খান।	উনি সাধারণত তোমাদের সাথে বসে ভাত খাও।
attraction_00278	attraction	p2_fam	p1	p1	attractor	pres	তুমি সাধারণত আমার সঙ্গে ভাত খাও।	তুমি সাধারণত আমার সঙ্গে ভাত খাই।
attraction_00279	attraction	p2_fam	p1	p1	attractor	pres	তুমি প্রতিদিন আমাদের বাড়িতে এসে ভাত খাও।	তুমি প্রতিদিন আমাদের বাড়িতে এসে ভাত খাই।
attraction_00280	attraction	p2_fam	p1	p1	attractor	pres	তুমি প্রতিদিন আমার কথা শুনে ভাত খাও।	তুমি প্রতিদিন আমার কথা শুনে ভাত খাই।
attraction_00281	attraction	p3_ord	p1	p1	attractor	past	সে গতকাল আমার সঙ্গে ভাত খেলো।	সে গতকাল আমার সঙ্গে ভাত খেলাম।
attraction_00282	attraction	p3_ord	p1	p1	attractor	past	সে গতকাল আমাদের বাড়িতে এসে ভাত খেলো।	সে গতকাল আমাদের বাড়িতে এসে ভাত খেলাম।
attraction_00283	attraction	p3_ord	p1	p1	attractor	past	সে গতকাল আমার কথা শুনে ভাত খেলো।	সে গতকাল আমার কথা শুনে ভাত খেলাম।
attraction_00284	attraction	p3_ord	p2_fam	p2_fam	attractor	past	সে কাল সন্ধ্যায় তোমার সঙ্গে ভাত খেলো।	সে কাল সন্ধ্যায় তোমার সঙ্গে ভাত খেলে।
attraction_00285	attraction	p3_ord	p2_fam	p2_fam	attractor	past	সে কাল সন্ধ্যায় তোমাদের সাথে বসে ভাত খেলো।	সে কাল সন্ধ্যায় তোমাদের সাথে বসে ভাত খেলে।
attraction_00286	attraction	p3_ord	p2_hon	p2_hon	attractor	past	সে গত সপ্তাহে আপনার কথা ভেবে ভাত খেলো।	সে গত সপ্তাহে আপনার কথা ভেবে ভাত খেলেন।
attraction_00287	attraction	p3_ord	p1	p1	attractor	past	ছেলেটি কাল সন্ধ্যায় আমার সঙ্গে ভাত খেলো।	ছেলেটি কাল সন্ধ্যায় আমার সঙ্গে ভাত খেলাম।
attraction_00288	attraction	p3_ord	p1	p1	attractor	past	ছেলেটি গত সপ্তাহে আমাদের বাড়িতে এসে ভাত খেলো।	ছেলেটি গত সপ্তাহে আমাদের বাড়িতে এসে ভাত খেলাম।
attraction_00289	attraction	p3_ord	p1	p1	attractor	past	ছেলেটি গত সপ্তাহে আমার কথা শুনে ভাত খেলো।	ছেলেটি গত সপ্তাহে আমার কথা শুনে ভাত খেলাম।
attraction_00290	attraction	p3_ord	p2_fam	p2_fam	attractor	past	ছেলেটি কাল সন্ধ্যায় তোমার সঙ্গে ভাত খেলো।	ছেলেটি কাল সন্ধ্যায় তোমার সঙ্গে ভাত খেলে।
attraction_00291	attraction	p3_ord	p2_fam	p2_fam	attractor	past	ছেলেটি গতকাল তোমাদের সাথে বসে ভাত খেলো।	ছেলেটি গতকাল তোমাদের সাথে বসে ভাত খেলে।
attraction_00292	attraction	p3_ord	p2_hon	p2_hon	attractor	past	ছেলেটি কাল সন্ধ্যায় আপনার কথা ভেবে ভাত খেলো।	ছেলেটি কাল সন্ধ্যায় আপনার কথা ভেবে ভাত খেলেন।
attraction_00293	attraction	p3_ord	p1	p1	attractor	past	মেয়েটি গতকাল আমার সঙ্গে ভাত খেলো।	মেয়েটি গতকাল আমার সঙ্গে ভাত খেলাম।
attraction_00294	attraction	p3_ord	p1	p1	attractor	past	মেয়েটি গতকাল আমাদের বাড়িতে এসে ভাত খেলো।	মেয়েটি গতকাল আমাদের বাড়িতে এসে ভাত খেলাম।
attraction_00295	attraction	p3_ord	p1	p1	attractor	past	মেয়েটি কাল সন্ধ্যায় আমার কথা শুনে ভাত খেলো।	মেয়েটি কাল সন্ধ্যায় আমার কথা শুনে ভাত খেলাম।
attraction_00296	attraction	p3_ord	p2_fam	p2_fam	attractor	past	মেয়েটি কাল সন্ধ্যায় তোমার সঙ্গে ভাত খেলো।	মেয়েটি কাল সন্ধ্যায় তোমার সঙ্গে ভাত খেলে।
attraction_00297	attraction	p3_ord	p2_fam	p2_fam	attractor	past	মেয়েটি গতকাল তোমাদের সাথে বসে ভাত খেলো।	মেয়েটি গতকাল তোমাদের সাথে বসে ভাত খেলে।
attraction_00298	attraction	p3_ord	p2_hon	p2_hon	attractor	past	মেয়েটি গতকাল আপনার কথা ভেবে ভাত খেলো।	মেয়েটি গতকাল আপনার কথা ভেবে ভাত খেলেন।
attraction_00299	attraction	p3_ord	p1	p1	attractor	past	আমার বন্ধু কাল সন্ধ্যায় আমার সঙ্গে ভাত খেলো।	আমার বন্ধু কাল সন্ধ্যায় আমার সঙ্গে ভাত খেলাম।
attraction_00300	attraction	p3_ord	p1	p1	attractor	past	আমার বন্ধু গতকাল আমাদের বাড়িতে এসে ভাত খেলো।	আমার বন্ধু গতকাল আমাদের বাড়িতে এসে ভাত খেলাম।
attraction_00301	attraction	p3_ord	p1	p1	attractor	past	আমার বন্ধু গতকাল আমার কথা শুনে ভাত খেলো।	আমার বন্ধু গতকাল আমার কথা শুনে ভাত খেলাম।
attraction_00302	attraction	p3_ord	p2_fam	p2_fam	attractor	past	আমার বন্ধু কাল সন্ধ্যায় তোমার সঙ্গে ভাত খেলো।	আমার বন্ধু কাল সন্ধ্যায় তোমার সঙ্গে ভাত খেলে।
attraction_00303	attraction	p3_ord	p2_fam	p2_fam	attractor	past	আমার বন্ধু গত সপ্তাহে তোমাদের সাথে বসে ভাত খেলো।	আমার বন্ধু গত সপ্তাহে তোমাদের সাথে বসে ভাত খেলে।
attraction_00304	attraction	p3_ord	p2_hon	p2_hon	attractor	past	আমার বন্ধু কাল সন্ধ্যায় আপনার কথা ভেবে ভাত খেলো।	আমার বন্ধু কাল সন্ধ্যায় আপনার কথা ভেবে ভাত খেলেন।
attraction_00305	attraction	p3_ord	p1	p1	attractor	past	রহিম গত সপ্তাহে আমার সঙ্গে ভাত খেলো।	রহিম গত সপ্তাহে আমার সঙ্গে ভাত খেলাম।
attraction_00306	attraction	p3_ord	p1	p1	attractor	past	রহিম গত সপ্তাহে আমাদের বাড়িতে এসে ভাত খেলো।	রহিম গত সপ্তাহে আমাদের বাড়িতে এসে ভাত খেলাম।
attraction_00307	attraction	p3_ord	p1	p1	attractor	past	রহিম কাল সন্ধ্যায় আমার কথা শুনে ভাত খেলো।	রহিম কাল সন্ধ্যায় আমার কথা শুনে ভাত খেলাম।
attraction_00308	attraction	p3_ord	p2_fam	p2_fam	attractor	past	রহিম গতকাল তোমার সঙ্গে ভাত খেলো।	রহিম গতকাল তোমার সঙ্গে ভাত খেলে।
attraction_00309	attraction	p3_ord	p2_fam	p2_fam	attractor	past	রহিম গতকাল তোমাদের সাথে বসে ভাত খেলো।	রহিম গতকাল তোমাদের সাথে বসে ভাত খেলে।
attraction_00310	attraction	p3_ord	p2_hon	p2_hon	attractor	past	রহিম গত সপ্তাহে আপনার কথা ভেবে ভাত খেলো।	রহিম গত সপ্তাহে আপনার কথা ভেবে ভাত খেলেন।
attraction_00311	attraction	p3_hon	p1	p1	attractor	past	তিনি কাল সন্ধ্যায় আমার সঙ্গে ভাত খেলেন।	তিনি কাল সন্ধ্যায় আমার সঙ্গে ভাত খেলাম।
attraction_00312	attraction	p3_hon	p1	p1	attractor	past	তিনি গতকাল আমাদের বাড়িতে এসে ভাত খেলেন।	তিনি গতকাল আমাদের বাড়িতে এসে ভাত খেলাম।
attraction_00313	attraction	p3_hon	p1	p1	attractor	past	তিনি গতকাল আমার কথা শুনে ভাত খেলেন।	তিনি গতকাল আমার কথা শুনে ভাত খেলাম।
attraction_00314	attraction	p3_hon	p2_fam	p2_fam	attractor	past	তিনি গতকাল তোমার সঙ্গে ভাত খেলেন।	তিনি গতকাল তোমার সঙ্গে ভাত খেলে।
attraction_00315	attraction	p3_hon	p2_fam	p2_fam	attractor	past	তিনি গতকাল তোমাদের সাথে বসে ভাত খেলেন।	তিনি গতকাল তোমাদের সাথে বসে ভাত খেলে।
attraction_00316	attraction	p3_hon	p1	p1	attractor	past	উনি গত সপ্তাহে আমার সঙ্গে ভাত খেলেন।	উনি গত সপ্তাহে আমার সঙ্গে ভাত খেলাম।
attraction_00317	attraction	p3_hon	p1	p1	attractor	past	উনি কাল সন্ধ্যায় আমাদের বাড়িতে এসে ভাত খেলেন।	উনি কাল সন্ধ্যায় আমাদের বাড়িতে এসে ভাত খেলাম।
attraction_00318	attraction	p3_hon	p1	p1	attractor	past	উনি কাল সন্ধ্যায় আমার কথা শুনে ভাত খেলেন।	উনি কাল সন্ধ্যায় আমার কথা শুনে ভাত খেলাম।
attraction_00319	attraction	p3_hon	p2_fam	p2_fam	attractor	past	উনি কাল সন্ধ্যায় তোমার সঙ্গে ভাত খেলেন।	উনি কাল সন্ধ্যায় তোমার সঙ্গে ভাত খেলে।
attraction_00320	attraction	p3_hon	p2_fam	p2_fam	attractor	past	উনি গতকাল তোমাদের সাথে বসে ভাত খেলেন।	উনি গতকাল তোমাদের সাথে বসে ভাত খেলে।
attraction_00321	attraction	p2_fam	p1	p1	attractor	past	তুমি গতকাল আমার সঙ্গে ভাত খেলে।	তুমি গতকাল আমার সঙ্গে ভাত খেলাম।
attraction_00322	attraction	p2_fam	p1	p1	attractor	past	তুমি গত সপ্তাহে আমাদের বাড়িতে এসে ভাত খেলে।	তুমি গত সপ্তাহে আমাদের বাড়িতে এসে ভাত খেলাম।
attraction_00323	attraction	p2_fam	p1	p1	attractor	past	তুমি গতকাল আমার কথা শুনে ভাত খেলে।	তুমি গতকাল আমার কথা শুনে ভাত খেলাম।
attraction_00324	attraction	p3_ord	p1	p1	attractor	fut	সে আগামী সপ্তাহে আমার সঙ্গে ভাত খাবে।	সে আগামী সপ্তাহে আমার সঙ্গে ভাত খাব।
attraction_00325	attraction	p3_ord	p1	p1	attractor	fut	সে কিছুদিন পরে আমাদের বাড়িতে এসে ভাত খাবে।	সে কিছুদিন পরে আমাদের বাড়িতে এসে ভাত খাব।
attraction_00326	attraction	p3_ord	p1	p1	attractor	fut	সে আগামী সপ্তাহে আমার কথা শুনে ভাত খাবে।	সে আগামী সপ্তাহে আমার কথা শুনে ভাত খাব।
attraction_00327	attraction	p3_ord	p2_hon	p2_hon	attractor	fut	সে কিছুদিন পরে আপনার কথা ভেবে ভাত খাবে।	সে কিছুদিন পরে আপনার কথা ভেবে ভাত খাবেন।
attraction_00328	attraction	p3_ord	p1	p1	attractor	fut	ছেলেটি আগামীকাল আমার সঙ্গে ভাত খাবে।	ছেলেটি আগামীকাল আমার সঙ্গে ভাত খাব।
attraction_00329	attraction	p3_ord	p1	p1	attractor	fut	ছেলেটি আগামী সপ্তাহে আমাদের বাড়িতে এসে ভাত খাবে।	ছেলেটি আগামী সপ্তাহে আমাদের বাড়িতে এসে ভাত খাব।
attraction_00330	attraction	p3_ord	p1	p1	attractor	fut	ছেলেটি আগামী সপ্তাহে আমার কথা শুনে ভাত খাবে।	ছেলেটি আগামী সপ্তাহে আমার কথা শুনে ভাত খাব।
attraction_00331	attraction	p3_ord	p2_hon	p2_hon	attractor	fut	ছেলেটি আগামী সপ্তাহে আপনার কথা ভেবে ভাত খাবে।	ছেলেটি আগামী সপ্তাহে আপনার কথা ভেবে ভাত খাবেন।
attraction_00332	attraction	p3_ord	p1	p1	attractor	fut	মেয়েটি আগামী সপ্তাহে আমার সঙ্গে ভাত খাবে।	মেয়েটি আগামী সপ্তাহে আমার সঙ্গে ভাত খাব।
attraction_00333	attraction	p3_ord	p1	p1	attractor	fut	মেয়েটি কিছুদিন পরে আমাদের বাড়িতে এসে ভাত খাবে।	মেয়েটি কিছুদিন পরে আমাদের বাড়িতে এসে ভাত খাব।
attraction_00334	attraction	p3_ord	p1	p1	attractor	fut	মেয়েটি আগামী সপ্তাহে আমার কথা শুনে ভাত খাবে।	মেয়েটি আগামী সপ্তাহে আমার কথা শুনে ভাত খাব।
attraction_00335	attraction	p3_ord	p2_hon	p2_hon	attractor	fut	মেয়েটি আগামীকাল আপনার কথা ভেবে ভাত খাবে।	মেয়েটি আগামীকাল আপনার কথা ভেবে ভাত খাবেন।
attraction_00336	attraction	p3_ord	p1	p1	attractor	fut	আমার বন্ধু কিছুদিন পরে আমার সঙ্গে ভাত খাবে।	আমার বন্ধু কিছুদিন পরে আমার সঙ্গে ভাত খাব।
attraction_00337	attraction	p3_ord	p1	p1	attractor	fut	আমার বন্ধু কিছুদিন পরে আমাদের বাড়িতে এসে ভাত খাবে।	আমার বন্ধু কিছুদিন পরে আমাদের বাড়িতে এসে ভাত খাব।
attraction_00338	attraction	p3_ord	p1	p1	attractor	fut	আমার বন্ধু আগামী সপ্তাহে আমার কথা শুনে ভাত খাবে।	আমার বন্ধু আগামী সপ্তাহে আমার কথা শুনে ভাত খাব।
attraction_00339	attraction	p3_ord	p2_hon	p2_hon	attractor	fut	আমার বন্ধু আগামীকাল আপনার কথা ভেবে ভাত খাবে।	আমার বন্ধু আগামীকাল আপনার কথা ভেবে ভাত খাবেন।
attraction_00340	attraction	p3_ord	p1	p1	attractor	fut	রহিম আগামী সপ্তাহে আমার সঙ্গে ভাত খাবে।	রহিম আগামী সপ্তাহে আমার সঙ্গে ভাত খাব।
attraction_00341	attraction	p3_ord	p1	p1	attractor	fut	রহিম আগামী সপ্তাহে আমাদের বাড়িতে এসে ভাত খাবে।	রহিম আগামী সপ্তাহে আমাদের বাড়িতে এসে ভাত খাব।
attraction_00342	attraction	p3_ord	p1	p1	attractor	fut	রহিম আগামী সপ্তাহে আমার কথা শুনে ভাত খাবে।	রহিম আগামী সপ্তাহে আমার কথা শুনে ভাত খাব।
attraction_00343	attraction	p3_ord	p2_hon	p2_hon	attractor	fut	রহিম আগামীকাল আপনার কথা ভেবে ভাত খাবে।	রহিম আগামীকাল আপনার কথা ভেবে ভাত খাবেন।
attraction_00344	attraction	p3_hon	p1	p1	attractor	fut	তিনি আগামীকাল আমার সঙ্গে ভাত খাবেন।	তিনি আগামীকাল আমার সঙ্গে ভাত খাব।
attraction_00345	attraction	p3_hon	p1	p1	attractor	fut	তিনি কিছুদিন পরে আমাদের বাড়িতে এসে ভাত খাবেন।	তিনি কিছুদিন পরে আমাদের বাড়িতে এসে ভাত খাব।
attraction_00346	attraction	p3_hon	p1	p1	attractor	fut	তিনি কিছুদিন পরে আমার কথা শুনে ভাত খাবেন।	তিনি কিছুদিন পরে আমার কথা শুনে ভাত খাব।
attraction_00347	attraction	p3_hon	p2_fam	p2_fam	attractor	fut	তিনি আগামীকাল তোমার সঙ্গে ভাত খাবেন।	তিনি আগামীকাল তোমার সঙ্গে ভাত খাবে।
attraction_00348	attraction	p3_hon	p2_fam	p2_fam	attractor	fut	তিনি আগামী সপ্তাহে তোমাদের সাথে বসে ভাত খাবেন।	তিনি আগামী সপ্তাহে তোমাদের সাথে বসে ভাত খাবে।
attraction_00349	attraction	p3_hon	p1	p1	attractor	fut	উনি আগামীকাল আমার সঙ্গে ভাত খাবেন।	উনি আগামীকাল আমার সঙ্গে ভাত খাব।
attraction_00350	attraction	p3_hon	p1	p1	attractor	fut	উনি কিছুদিন পরে আমাদের বাড়িতে এসে ভাত খাবেন।	উনি কিছুদিন পরে আমাদের বাড়িতে এসে ভাত খাব।
attraction_00351	attraction	p3_hon	p1	p1	attractor	fut	উনি আগামী সপ্তাহে আমার কথা শুনে ভাত খাবেন।	উনি আগামী সপ্তাহে আমার কথা শুনে ভাত খাব।
attraction_00352	attraction	p3_hon	p2_fam	p2_fam	attractor	fut	উনি আগামীকাল তোমার সঙ্গে ভাত খাবেন।	উনি আগামীকাল তোমার সঙ্গে ভাত খাবে।
attraction_00353	attraction	p3_hon	p2_fam	p2_fam	attractor	fut	উনি কিছুদিন পরে তোমাদের সাথে বসে ভাত খাবেন।	উনি কিছুদিন পরে তোমাদের সাথে বসে ভাত খাবে।
attraction_00354	attraction	p2_fam	p1	p1	attractor	fut	তুমি কিছুদিন পরে আমার সঙ্গে ভাত খাবে।	তুমি কিছুদিন পরে আমার সঙ্গে ভাত খাব।
attraction_00355	attraction	p2_fam	p1	p1	attractor	fut	তুমি আগামীকাল আমাদের বাড়িতে এসে ভাত খাবে।	তুমি আগামীকাল আমাদের বাড়িতে এসে ভাত খাব।
attraction_00356	attraction	p2_fam	p1	p1	attractor	fut	তুমি আগামী সপ্তাহে আমার কথা শুনে ভাত খাবে।	তুমি আগামী সপ্তাহে আমার কথা শুনে ভাত খাব।
attraction_00357	attraction	p3_ord	p1	p1	attractor	pres	সে সাধারণত আমার সঙ্গে টেলিভিশন দেখে।	সে সাধারণত আমার সঙ্গে টেলিভিশন দেখি।
attraction_00358	attraction	p3_ord	p1	p1	attractor	pres	সে প্রতিদিন আমাদের বাড়িতে এসে টেলিভিশন দেখে।	সে প্রতিদিন আমাদের বাড়িতে এসে টেলিভিশন দেখি।
attraction_00359	attraction	p3_ord	p1	p1	attractor	pres	সে প্রায়ই আমার কথা শুনে টেলিভিশন দেখে।	সে প্রায়ই আমার কথা শুনে টেলিভিশন দেখি।
attraction_00360	attraction	p3_ord	p2_fam	p2_fam	attractor	pres	সে সাধারণত তোমার সঙ্গে টেলিভিশন দেখে।	সে সাধারণত তোমার সঙ্গে টেলিভিশন দেখো।
attraction_00361	attraction	p3_ord	p2_fam	p2_fam	attractor	pres	সে সাধারণত তোমাদের সাথে বসে টেলিভিশন দেখে।	সে সাধারণত তোমাদের সাথে বসে টেলিভিশন দেখো।
attraction_00362	attraction	p3_ord	p2_hon	p2_hon	attractor	pres	সে প্রায়ই আপনার কথা ভেবে টেলিভিশন দেখে।	সে প্রায়ই আপনার কথা ভেবে টেলিভিশন দেখেন।
attraction_00363	attraction	p3_ord	p1	p1	attractor	pres	ছেলেটি প্রতিদিন আমার সঙ্গে টেলিভিশন দেখে।	ছেলেটি প্রতিদিন আমার সঙ্গে টেলিভিশন দেখি।
attraction_00364	attraction	p3_ord	p1	p1	attractor	pres	ছেলেটি প্রায়ই আমাদের বাড়িতে এসে টেলিভিশন দেখে।	ছেলেটি প্রায়ই আমাদের বাড়িতে এসে টেলিভিশন দেখি।
attraction_00365	attraction	p3_ord	p1	p1	attractor	pres	ছেলেটি প্রায়ই আমার কথা শুনে টেলিভিশন দেখে।	ছেলেটি প্রায়ই আমার কথা শুনে টেলিভিশন দেখি।
attraction_00366	attraction	p3_ord	p2_fam	p2_fam	attractor	pres	ছেলেটি প্রতিদিন তোমার সঙ্গে টেলিভিশন দেখে।	ছেলেটি প্রতিদিন তোমার সঙ্গে টেলিভিশন দেখো।
attraction_00367	attraction	p3_ord	p2_fam	p2_fam	attractor	pres	ছেলেটি প্রতিদিন তোমাদের সাথে বসে টেলিভিশন দেখে।	ছেলেটি প্রতিদিন তোমাদের সাথে বসে টেলিভিশন দেখো।
attraction_00368	attraction	p3_ord	p2_hon	p2_hon	attractor	pres	ছেলেটি প্রতিদিন আপনার কথা ভেবে টেলিভিশন দেখে।	ছেলেটি প্রতিদিন আপনার কথা ভেবে টেলিভিশন দেখেন।
attraction_00369	attraction	p3_ord	p1	p1	attractor	pres	মেয়েটি প্রায়ই আমার সঙ্গে টেলিভিশন দেখে।	মেয়েটি প্রায়ই আমার সঙ্গে টেলিভিশন দেখি।
attraction_00370	attraction	p3_ord	p1	p1	attractor	pres	মেয়েটি প্রায়ই আমাদের বাড়িতে এসে টেলিভিশন দেখে।	মেয়েটি প্রায়ই আমাদের বাড়িতে এসে টেলিভিশন দেখি।
attraction_00371	attraction	p3_ord	p1	p1	attractor	pres	মেয়েটি প্রতিদিন আমার কথা শুনে টেলিভিশন দেখে।	মেয়েটি প্রতিদিন আমার কথা শুনে টেলিভিশন দেখি।
attraction_00372	attraction	p3_ord	p2_fam	p2_fam	attractor	pres	মেয়েটি প্রায়ই তোমার সঙ্গে টেলিভিশন দেখে।	মেয়েটি প্রায়ই তোমার সঙ্গে টেলিভিশন দেখো।
attraction_00373	attraction	p3_ord	p2_fam	p2_fam	attractor	pres	মেয়েটি প্রতিদিন তোমাদের সাথে বসে টেলিভিশন দেখে।	মেয়েটি প্রতিদিন তোমাদের সাথে বসে টেলিভিশন দেখো।
attraction_00374	attraction	p3_ord	p2_hon	p2_hon	attractor	pres	মেয়েটি সাধারণত আপনার কথা ভেবে টেলিভিশন দেখে।	মেয়েটি সাধারণত আপনার কথা ভেবে টেলিভিশন দেখেন।
attraction_00375	attraction	p3_ord	p1	p1	attractor	pres	আমার বন্ধু প্রায়ই আমার সঙ্গে টেলিভিশন দেখে।	আমার বন্ধু প্রায়ই আমার সঙ্গে টেলিভিশন দেখি।
attraction_00376	attraction	p3_ord	p1	p1	attractor	pres	আমার বন্ধু প্রায়ই আমাদের বাড়িতে এসে টেলিভিশন দেখে।	আমার বন্ধু প্রায়ই আমাদের বাড়িতে এসে টেলিভিশন দেখি।
attraction_00377	attraction	p3_ord	p1	p1	attractor	pres	আমার বন্ধু সাধারণত আমার কথা শুনে টেলিভিশন দেখে।	আমার বন্ধু সাধারণত আমার কথা শুনে টেলিভিশন দেখি।
attraction_00378	attraction	p3_ord	p2_fam	p2_fam	attractor	pres	আমার বন্ধু সাধারণত তোমার সঙ্গে টেলিভিশন দেখে।	আমার বন্ধু সাধারণত তোমার সঙ্গে টেলিভিশন দেখো।
attraction_00379	attraction	p3_ord	p2_fam	p2_fam	attractor	pres	আমার বন্ধু প্রতিদিন তোমাদের সাথে বসে টেলিভিশন দেখে।	আমার বন্ধু প্রতিদিন তোমাদের সাথে বসে টেলিভিশন দেখো।
attraction_00380	attraction	p3_ord	p2_hon	p2_hon	attractor	pres	আমার বন্ধু প্রতিদিন আপনার কথা ভেবে টেলিভিশন দেখে।	আমার বন্ধু প্রতিদিন আপনার কথা ভেবে টেলিভিশন দেখেন।
attraction_00381	attraction	p3_ord	p1	p1	attractor	pres	রহিম সাধারণত আমার সঙ্গে টেলিভিশন দেখে।	রহিম সাধারণত আমার সঙ্গে টেলিভিশন দেখি।
attraction_00382	attraction	p3_ord	p1	p1	attractor	pres	রহিম প্রতিদিন আমাদের বাড়িতে এসে টেলিভিশন দেখে।	রহিম প্রতিদিন আমাদের বাড়িতে এসে টেলিভিশন দেখি।
attraction_00383	attraction	p3_ord	p1	p1	attractor	pres	রহিম সাধারণত আমার কথা শুনে টেলিভিশন দেখে।	রহিম সাধারণত আমার কথা শুনে টেলিভিশন দেখি।
attraction_00384	attraction	p3_ord	p2_fam	p2_fam	attractor	pres	রহিম সাধারণত তোমার সঙ্গে টেলিভিশন দেখে।	রহিম সাধারণত তোমার সঙ্গে টেলিভিশন দেখো।
attraction_00385	attraction	p3_ord	p2_fam	p2_fam	attractor	pres	রহিম প্রতিদিন তোমাদের সাথে বসে টেলিভিশন দেখে।	রহিম প্রতিদিন তোমাদের সাথে বসে টেলিভিশন দেখো।
attraction_00386	attraction	p3_ord	p2_hon	p2_hon	attractor	pres	রহিম সাধারণত আপনার কথা ভেবে টেলিভিশন দেখে।	রহিম সাধারণত আপনার কথা ভেবে টেলিভিশন দেখেন।
attraction_00387	attraction	p3_hon	p1	p1	attractor	pres	তিনি সাধারণত আমার সঙ্গে টেলিভিশন দেখেন।	তিনি সাধারণত আমার সঙ্গে টেলিভিশন দেখি।
attraction_00388	attraction	p3_hon	p1	p1	attractor	pres	তিনি প্রায়ই আমাদের বাড়িতে এসে টেলিভিশন দেখেন।	তিনি প্রায়ই আমাদের বাড়িতে এসে টেলিভিশন দেখি।
attraction_00389	attraction	p3_hon	p1	p1	attractor	pres	তিনি সাধারণত আমার কথা শুনে টেলিভিশন দেখেন।	তিনি সাধারণত আমার কথা শুনে টেলিভিশন দেখি।
attraction_00390	attraction	p3_hon	p2_fam	p2_fam	attractor	pres	তিনি প্রতিদিন তোমার সঙ্গে টেলিভিশন দেখেন।	তিনি প্রতিদিন তোমার সঙ্গে টেলিভিশন দেখো।
attraction_00391	attraction	p3_hon	p2_fam	p2_fam	attractor	pres	তিনি সাধারণত তোমাদের সাথে বসে টেলিভিশন দেখেন।	তিনি সাধারণত তোমাদের সাথে বসে টেলিভিশন দেখো।
attraction_00392	attraction	p3_hon	p1	p1	attractor	pres	উনি সাধারণত আমার সঙ্গে টেলিভিশন দেখেন।	উনি সাধারণত আমার সঙ্গে টেলিভিশন দেখি।
attraction_00393	attraction	p3_hon	p1	p1	attractor	pres	উনি প্রতিদিন আমাদের বাড়িতে এসে টেলিভিশন দেখেন।	উনি প্রতিদিন আমাদের বাড়িতে এসে টেলিভিশন দেখি।
attraction_00394	attraction	p3_hon	p1	p1	attractor	pres	উনি সাধারণত আমার কথা শুনে টেলিভিশন দেখেন।	উনি সাধারণত আমার কথা শুনে টেলিভিশন দেখি।
attraction_00395	attraction	p3_hon	p2_fam	p2_fam	attractor	pres	উনি প্রায়ই তোমার সঙ্গে টেলিভিশন দেখেন।	উনি প্রায়ই তোমার সঙ্গে টেলিভিশন দেখো।
attraction_00396	attraction	p3_hon	p2_fam	p2_fam	attractor	pres	উনি প্রতিদিন তোমাদের সাথে বসে টেলিভিশন দেখেন।	উনি প্রতিদিন তোমাদের সাথে বসে টেলিভিশন দেখো।
attraction_00397	attraction	p2_fam	p1	p1	attractor	pres	তুমি প্রতিদিন আমার সঙ্গে টেলিভিশন দেখো।	তুমি প্রতিদিন আমার সঙ্গে টেলিভিশন দেখি।
attraction_00398	attraction	p2_fam	p1	p1	attractor	pres	তুমি প্রতিদিন আমাদের বাড়িতে এসে টেলিভিশন দেখো।	তুমি প্রতিদিন আমাদের বাড়িতে এসে টেলিভিশন দেখি।
attraction_00399	attraction	p2_fam	p1	p1	attractor	pres	তুমি প্রতিদিন আমার কথা শুনে টেলিভিশন দেখো।	তুমি প্রতিদিন আমার কথা শুনে টেলিভিশন দেখি।
attraction_00400	attraction	p3_ord	p1	p1	attractor	past	সে গতকাল আমার সঙ্গে টেলিভিশন দেখলো।	সে গতকাল আমার সঙ্গে টেলিভিশন দেখলাম।
attraction_00401	attraction	p3_ord	p1	p1	attractor	past	সে কাল সন্ধ্যায় আমাদের বাড়িতে এসে টেলিভিশন দেখলো।	সে কাল সন্ধ্যায় আমাদের বাড়িতে এসে টেলিভিশন দেখলাম।
attraction_00402	attraction	p3_ord	p1	p1	attractor	past	সে গত সপ্তাহে আমার কথা শুনে টেলিভিশন দেখলো।	সে গত সপ্তাহে আমার কথা শুনে টেলিভিশন দেখলাম।
attraction_00403	attraction	p3_ord	p2_fam	p2_fam	attractor	past	সে গত সপ্তাহে তোমার সঙ্গে টেলিভিশন দেখলো।	সে গত সপ্তাহে তোমার সঙ্গে টেলিভিশন দেখলে।
attraction_00404	attraction	p3_ord	p2_fam	p2_fam	attractor	past	সে গত সপ্তাহে তোমাদের সাথে বসে টেলিভিশন দেখলো।	সে গত সপ্তাহে তোমাদের সাথে বসে টেলিভিশন দেখলে।
attraction_00405	attraction	p3_ord	p2_hon	p2_hon	attractor	past	সে গতকাল আপনার কথা ভেবে টেলিভিশন দেখলো।	সে গতকাল আপনার কথা ভেবে টেলিভিশন দেখলেন।
attraction_00406	attraction	p3_ord	p1	p1	attractor	past	ছেলেটি গত সপ্তাহে আমার সঙ্গে টেলিভিশন দেখলো।	ছেলেটি গত সপ্তাহে আমার সঙ্গে টেলিভিশন দেখলাম।
attraction_00407	attraction	p3_ord	p1	p1	attractor	past	ছেলেটি গতকাল আমাদের বাড়িতে এসে টেলিভিশন দেখলো।	ছেলেটি গতকাল আমাদের বাড়িতে এসে টেলিভিশন দেখলাম।
attraction_00408	attraction	p3_ord	p1	p1	attractor	past	ছেলেটি গত সপ্তাহে আমার কথা শুনে টেলিভিশন দেখলো।	ছেলেটি গত সপ্তাহে আমার কথা শুনে টেলিভিশন দেখলাম।
attraction_00409	attraction	p3_ord	p2_fam	p2_fam	attractor	past	ছেলেটি গত সপ্তাহে তোমার সঙ্গে টেলিভিশন দেখলো।	ছেলেটি গত সপ্তাহে তোমার সঙ্গে টেলিভিশন দেখলে।
attraction_00410	attraction	p3_ord	p2_fam	p2_fam	attractor	past	ছেলেটি গতকাল তোমাদের সাথে বসে টেলিভিশন দেখলো।	ছেলেটি গতকাল তোমাদের সাথে বসে টেলিভিশন দেখলে।
attraction_00411	attraction	p3_ord	p2_hon	p2_hon	attractor	past	ছেলেটি কাল সন্ধ্যায় আপনার কথা ভেবে টেলিভিশন দেখলো।	ছেলেটি কাল সন্ধ্যায় আপনার কথা ভেবে টেলিভিশন দেখলেন।
attraction_00412	attraction	p3_ord	p1	p1	attractor	past	মেয়েটি কাল সন্ধ্যায় আমার সঙ্গে টেলিভিশন দেখলো।	মেয়েটি কাল সন্ধ্যায় আমার সঙ্গে টেলিভিশন দেখলাম।
attraction_00413	attraction	p3_ord	p1	p1	attractor	past	মেয়েটি গতকাল আমাদের বাড়িতে এসে টেলিভিশন দেখলো।	মেয়েটি গতকাল আমাদের বাড়িতে এসে টেলিভিশন দেখলাম।
attraction_00414	attraction	p3_ord	p1	p1	attractor	past	মেয়েটি কাল সন্ধ্যায় আমার কথা শুনে টেলিভিশন দেখলো।	মেয়েটি কাল সন্ধ্যায় আমার কথা শুনে টেলিভিশন দেখলাম।
attraction_00415	attraction	p3_ord	p2_fam	p2_fam	attractor	past	মেয়েটি কাল সন্ধ্যায় তোমার সঙ্গে টেলিভিশন দেখলো।	মেয়েটি কাল সন্ধ্যায় তোমার সঙ্গে টেলিভিশন দেখলে।
attraction_00416	attraction	p3_ord	p2_fam	p2_fam	attractor	past	মেয়েটি গত সপ্তাহে তোমাদের সাথে বসে টেলিভিশন দেখলো।	মেয়েটি গত সপ্তাহে তোমাদের সাথে বসে টেলিভিশন দেখলে।
attraction_00417	attraction	p3_ord	p2_hon	p2_hon	attractor	past	মেয়েটি কাল সন্ধ্যায় আপনার কথা ভেবে টেলিভিশন দেখলো।	মেয়েটি কাল সন্ধ্যায় আপনার কথা ভেবে টেলিভিশন দেখলেন।
attraction_00418	attraction	p3_ord	p1	p1	attractor	past	আমার বন্ধু গত সপ্তাহে আমার সঙ্গে টেলিভিশন দেখলো।	আমার বন্ধু গত সপ্তাহে আমার সঙ্গে টেলিভিশন দেখলাম।
attraction_00419	attraction	p3_ord	p1	p1	attractor	past	আমার বন্ধু গত সপ্তাহে আমাদের বাড়িতে এসে টেলিভিশন দেখলো।	আমার বন্ধু গত সপ্তাহে আমাদের বাড়িতে এসে টেলিভিশন দেখলাম।
attraction_00420	attraction	p3_ord	p1	p1	attractor	past	আমার বন্ধু কাল সন্ধ্যায় আমার কথা শুনে টেলিভিশন দেখলো।	আমার বন্ধু কাল সন্ধ্যায় আমার কথা শুনে টেলিভিশন দেখলাম।
attraction_00421	attraction	p3_ord	p2_fam	p2_fam	attractor	past	আমার বন্ধু গতকাল তোমার সঙ্গে টেলিভিশন দেখলো।	আমার বন্ধু গতকাল তোমার সঙ্গে টেলিভিশন দেখলে।
attraction_00422	attraction	p3_ord	p2_fam	p2_fam	attractor	past	আমার বন্ধু গত সপ্তাহে তোমাদের সাথে বসে টেলিভিশন দেখলো।	আমার বন্ধু গত সপ্তাহে তোমাদের সাথে বসে টেলিভিশন দেখলে।
attraction_00423	attraction	p3_ord	p2_hon	p2_hon	attractor	past	আমার বন্ধু গতকাল আপনার কথা ভেবে টেলিভিশন দেখলো।	আমার বন্ধু গতকাল আপনার কথা ভেবে টেলিভিশন দেখলেন।
attraction_00424	attraction	p3_ord	p1	p1	attractor	past	রহিম গতকাল আমার সঙ্গে টেলিভিশন দেখলো।	রহিম গতকাল আমার সঙ্গে টেলিভিশন দেখলাম।
attraction_00425	attraction	p3_ord	p1	p1	attractor	past	রহিম গত সপ্তাহে আমাদের বাড়িতে এসে টেলিভিশন দেখলো।	রহিম গত সপ্তাহে আমাদের বাড়িতে এসে টেলিভিশন দেখলাম।
attraction_00426	attraction	p3_ord	p1	p1	attractor	past	রহিম কাল সন্ধ্যায় আমার কথা শুনে টেলিভিশন দেখলো।	রহিম কাল সন্ধ্যায় আমার কথা শুনে টেলিভিশন দেখলাম।
attraction_00427	attraction	p3_ord	p2_fam	p2_fam	attractor	past	রহিম গত সপ্তাহে তোমার সঙ্গে টেলিভিশন দেখলো।	রহিম গত সপ্তাহে তোমার সঙ্গে টেলিভিশন দেখলে।
attraction_00428	attraction	p3_ord	p2_fam	p2_fam	attractor	past	রহিম গত সপ্তাহে তোমাদের সাথে বসে টেলিভিশন দেখলো।	রহিম গত সপ্তাহে তোমাদের সাথে বসে টেলিভিশন দেখলে।
attraction_00429	attraction	p3_ord	p2_hon	p2_hon	attractor	past	রহিম গত সপ্তাহে আপনার কথা ভেবে টেলিভিশন দেখলো।	রহিম গত সপ্তাহে আপনার কথা ভেবে টেলিভিশন দেখলেন।
attraction_00430	attraction	p3_hon	p1	p1	attractor	past	তিনি গত সপ্তাহে আমার সঙ্গে টেলিভিশন দেখলেন।	তিনি গত সপ্তাহে আমার সঙ্গে টেলিভিশন দেখলাম।
attraction_00431	attraction	p3_hon	p1	p1	attractor	past	তিনি গতকাল আমাদের বাড়িতে এসে টেলিভিশন দেখলেন।	তিনি গতকাল আমাদের বাড়িতে এসে টেলিভিশন দেখলাম।
attraction_00432	attraction	p3_hon	p1	p1	attractor	past	তিনি গত সপ্তাহে আমার কথা শুনে টেলিভিশন দেখলেন।	তিনি গত সপ্তাহে আমার কথা শুনে টেলিভিশন দেখলাম।
attraction_00433	attraction	p3_hon	p2_fam	p2_fam	attractor	past	তিনি গত সপ্তাহে তোমার সঙ্গে টেলিভিশন দেখলেন।	তিনি গত সপ্তাহে তোমার সঙ্গে টেলিভিশন দেখলে।
attraction_00434	attraction	p3_hon	p2_fam	p2_fam	attractor	past	তিনি গত সপ্তাহে তোমাদের সাথে বসে টেলিভিশন দেখলেন।	তিনি গত সপ্তাহে তোমাদের সাথে বসে টেলিভিশন দেখলে।
attraction_00435	attraction	p3_hon	p1	p1	attractor	past	উনি গতকাল আমার সঙ্গে টেলিভিশন দেখলেন।	উনি গতকাল আমার সঙ্গে টেলিভিশন দেখলাম।
attraction_00436	attraction	p3_hon	p1	p1	attractor	past	উনি কাল সন্ধ্যায় আমাদের বাড়িতে এসে টেলিভিশন দেখলেন।	উনি কাল সন্ধ্যায় আমাদের বাড়িতে এসে টেলিভিশন দেখলাম।
attraction_00437	attraction	p3_hon	p1	p1	attractor	past	উনি কাল সন্ধ্যায় আমার কথা শুনে টেলিভিশন দেখলেন।	উনি কাল সন্ধ্যায় আমার কথা শুনে টেলিভিশন দেখলাম।
attraction_00438	attraction	p3_hon	p2_fam	p2_fam	attractor	past	উনি গতকাল তোমার সঙ্গে টেলিভিশন দেখলেন।	উনি গতকাল তোমার সঙ্গে টেলিভিশন দেখলে।
attraction_00439	attraction	p3_hon	p2_fam	p2_fam	attractor	past	উনি গতকাল তোমাদের সাথে বসে টেলিভিশন দেখলেন।	উনি গতকাল তোমাদের সাথে বসে টেলিভিশন দেখলে।
attraction_00440	attraction	p2_fam	p1	p1	attractor	past	তুমি গত সপ্তাহে আমার সঙ্গে টেলিভিশন দেখলে।	তুমি গত সপ্তাহে আমার সঙ্গে টেলিভিশন দেখলাম।
attraction_00441	attraction	p2_fam	p1	p1	attractor	past	তুমি গতকাল আমাদের বাড়িতে এসে টেলিভিশন দেখলে।	তুমি গতকাল আমাদের বাড়িতে এসে টেলিভিশন দেখলাম।
attraction_00442	attraction	p2_fam	p1	p1	attractor	past	তুমি কাল সন্ধ্যায় আমার কথা শুনে টেলিভিশন দেখলে।	তুমি কাল সন্ধ্যায় আমার কথা শুনে টেলিভিশন দেখলাম।
attraction_00443	attraction	p3_ord	p1	p1	attractor	fut	সে আগামীকাল আমার সঙ্গে টেলিভিশন দেখবে।	সে আগামীকাল আমার সঙ্গে টেলিভিশন দেখব।
attraction_00444	attraction	p3_ord	p1	p1	attractor	fut	সে আগামী সপ্তাহে আমাদের বাড়িতে এসে টেলিভিশন দেখবে।	সে আগামী সপ্তাহে আমাদের বাড়িতে এসে টেলিভিশন দেখব।
attraction_00445	attraction	p3_ord	p1	p1	attractor	fut	সে আগামী সপ্তাহে আমার কথা শুনে টেলিভিশন দেখবে।	সে আগামী সপ্তাহে আমার কথা শুনে টেলিভিশন দেখব।
attraction_00446	attraction	p3_ord	p2_hon	p2_hon	attractor	fut	সে আগামী সপ্তাহে আপনার কথা ভেবে টেলিভিশন দেখবে।	সে আগামী সপ্তাহে আপনার কথা ভেবে টেলিভিশন দেখবেন।
attraction_00447	attraction	p3_ord	p1	p1	attractor	fut	ছেলেটি আগামীকাল আমার সঙ্গে টেলিভিশন দেখবে।	ছেলেটি আগামীকাল আমার সঙ্গে টেলিভিশন দেখব।
attraction_00448	attraction	p3_ord	p1	p1	attractor	fut	ছেলেটি আগামীকাল আমাদের বাড়িতে এসে টেলিভিশন দেখবে।	ছেলেটি আগামীকাল আমাদের বাড়িতে এসে টেলিভিশন দেখব।
attraction_00449	attraction	p3_ord	p1	p1	attractor	fut	ছেলেটি আগামী সপ্তাহে আমার কথা শুনে টেলিভিশন দেখবে।	ছেলেটি আগামী সপ্তাহে আমার কথা শুনে টেলিভিশন দেখব।
attraction_00450	attraction	p3_ord	p2_hon	p2_hon	attractor	fut	ছেলেটি কিছুদিন পরে আপনার কথা ভেবে টেলিভিশন দেখবে।	ছেলেটি কিছুদিন পরে আপনার কথা ভেবে টেলিভিশন দেখবেন।
attraction_00451	attraction	p3_ord	p1	p1	attractor	fut	মেয়েটি আগামী সপ্তাহে আমার সঙ্গে টেলিভিশন দেখবে।	মেয়েটি আগামী সপ্তাহে আমার সঙ্গে টেলিভিশন দেখব।
attraction_00452	attraction	p3_ord	p1	p1	attractor	fut	মেয়েটি আগামীকাল আমাদের বাড়িতে এসে টেলিভিশন দেখবে।	মেয়েটি আগামীকাল আমাদের বাড়িতে এসে টেলিভিশন দেখব।
attraction_00453	attraction	p3_ord	p1	p1	attractor	fut	মেয়েটি আগামী সপ্তাহে আমার কথা শুনে টেলিভিশন দেখবে।	মেয়েটি আগামী সপ্তাহে আমার কথা শুনে টেলিভিশন দেখব।
attraction_00454	attraction	p3_ord	p2_hon	p2_hon	attractor	fut	মেয়েটি কিছুদিন পরে আপনার কথা ভেবে টেলিভিশন দেখবে।	মেয়েটি কিছুদিন পরে আপনার কথা ভেবে টেলিভিশন দেখবেন।
attraction_00455	attraction	p3_ord	p1	p1	attractor	fut	আমার বন্ধু আগামী সপ্তাহে আমার সঙ্গে টেলিভিশন দেখবে।	আমার বন্ধু আগামী সপ্তাহে আমার সঙ্গে টেলিভিশন দেখব।
attraction_00456	attraction	p3_ord	p1	p1	attractor	fut	আমার বন্ধু আগামী সপ্তাহে আমাদের বাড়িতে এসে টেলিভিশন দেখবে।	আমার বন্ধু আগামী সপ্তাহে আমাদের বাড়িতে এসে টেলিভিশন দেখব।
attraction_00457	attraction	p3_ord	p1	p1	attractor	fut	আমার বন্ধু কিছুদিন পরে আমার কথা শুনে টেলিভিশন দেখবে।	আমার বন্ধু কিছুদিন পরে আমার কথা শুনে টেলিভিশন দেখব।
attraction_00458	attraction	p3_ord	p2_hon	p2_hon	attractor	fut	আমার বন্ধু আগামীকাল আপনার কথা ভেবে টেলিভিশন দেখবে।	আমার বন্ধু আগামীকাল আপনার কথা ভেবে টেলিভিশন দেখবেন।
attraction_00459	attraction	p3_ord	p1	p1	attractor	fut	রহিম আগামী সপ্তাহে আমার সঙ্গে টেলিভিশন দেখবে।	রহিম আগামী সপ্তাহে আমার সঙ্গে টেলিভিশন দেখব।
attraction_00460	attraction	p3_ord	p1	p1	attractor	fut	রহিম আগামীকাল আমাদের বাড়িতে এসে টেলিভিশন দেখবে।	রহিম আগামীকাল আমাদের বাড়িতে এসে টেলিভিশন দেখব।
attraction_00461	attraction	p3_ord	p1	p1	attractor	fut	রহিম আগামী সপ্তাহে আমার কথা শুনে টেলিভিশন দেখবে।	রহিম আগামী সপ্তাহে আমার কথা শুনে টেলিভিশন দেখব।
attraction_00462	attraction	p3_ord	p2_hon	p2_hon	attractor	fut	রহিম আগামী সপ্তাহে আপনার কথা ভেবে টেলিভিশন দেখবে।	রহিম আগামী সপ্তাহে আপনার কথা ভেবে টেলিভিশন দেখবেন।
attraction_00463	attraction	p3_hon	p1	p1	attractor	fut	তিনি আগামী সপ্তাহে আমার সঙ্গে টেলিভিশন দেখবেন।	তিনি আগামী সপ্তাহে আমার সঙ্গে টেলিভিশন দেখব।
attraction_00464	attraction	p3_hon	p1	p1	attractor	fut	তিনি আগামী সপ্তাহে আমাদের বাড়িতে এসে টেলিভিশন দেখবেন।	তিনি আগামী সপ্তাহে আমাদের বাড়িতে এসে টেলিভিশন দেখব।
attraction_00465	attraction	p3_hon	p1	p1	attractor	fut	তিনি কিছুদিন পরে আমার কথা শুনে টেলিভিশন দেখবেন।	তিনি কিছুদিন পরে আমার কথা শুনে টেলিভিশন দেখব।
attraction_00466	attraction	p3_hon	p2_fam	p2_fam	attractor	fut	তিনি আগামীকাল তোমার সঙ্গে টেলিভিশন দেখবেন।	তিনি আগামীকাল তোমার সঙ্গে টেলিভিশন দেখবে।
attraction_00467	attraction	p3_hon	p2_fam	p2_fam	attractor	fut	তিনি কিছুদিন পরে তোমাদের সাথে বসে টেলিভিশন দেখবেন।	তিনি কিছুদিন পরে তোমাদের সাথে বসে টেলিভিশন দেখবে।
attraction_00468	attraction	p3_hon	p1	p1	attractor	fut	উনি আগামী সপ্তাহে আমার সঙ্গে টেলিভিশন দেখবেন।	উনি আগামী সপ্তাহে আমার সঙ্গে টেলিভিশন দেখব।
attraction_00469	attraction	p3_hon	p1	p1	attractor	fut	উনি আগামীকাল আমাদের বাড়িতে এসে টেলিভিশন দেখবেন।	উনি আগামীকাল আমাদের বাড়িতে এসে টেলিভিশন দেখব।
attraction_00470	attraction	p3_hon	p1	p1	attractor	fut	উনি আগামীকাল আমার কথা শুনে টেলিভিশন দেখবেন।	উনি আগামীকাল আমার কথা শুনে টেলিভিশন দেখব।
attraction_00471	attraction	p3_hon	p2_fam	p2_fam	attractor	fut	উনি আগামীকাল তোমার সঙ্গে টেলিভিশন দেখবেন।	উনি আগামীকাল তোমার সঙ্গে টেলিভিশন দেখবে।
attraction_00472	attraction	p3_hon	p2_fam	p2_fam	attractor	fut	উনি আগামীকাল তোমাদের সাথে বসে টেলিভিশন দেখবেন।	উনি আগামীকাল তোমাদের সাথে বসে টেলিভিশন দেখবে।
attraction_00473	attraction	p2_fam	p1	p1	attractor	fut	তুমি আগামীকাল আমার সঙ্গে টেলিভিশন দেখবে।	তুমি আগামীকাল আমার সঙ্গে টেলিভিশন দেখব।
attraction_00474	attraction	p2_fam	p1	p1	attractor	fut	তুমি কিছুদিন পরে আমাদের বাড়িতে এসে টেলিভিশন দেখবে।	তুমি কিছুদিন পরে আমাদের বাড়িতে এসে টেলিভিশন দেখব।
attraction_00475	attraction	p2_fam	p1	p1	attractor	fut	তুমি আগামী সপ্তাহে আমার কথা শুনে টেলিভিশন দেখবে।	তুমি আগামী সপ্তাহে আমার কথা শুনে টেলিভিশন দেখব।
attraction_00476	attraction	p3_ord	p1	p1	attractor	pres	সে প্রায়ই আমার সঙ্গে চিঠি লেখে।	সে প্রায়ই আমার সঙ্গে চিঠি লিখি।
attraction_00477	attraction	p3_ord	p1	p1	attractor	pres	সে প্রতিদিন আমাদের বাড়িতে এসে চিঠি লেখে।	সে প্রতিদিন আমাদের বাড়িতে এসে চিঠি লিখি।
attraction_00478	attraction	p3_ord	p1	p1	attractor	pres	সে সাধারণত আমার কথা শুনে চিঠি লেখে।	সে সাধারণত আমার কথা শুনে চিঠি লিখি।
attraction_00479	attraction	p3_ord	p2_fam	p2_fam	attractor	pres	সে প্রতিদিন তোমার সঙ্গে চিঠি লেখে।	সে প্রতিদিন তোমার সঙ্গে চিঠি লেখো।
attraction_00480	attraction	p3_ord	p2_fam	p2_fam	attractor	pres	সে প্রতিদিন তোমাদের সাথে বসে চিঠি লেখে।	সে প্রতিদিন তোমাদের সাথে বসে চিঠি লেখো।
attraction_00481	attraction	p3_ord	p2_hon	p2_hon	attractor	pres	সে প্রায়ই আপনার কথা ভেবে চিঠি লেখে।	সে প্রায়ই আপনার কথা ভেবে চিঠি লেখেন।
attraction_00482	attraction	p3_ord	p1	p1	attractor	pres	ছেলেটি সাধারণত আমার সঙ্গে চিঠি লেখে।	ছেলেটি সাধারণত আমার সঙ্গে চিঠি লিখি।
attraction_00483	attraction	p3_ord	p1	p1	attractor	pres	ছেলেটি প্রতিদিন আমাদের বাড়িতে এসে চিঠি লেখে।	ছেলেটি প্রতিদিন আমাদের বাড়িতে এসে চিঠি লিখি।
attraction_00484	attraction	p3_ord	p1	p1	attractor	pres	ছেলেটি সাধারণত আমার কথা শুনে চিঠি লেখে।	ছেলেটি সাধারণত আমার কথা শুনে চিঠি লিখি।
attraction_00485	attraction	p3_ord	p2_fam	p2_fam	attractor	pres	ছেলেটি সাধারণত তোমার সঙ্গে চিঠি লেখে।	ছেলেটি সাধারণত তোমার সঙ্গে চিঠি লেখো।
attraction_00486	attraction	p3_ord	p2_fam	p2_fam	attractor	pres	ছেলেটি প্রতিদিন তোমাদের সাথে বসে চিঠি লেখে।	ছেলেটি প্রতিদিন তোমাদের সাথে বসে চিঠি লেখো।
attraction_00487	attraction	p3_ord	p2_hon	p2_hon	attractor	pres	ছেলেটি প্রায়ই আপনার কথা ভেবে চিঠি লেখে।	ছেলেটি প্রায়ই আপনার কথা ভেবে চিঠি লেখেন।
attraction_00488	attraction	p3_ord	p1	p1	attractor	pres	মেয়েটি প্রায়ই আমার সঙ্গে চিঠি লেখে।	মেয়েটি প্রায়ই আমার সঙ্গে চিঠি লিখি।
attraction_00489	attraction	p3_ord	p1	p1	attractor	pres	মেয়েটি প্রতিদিন আমাদের বাড়িতে এসে চিঠি লেখে।	মেয়েটি প্রতিদিন আমাদের বাড়িতে এসে চিঠি লিখি।
attraction_00490	attraction	p3_ord	p1	p1	attractor	pres	মেয়েটি প্রতিদিন আমার কথা শুনে চিঠি লেখে।	মেয়েটি প্রতিদিন আমার কথা শুনে চিঠি লিখি।
attraction_00491	attraction	p3_ord	p2_fam	p2_fam	attractor	pres	মেয়েটি প্রায়ই তোমার সঙ্গে চিঠি লেখে।	মেয়েটি প্রায়ই তোমার সঙ্গে চিঠি লেখো।
attraction_00492	attraction	p3_ord	p2_fam	p2_fam	attractor	pres	মেয়েটি প্রায়ই তোমাদের সাথে বসে চিঠি লেখে।	মেয়েটি প্রায়ই তোমাদের সাথে বসে চিঠি লেখো।
attraction_00493	attraction	p3_ord	p2_hon	p2_hon	attractor	pres	মেয়েটি প্রতিদিন আপনার কথা ভেবে চিঠি লেখে।	মেয়েটি প্রতিদিন আপনার কথা ভেবে চিঠি লেখেন।
attraction_00494	attraction	p3_ord	p1	p1	attractor	pres	আমার বন্ধু প্রতিদিন আমার সঙ্গে চিঠি লেখে।	আমার বন্ধু প্রতিদিন আমার সঙ্গে চিঠি লিখি।
attraction_00495	attraction	p3_ord	p1	p1	attractor	pres	আমার বন্ধু প্রায়ই আমাদের বাড়িতে এসে চিঠি লেখে।	আমার বন্ধু প্রায়ই আমাদের বাড়িতে এসে চিঠি লিখি।
attraction_00496	attraction	p3_ord	p1	p1	attractor	pres	আমার বন্ধু প্রায়ই আমার কথা শুনে চিঠি লেখে।	আমার বন্ধু প্রায়ই আমার কথা শুনে চিঠি লিখি।
attraction_00497	attraction	p3_ord	p2_fam	p2_fam	attractor	pres	আমার বন্ধু প্রায়ই তোমার সঙ্গে চিঠি লেখে।	আমার বন্ধু প্রায়ই তোমার সঙ্গে চিঠি লেখো।
attraction_00498	attraction	p3_ord	p2_fam	p2_fam	attractor	pres	আমার বন্ধু প্রতিদিন তোমাদের সাথে বসে চিঠি লেখে।	আমার বন্ধু প্রতিদিন তোমাদের সাথে বসে চিঠি লেখো।
attraction_00499	attraction	p3_ord	p2_hon	p2_hon	attractor	pres	আমার বন্ধু প্রায়ই আপনার কথা ভেবে চিঠি লেখে।	আমার বন্ধু প্রায়ই আপনার কথা ভেবে চিঠি লেখেন।
attraction_00500	attraction	p3_ord	p1	p1	attractor	pres	রহিম সাধারণত আমার সঙ্গে চিঠি লেখে।	রহিম সাধারণত আমার সঙ্গে চিঠি লিখি।
attraction_00501	attraction	p3_ord	p1	p1	attractor	pres	রহিম সাধারণত আমাদের বাড়িতে এসে চিঠি লেখে।	রহিম সাধারণত আমাদের বাড়িতে এসে চিঠি লিখি।
attraction_00502	attraction	p3_ord	p1	p1	attractor	pres	রহিম সাধারণত আমার কথা শুনে চিঠি লেখে।	রহিম সাধারণত আমার কথা শুনে চিঠি লিখি।
attraction_00503	attraction	p3_ord	p2_fam	p2_fam	attractor	pres	রহিম প্রায়ই তোমার সঙ্গে চিঠি লেখে।	রহিম প্রায়ই তোমার সঙ্গে চিঠি লেখো।
attraction_00504	attraction	p3_ord	p2_fam	p2_fam	attractor	pres	রহিম সাধারণত তোমাদের সাথে বসে চিঠি লেখে।	রহিম সাধারণত তোমাদের সাথে বসে চিঠি লেখো।
attraction_00505	attraction	p3_ord	p2_hon	p2_hon	attractor	pres	রহিম প্রতিদিন আপনার কথা ভেবে চিঠি লেখে।	রহিম প্রতিদিন আপনার কথা ভেবে চিঠি লেখেন।
attraction_00506	attraction	p3_hon	p1	p1	attractor	pres	তিনি প্রায়ই আমার সঙ্গে চিঠি লেখেন।	তিনি প্রায়ই আমার সঙ্গে চিঠি লিখি।
attraction_00507	attraction	p3_hon	p1	p1	attractor	pres	তিনি প্রায়ই আমাদের বাড়িতে এসে চিঠি লেখেন।	তিনি প্রায়ই আমাদের বাড়িতে এসে চিঠি লিখি।
attraction_00508	attraction	p3_hon	p1	p1	attractor	pres	তিনি প্রতিদিন আমার কথা শুনে চিঠি লেখেন।	তিনি প্রতিদিন আমার কথা শুনে চিঠি লিখি।
attraction_00509	attraction	p3_hon	p2_fam	p2_fam	attractor	pres	তিনি প্রতিদিন তোমার সঙ্গে চিঠি লেখেন।	তিনি প্রতিদিন তোমার সঙ্গে চিঠি লেখো।
attraction_00510	attraction	p3_hon	p2_fam	p2_fam	attractor	pres	তিনি প্রতিদিন তোমাদের সাথে বসে চিঠি লেখেন।	তিনি প্রতিদিন তোমাদের সাথে বসে চিঠি লেখো।
attraction_00511	attraction	p3_hon	p1	p1	attractor	pres	উনি প্রায়ই আমার সঙ্গে চিঠি লেখেন।	উনি প্রায়ই আমার সঙ্গে চিঠি লিখি।
attraction_00512	attraction	p3_hon	p1	p1	attractor	pres	উনি প্রতিদিন আমাদের বাড়িতে এসে চিঠি লেখেন।	উনি প্রতিদিন আমাদের বাড়িতে এসে চিঠি লিখি।
attraction_00513	attraction	p3_hon	p1	p1	attractor	pres	উনি প্রতিদিন আমার কথা শুনে চিঠি লেখেন।	উনি প্রতিদিন আমার কথা শুনে চিঠি লিখি।
attraction_00514	attraction	p3_hon	p2_fam	p2_fam	attractor	pres	উনি সাধারণত তোমার সঙ্গে চিঠি লেখেন।	উনি সাধারণত তোমার সঙ্গে চিঠি লেখো।
attraction_00515	attraction	p3_hon	p2_fam	p2_fam	attractor	pres	উনি প্রতিদিন তোমাদের সাথে বসে চিঠি লেখেন।	উনি প্রতিদিন তোমাদের সাথে বসে চিঠি লেখো।
attraction_00516	attraction	p2_fam	p1	p1	attractor	pres	তুমি প্রায়ই আমার সঙ্গে চিঠি লেখো।	তুমি প্রায়ই আমার সঙ্গে চিঠি লিখি।
attraction_00517	attraction	p2_fam	p1	p1	attractor	pres	তুমি প্রতিদিন আমাদের বাড়িতে এসে চিঠি লেখো।	তুমি প্রতিদিন আমাদের বাড়িতে এসে চিঠি লিখি।
attraction_00518	attraction	p2_fam	p1	p1	attractor	pres	তুমি প্রায়ই আমার কথা শুনে চিঠি লেখো।	তুমি প্রায়ই আমার কথা শুনে চিঠি লিখি।
attraction_00519	attraction	p3_ord	p1	p1	attractor	past	সে কাল সন্ধ্যায় আমার সঙ্গে চিঠি লিখলো।	সে কাল সন্ধ্যায় আমার সঙ্গে চিঠি লিখলাম।
attraction_00520	attraction	p3_ord	p1	p1	attractor	past	সে গত সপ্তাহে আমাদের বাড়িতে এসে চিঠি লিখলো।	সে গত সপ্তাহে আমাদের বাড়িতে এসে চিঠি লিখলাম।
attraction_00521	attraction	p3_ord	p1	p1	attractor	past	সে গত সপ্তাহে আমার কথা শুনে চিঠি লিখলো।	সে গত সপ্তাহে আমার কথা শুনে চিঠি লিখলাম।
attraction_00522	attraction	p3_ord	p2_fam	p2_fam	attractor	past	সে গত সপ্তাহে তোমার সঙ্গে চিঠি লিখলো।	সে গত সপ্তাহে তোমার সঙ্গে চিঠি লিখলে।
attraction_00523	attraction	p3_ord	p2_fam	p2_fam	attractor	past	সে কাল সন্ধ্যায় তোমাদের সাথে বসে চিঠি লিখলো।	সে কাল সন্ধ্যায় তোমাদের সাথে বসে চিঠি লিখলে।
attraction_00524	attraction	p3_ord	p2_hon	p2_hon	attractor	past	সে গতকাল আপনার কথা ভেবে চিঠি লিখলো।	সে গতকাল আপনার কথা ভেবে চিঠি লিখলেন।
attraction_00525	attraction	p3_ord	p1	p1	attractor	past	ছেলেটি গতকাল আমার সঙ্গে চিঠি লিখলো।	ছেলেটি গতকাল আমার সঙ্গে চিঠি লিখলাম।
attraction_00526	attraction	p3_ord	p1	p1	attractor	past	ছেলেটি গতকাল আমাদের বাড়িতে এসে চিঠি লিখলো।	ছেলেটি গতকাল আমাদের বাড়িতে এসে চিঠি লিখলাম।
attraction_00527	attraction	p3_ord	p1	p1	attractor	past	ছেলেটি গতকাল আমার কথা শুনে চিঠি লিখলো।	ছেলেটি গতকাল আমার কথা শুনে চিঠি লিখলাম।
attraction_00528	attraction	p3_ord	p2_fam	p2_fam	attractor	past	ছেলেটি গত সপ্তাহে তোমার সঙ্গে চিঠি লিখলো।	ছেলেটি গত সপ্তাহে তোমার সঙ্গে চিঠি লিখলে।
attraction_00529	attraction	p3_ord	p2_fam	p2_fam	attractor	past	ছেলেটি গত সপ্তাহে তোমাদের সাথে বসে চিঠি লিখলো।	ছেলেটি গত সপ্তাহে তোমাদের সাথে বসে চিঠি লিখলে।
attraction_00530	attraction	p3_ord	p2_hon	p2_hon	attractor	past	ছেলেটি কাল সন্ধ্যায় আপনার কথা ভেবে চিঠি লিখলো।	ছেলেটি কাল সন্ধ্যায় আপনার কথা ভেবে চিঠি লিখলেন।
attraction_00531	attraction	p3_ord	p1	p1	attractor	past	মেয়েটি গত সপ্তাহে আমার সঙ্গে চিঠি লিখলো।	মেয়েটি গত সপ্তাহে আমার সঙ্গে চিঠি লিখলাম।
attraction_00532	attraction	p3_ord	p1	p1	attractor	past	মেয়েটি গতকাল আমাদের বাড়িতে এসে চিঠি লিখলো।	মেয়েটি গতকাল আমাদের বাড়িতে এসে চিঠি লিখলাম।
attraction_00533	attraction	p3_ord	p1	p1	attractor	past	মেয়েটি গত সপ্তাহে আমার কথা শুনে চিঠি লিখলো।	মেয়েটি গত সপ্তাহে আমার কথা শুনে চিঠি লিখলাম।
attraction_00534	attraction	p3_ord	p2_fam	p2_fam	attractor	past	মেয়েটি গতকাল তোমার সঙ্গে চিঠি লিখলো।	মেয়েটি গতকাল তোমার সঙ্গে চিঠি লিখলে।
attraction_00535	attraction	p3_ord	p2_fam	p2_fam	attractor	past	মেয়েটি কাল সন্ধ্যায় তোমাদের সাথে বসে চিঠি লিখলো।	মেয়েটি কাল সন্ধ্যায় তোমাদের সাথে বসে চিঠি লিখলে।
attraction_00536	attraction	p3_ord	p2_hon	p2_hon	attractor	past	মেয়েটি গতকাল আপনার কথা ভেবে চিঠি লিখলো।	মেয়েটি গতকাল আপনার কথা ভেবে চিঠি লিখলেন।
attraction_00537	attraction	p3_ord	p1	p1	attractor	past	আমার বন্ধু কাল সন্ধ্যায় আমার সঙ্গে চিঠি লিখলো।	আমার বন্ধু কাল সন্ধ্যায় আমার সঙ্গে চিঠি লিখলাম।
attraction_00538	attraction	p3_ord	p1	p1	attractor	past	আমার বন্ধু কাল সন্ধ্যায় আমাদের বাড়িতে এসে চিঠি লিখলো।	আমার বন্ধু কাল সন্ধ্যায় আমাদের বাড়িতে এসে চিঠি লিখলাম।
attraction_00539	attraction	p3_ord	p1	p1	attractor	past	আমার বন্ধু কাল সন্ধ্যায় আমার কথা শুনে চিঠি লিখলো।	আমার বন্ধু কাল সন্ধ্যায় আমার কথা শুনে চিঠি লিখলাম।
attraction_00540	attraction	p3_ord	p2_fam	p2_fam	attractor	past	আমার বন্ধু গতকাল তোমার সঙ্গে চিঠি লিখলো।	আমার বন্ধু গতকাল তোমার সঙ্গে চিঠি লিখলে।
attraction_00541	attraction	p3_ord	p2_fam	p2_fam	attractor	past	আমার বন্ধু গতকাল তোমাদের সাথে বসে চিঠি লিখলো।	আমার বন্ধু গতকাল তোমাদের সাথে বসে চিঠি লিখলে।
attraction_00542	attraction	p3_ord	p2_hon	p2_hon	attractor	past	আমার বন্ধু গতকাল আপনার কথা ভেবে চিঠি লিখলো।	আমার বন্ধু গতকাল আপনার কথা ভেবে চিঠি লিখলেন।
attraction_00543	attraction	p3_ord	p1	p1	attractor	past	রহিম গতকাল আমার সঙ্গে চিঠি লিখলো।	রহিম গতকাল আমার সঙ্গে চিঠি লিখলাম।
attraction_00544	attraction	p3_ord	p1	p1	attractor	past	রহিম গত সপ্তাহে আমাদের বাড়িতে এসে চিঠি লিখলো।	রহিম গত সপ্তাহে আমাদের বাড়িতে এসে চিঠি লিখলাম।
attraction_00545	attraction	p3_ord	p1	p1	attractor	past	রহিম গত সপ্তাহে আমার কথা শুনে চিঠি লিখলো।	রহিম গত সপ্তাহে আমার কথা শুনে চিঠি লিখলাম।
attraction_00546	attraction	p3_ord	p2_fam	p2_fam	attractor	past	রহিম কাল সন্ধ্যায় তোমার সঙ্গে চিঠি লিখলো।	রহিম কাল সন্ধ্যায় তোমার সঙ্গে চিঠি লিখলে।
attraction_00547	attraction	p3_ord	p2_fam	p2_fam	attractor	past	রহিম গত সপ্তাহে তোমাদের সাথে বসে চিঠি লিখলো।	রহিম গত সপ্তাহে তোমাদের সাথে বসে চিঠি লিখলে।
attraction_00548	attraction	p3_ord	p2_hon	p2_hon	attractor	past	রহিম কাল সন্ধ্যায় আপনার কথা ভেবে চিঠি লিখলো।	রহিম কাল সন্ধ্যায় আপনার কথা ভেবে চিঠি লিখলেন।
attraction_00549	attraction	p3_hon	p1	p1	attractor	past	তিনি গতকাল আমার সঙ্গে চিঠি লিখলেন।	তিনি গতকাল আমার সঙ্গে চিঠি লিখলাম।
attraction_00550	attraction	p3_hon	p1	p1	attractor	past	তিনি কাল সন্ধ্যায় আমাদের বাড়িতে এসে চিঠি লিখলেন।	তিনি কাল সন্ধ্যায় আমাদের বাড়িতে এসে চিঠি লিখলাম।
attraction_00551	attraction	p3_hon	p1	p1	attractor	past	তিনি কাল সন্ধ্যায় আমার কথা শুনে চিঠি লিখলেন।	তিনি কাল সন্ধ্যায় আমার কথা শুনে চিঠি লিখলাম।
attraction_00552	attraction	p3_hon	p2_fam	p2_fam	attractor	past	তিনি গতকাল তোমার সঙ্গে চিঠি লিখলেন।	তিনি গতকাল তোমার সঙ্গে চিঠি লিখলে।
attraction_00553	attraction	p3_hon	p2_fam	p2_fam	attractor	past	তিনি গতকাল তোমাদের সাথে বসে চিঠি লিখলেন।	তিনি গতকাল তোমাদের সাথে বসে চিঠি লিখলে।
attraction_00554	attraction	p3_hon	p1	p1	attractor	past	উনি গতকাল আমার সঙ্গে চিঠি লিখলেন।	উনি গতকাল আমার সঙ্গে চিঠি লিখলাম।
attraction_00555	attraction	p3_hon	p1	p1	attractor	past	উনি গতকাল আমাদের বাড়িতে এসে চিঠি লিখলেন।	উনি গতকাল আমাদের বাড়িতে এসে চিঠি লিখলাম।
attraction_00556	attraction	p3_hon	p1	p1	attractor	past	উনি গতকাল আমার কথা শুনে চিঠি লিখলেন।	উনি গতকাল আমার কথা শুনে চিঠি লিখলাম।
attraction_00557	attraction	p3_hon	p2_fam	p2_fam	attractor	past	উনি কাল সন্ধ্যায় তোমার সঙ্গে চিঠি লিখলেন।	উনি কাল সন্ধ্যায় তোমার সঙ্গে চিঠি লিখলে।
attraction_00558	attraction	p3_hon	p2_fam	p2_fam	attractor	past	উনি গত সপ্তাহে তোমাদের সাথে বসে চিঠি লিখলেন।	উনি গত সপ্তাহে তোমাদের সাথে বসে চিঠি লিখলে।
attraction_00559	attraction	p2_fam	p1	p1	attractor	past	তুমি কাল সন্ধ্যায় আমার সঙ্গে চিঠি লিখলে।	তুমি কাল সন্ধ্যায় আমার সঙ্গে চিঠি লিখলাম।
attraction_00560	attraction	p2_fam	p1	p1	attractor	past	তুমি কাল সন্ধ্যায় আমাদের বাড়িতে এসে চিঠি লিখলে।	তুমি কাল সন্ধ্যায় আমাদের বাড়িতে এসে চিঠি লিখলাম।
attraction_00561	attraction	p2_fam	p1	p1	attractor	past	তুমি গত সপ্তাহে আমার কথা শুনে চিঠি লিখলে।	তুমি গত সপ্তাহে আমার কথা শুনে চিঠি লিখলাম।
attraction_00562	attraction	p3_ord	p1	p1	attractor	fut	সে কিছুদিন পরে আমার সঙ্গে চিঠি লিখবে।	সে কিছুদিন পরে আমার সঙ্গে চিঠি লিখব।
attraction_00563	attraction	p3_ord	p1	p1	attractor	fut	সে কিছুদিন পরে আমাদের বাড়িতে এসে চিঠি লিখবে।	সে কিছুদিন পরে আমাদের বাড়িতে এসে চিঠি লিখব।
attraction_00564	attraction	p3_ord	p1	p1	attractor	fut	সে আগামী সপ্তাহে আমার কথা শুনে চিঠি লিখবে।	সে আগামী সপ্তাহে আমার কথা শুনে চিঠি লিখব।
attraction_00565	attraction	p3_ord	p2_hon	p2_hon	attractor	fut	সে আগামী সপ্তাহে আপনার কথা ভেবে চিঠি লিখবে।	সে আগামী সপ্তাহে আপনার কথা ভেবে চিঠি লিখবেন।
attraction_00566	attraction	p3_ord	p1	p1	attractor	fut	ছেলেটি কিছুদিন পরে আমার সঙ্গে চিঠি লিখবে।	ছেলেটি কিছুদিন পরে আমার সঙ্গে চিঠি লিখব।
attraction_00567	attraction	p3_ord	p1	p1	attractor	fut	ছেলেটি কিছুদিন পরে আমাদের বাড়িতে এসে চিঠি লিখবে।	ছেলেটি কিছুদিন পরে আমাদের বাড়িতে এসে চিঠি লিখব।
attraction_00568	attraction	p3_ord	p1	p1	attractor	fut	ছেলেটি আগামী সপ্তাহে আমার কথা শুনে চিঠি লিখবে।	ছেলেটি আগামী সপ্তাহে আমার কথা শুনে চিঠি লিখব।
attraction_00569	attraction	p3_ord	p2_hon	p2_hon	attractor	fut	ছেলেটি আগামী সপ্তাহে আপনার কথা ভেবে চিঠি লিখবে।	ছেলেটি আগামী সপ্তাহে আপনার কথা ভেবে চিঠি লিখবেন।
attraction_00570	attraction	p3_ord	p1	p1	attractor	fut	মেয়েটি কিছুদিন পরে আমার সঙ্গে চিঠি লিখবে।	মেয়েটি কিছুদিন পরে আমার সঙ্গে চিঠি লিখব।
attraction_00571	attraction	p3_ord	p1	p1	attractor	fut	মেয়েটি আগামীকাল আমাদের বাড়িতে এসে চিঠি লিখবে।	মেয়েটি আগামীকাল আমাদের বাড়িতে এসে চিঠি লিখব।
attraction_00572	attraction	p3_ord	p1	p1	attractor	fut	মেয়েটি কিছুদিন পরে আমার কথা শুনে চিঠি লিখবে।	মেয়েটি কিছুদিন পরে আমার কথা শুনে চিঠি লিখব।
attraction_00573	attraction	p3_ord	p2_hon	p2_hon	attractor	fut	মেয়েটি আগামীকাল আপনার কথা ভেবে চিঠি লিখবে।	মেয়েটি আগামীকাল আপনার কথা ভেবে চিঠি লিখবেন।
attraction_00574	attraction	p3_ord	p1	p1	attractor	fut	আমার বন্ধু কিছুদিন পরে আমার সঙ্গে চিঠি লিখবে।	আমার বন্ধু কিছুদিন পরে আমার সঙ্গে চিঠি লিখব।
attraction_00575	attraction	p3_ord	p1	p1	attractor	fut	আমার বন্ধু আগামীকাল আমাদের বাড়িতে এসে চিঠি লিখবে।	আমার বন্ধু আগামীকাল আমাদের বাড়িতে এসে চিঠি লিখব।
attraction_00576	attraction	p3_ord	p1	p1	attractor	fut	আমার বন্ধু কিছুদিন পরে আমার কথা শুনে চিঠি লিখবে।	আমার বন্ধু কিছুদিন পরে আমার কথা শুনে চিঠি লিখব।
attraction_00577	attraction	p3_ord	p2_hon	p2_hon	attractor	fut	আমার বন্ধু কিছুদিন পরে আপনার কথা ভেবে চিঠি লিখবে।	আমার বন্ধু কিছুদিন পরে আপনার কথা ভেবে চিঠি লিখবেন।
attraction_00578	attraction	p3_ord	p1	p1	attractor	fut	রহিম আগামীকাল আমার সঙ্গে চিঠি লিখবে।	রহিম আগামীকাল আমার সঙ্গে চিঠি লিখব।
attraction_00579	attraction	p3_ord	p1	p1	attractor	fut	রহিম আগামীকাল আমাদের বাড়িতে এসে চিঠি লিখবে।	রহিম আগামীকাল আমাদের বাড়িতে এসে চিঠি লিখব।
attraction_00580	attraction	p3_ord	p1	p1	attractor	fut	রহিম কিছুদিন পরে আমার কথা শুনে চিঠি লিখবে।	রহিম কিছুদিন পরে আমার কথা শুনে চিঠি লিখব।
attraction_00581	attraction	p3_ord	p2_hon	p2_hon	attractor	fut	রহিম আগামী সপ্তাহে আপনার কথা ভেবে চিঠি লিখবে।	রহিম আগামী সপ্তাহে আপনার কথা ভেবে চিঠি লিখবেন।
attraction_00582	attraction	p3_hon	p1	p1	attractor	fut	তিনি আগামীকাল আমার সঙ্গে চিঠি লিখবেন।	তিনি আগামীকাল আমার সঙ্গে চিঠি লিখব।
attraction_00583	attraction	p3_hon	p1	p1	attractor	fut	তিনি আগামীকাল আমাদের বাড়িতে এসে চিঠি লিখবেন।	তিনি আগামীকাল আমাদের বাড়িতে এসে চিঠি লিখব।
attraction_00584	attraction	p3_hon	p1	p1	attractor	fut	তিনি আগামী সপ্তাহে আমার কথা শুনে চিঠি লিখবেন।	তিনি আগামী সপ্তাহে আমার কথা শুনে চিঠি লিখব।
attraction_00585	attraction	p3_hon	p2_fam	p2_fam	attractor	fut	তিনি আগামী সপ্তাহে তোমার সঙ্গে চিঠি লিখবেন।	তিনি আগামী সপ্তাহে তোমার সঙ্গে চিঠি লিখবে।
attraction_00586	attraction	p3_hon	p2_fam	p2_fam	attractor	fut	তিনি আগামীকাল তোমাদের সাথে বসে চিঠি লিখবেন।	তিনি আগামীকাল তোমাদের সাথে বসে চিঠি লিখবে।
attraction_00587	attraction	p3_hon	p1	p1	attractor	fut	উনি কিছুদিন পরে আমার সঙ্গে চিঠি লিখবেন।	উনি কিছুদিন পরে আমার সঙ্গে চিঠি লিখব।
attraction_00588	attraction	p3_hon	p1	p1	attractor	fut	উনি আগামীকাল আমাদের বাড়িতে এসে চিঠি লিখবেন।	উনি আগামীকাল আমাদের বাড়িতে এসে চিঠি লিখব।
attraction_00589	attraction	p3_hon	p1	p1	attractor	fut	উনি কিছুদিন পরে আমার কথা শুনে চিঠি লিখবেন।	উনি কিছুদিন পরে আমার কথা শুনে চিঠি লিখব।
attraction_00590	attraction	p3_hon	p2_fam	p2_fam	attractor	fut	উনি কিছুদিন পরে তোমার সঙ্গে চিঠি লিখবেন।	উনি কিছুদিন পরে তোমার সঙ্গে চিঠি লিখবে।
attraction_00591	attraction	p3_hon	p2_fam	p2_fam	attractor	fut	উনি আগামীকাল তোমাদের সাথে বসে চিঠি লিখবেন।	উনি আগামীকাল তোমাদের সাথে বসে চিঠি লিখবে।
attraction_00592	attraction	p2_fam	p1	p1	attractor	fut	তুমি আগামীকাল আমার সঙ্গে চিঠি লিখবে।	তুমি আগামীকাল আমার সঙ্গে চিঠি লিখব।
attraction_00593	attraction	p2_fam	p1	p1	attractor	fut	তুমি আগামীকাল আমাদের বাড়িতে এসে চিঠি লিখবে।	তুমি আগামীকাল আমাদের বাড়িতে এসে চিঠি লিখব।
attraction_00594	attraction	p2_fam	p1	p1	attractor	fut	তুমি কিছুদিন পরে আমার কথা শুনে চিঠি লিখবে।	তুমি কিছুদিন পরে আমার কথা শুনে চিঠি লিখব।
attraction_00595	attraction	p3_ord	p1	p1	attractor	pres	সে প্রায়ই আমার সঙ্গে বই পড়ে।	সে প্রায়ই আমার সঙ্গে বই পড়ি।
attraction_00596	attraction	p3_ord	p1	p1	attractor	pres	সে প্রতিদিন আমাদের বাড়িতে এসে বই পড়ে।	সে প্রতিদিন আমাদের বাড়িতে এসে বই পড়ি।
attraction_00597	attraction	p3_ord	p1	p1	attractor	pres	সে প্রতিদিন আমার কথা শুনে বই পড়ে।	সে প্রতিদিন আমার কথা শুনে বই পড়ি।
attraction_00598	attraction	p3_ord	p2_fam	p2_fam	attractor	pres	সে প্রতিদিন তোমার সঙ্গে বই পড়ে।	সে প্রতিদিন তোমার সঙ্গে বই পড়ো।
attraction_00599	attraction	p3_ord	p2_fam	p2_fam	attractor	pres	সে সাধারণত তোমাদের সাথে বসে বই পড়ে।	সে সাধারণত তোমাদের সাথে বসে বই পড়ো।
attraction_00600	attraction	p3_ord	p2_hon	p2_hon	attractor	pres	সে প্রায়ই আপনার কথা ভেবে বই পড়ে।	সে প্রায়ই আপনার কথা ভেবে বই পড়েন।
attraction_00601	attraction	p3_ord	p1	p1	attractor	pres	ছেলেটি সাধারণত আমার সঙ্গে বই পড়ে।	ছেলেটি সাধারণত আমার সঙ্গে বই পড়ি।
attraction_00602	attraction	p3_ord	p1	p1	attractor	pres	ছেলেটি প্রতিদিন আমাদের বাড়িতে এসে বই পড়ে।	ছেলেটি প্রতিদিন আমাদের বাড়িতে এসে বই পড়ি।
attraction_00603	attraction	p3_ord	p1	p1	attractor	pres	ছেলেটি প্রতিদিন আমার কথা শুনে বই পড়ে।	ছেলেটি প্রতিদিন আমার কথা শুনে বই পড়ি।
attraction_00604	attraction	p3_ord	p2_fam	p2_fam	attractor	pres	ছেলেটি প্রতিদিন তোমার সঙ্গে বই পড়ে।	ছেলেটি প্রতিদিন তোমার সঙ্গে বই পড়ো।
attraction_00605	attraction	p3_ord	p2_fam	p2_fam	attractor	pres	ছেলেটি সাধারণত তোমাদের সাথে বসে বই পড়ে।	ছেলেটি সাধারণত তোমাদের সাথে বসে বই পড়ো।
attraction_00606	attraction	p3_ord	p2_hon	p2_hon	attractor	pres	ছেলেটি প্রায়ই আপনার কথা ভেবে বই পড়ে।	ছেলেটি প্রায়ই আপনার কথা ভেবে বই পড়েন।
attraction_00607	attraction	p3_ord	p1	p1	attractor	pres	মেয়েটি প্রায়ই আমার সঙ্গে বই পড়ে।	মেয়েটি প্রায়ই আমার সঙ্গে বই পড়ি।
attraction_00608	attraction	p3_ord	p1	p1	attractor	pres	মেয়েটি সাধারণত আমাদের বাড়িতে এসে বই পড়ে।	মেয়েটি সাধারণত আমাদের বাড়িতে এসে বই পড়ি।
attraction_00609	attraction	p3_ord	p1	p1	attractor	pres	মেয়েটি সাধারণত আমার কথা শুনে বই পড়ে।	মেয়েটি সাধারণত আমার কথা শুনে বই পড়ি।
attraction_00610	attraction	p3_ord	p2_fam	p2_fam	attractor	pres	মেয়েটি প্রায়ই তোমার সঙ্গে বই পড়ে।	মেয়েটি প্রায়ই তোমার সঙ্গে বই পড়ো।
attraction_00611	attraction	p3_ord	p2_fam	p2_fam	attractor	pres	মেয়েটি প্রতিদিন তোমাদের সাথে বসে বই পড়ে।	মেয়েটি প্রতিদিন তোমাদের সাথে বসে বই পড়ো।
attraction_00612	attraction	p3_ord	p2_hon	p2_hon	attractor	pres	মেয়েটি সাধারণত আপনার কথা ভেবে বই পড়ে।	মেয়েটি সাধারণত আপনার কথা ভেবে বই পড়েন।
attraction_00613	attraction	p3_ord	p1	p1	attractor	pres	আমার বন্ধু সাধারণত আমার সঙ্গে বই পড়ে।	আমার বন্ধু সাধারণত আমার সঙ্গে বই পড়ি।
attraction_00614	attraction	p3_ord	p1	p1	attractor	pres	আমার বন্ধু প্রতিদিন আমাদের বাড়িতে এসে বই পড়ে।	আমার বন্ধু প্রতিদিন আমাদের বাড়িতে এসে বই পড়ি।
attraction_00615	attraction	p3_ord	p1	p1	attractor	pres	আমার বন্ধু প্রায়ই আমার কথা শুনে বই পড়ে।	আমার বন্ধু প্রায়ই আমার কথা শুনে বই পড়ি।
attraction_00616	attraction	p3_ord	p2_fam	p2_fam	attractor	pres	আমার বন্ধু প্রায়ই তোমার সঙ্গে বই পড়ে।	আমার বন্ধু প্রায়ই তোমার সঙ্গে বই পড়ো।
attraction_00617	attraction	p3_ord	p2_fam	p2_fam	attractor	pres	আমার বন্ধু সাধারণত তোমাদের সাথে বসে বই পড়ে।	আমার বন্ধু সাধারণত তোমাদের সাথে বসে বই পড়ো।
attraction_00618	attraction	p3_ord	p2_hon	p2_hon	attractor	pres	আমার বন্ধু সাধারণত আপনার কথা ভেবে বই পড়ে।	আমার বন্ধু সাধারণত আপনার কথা ভেবে বই পড়েন।
attraction_00619	attraction	p3_ord	p1	p1	attractor	pres	রহিম প্রতিদিন আমার সঙ্গে বই পড়ে।	রহিম প্রতিদিন আমার সঙ্গে বই পড়ি।
attraction_00620	attraction	p3_ord	p1	p1	attractor	pres	রহিম প্রায়ই আমাদের বাড়িতে এসে বই পড়ে।	রহিম প্রায়ই আমাদের বাড়িতে এসে বই পড়ি।
attraction_00621	attraction	p3_ord	p1	p1	attractor	pres	রহিম প্রতিদিন আমার কথা শুনে বই পড়ে।	রহিম প্রতিদিন আমার কথা শুনে বই পড়ি।
attraction_00622	attraction	p3_ord	p2_fam	p2_fam	attractor	pres	রহিম প্রায়ই তোমার সঙ্গে বই পড়ে।	রহিম প্রায়ই তোমার সঙ্গে বই পড়ো।
attraction_00623	attraction	p3_ord	p2_fam	p2_fam	attractor	pres	রহিম প্রতিদিন তোমাদের সাথে বসে বই পড়ে।	রহিম প্রতিদিন তোমাদের সাথে বসে বই পড়ো।
attraction_00624	attraction	p3_ord	p2_hon	p2_hon	attractor	pres	রহিম সাধারণত আপনার কথা ভেবে বই পড়ে।	রহিম সাধারণত আপনার কথা ভেবে বই পড়েন।
attraction_00625	attraction	p3_hon	p1	p1	attractor	pres	তিনি সাধারণত আমার সঙ্গে বই পড়েন।	তিনি সাধারণত আমার সঙ্গে বই পড়ি।
attraction_00626	attraction	p3_hon	p1	p1	attractor	pres	তিনি প্রায়ই আমাদের বাড়িতে এসে বই পড়েন।	তিনি প্রায়ই আমাদের বাড়িতে এসে বই পড়ি।
attraction_00627	attraction	p3_hon	p1	p1	attractor	pres	তিনি প্রতিদিন আমার কথা শুনে বই পড়েন।	তিনি প্রতিদিন আমার কথা শুনে বই পড়ি।
attraction_00628	attraction	p3_hon	p2_fam	p2_fam	attractor	pres	তিনি প্রতিদিন তোমার সঙ্গে বই পড়েন।	তিনি প্রতিদিন তোমার সঙ্গে বই পড়ো।
attraction_00629	attraction	p3_hon	p2_fam	p2_fam	attractor	pres	তিনি প্রায়ই তোমাদের সাথে বসে বই পড়েন।	তিনি প্রায়ই তোমাদের সাথে বসে বই পড়ো।
attraction_00630	attraction	p3_hon	p1	p1	attractor	pres	উনি প্রতিদিন আমার সঙ্গে বই পড়েন।	উনি প্রতিদিন আমার সঙ্গে বই পড়ি।
attraction_00631	attraction	p3_hon	p1	p1	attractor	pres	উনি প্রায়ই আমাদের বাড়িতে এসে বই পড়েন।	উনি প্রায়ই আমাদের বাড়িতে এসে বই পড়ি।
attraction_00632	attraction	p3_hon	p1	p1	attractor	pres	উনি প্রতিদিন আমার কথা শুনে বই পড়েন।	উনি প্রতিদিন আমার কথা শুনে বই পড়ি।
attraction_00633	attraction	p3_hon	p2_fam	p2_fam	attractor	pres	উনি সাধারণত তোমার সঙ্গে বই পড়েন।	উনি সাধারণত তোমার সঙ্গে বই পড়ো।
attraction_00634	attraction	p3_hon	p2_fam	p2_fam	attractor	pres	উনি প্রায়ই তোমাদের সাথে বসে বই পড়েন।	উনি প্রায়ই তোমাদের সাথে বসে বই পড়ো।
attraction_00635	attraction	p2_fam	p1	p1	attractor	pres	তুমি প্রায়ই আমার সঙ্গে বই পড়ো।	তুমি প্রায়ই আমার সঙ্গে বই পড়ি।
attraction_00636	attraction	p2_fam	p1	p1	attractor	pres	তুমি সাধারণত আমাদের বাড়িতে এসে বই পড়ো।	তুমি সাধারণত আমাদের বাড়িতে এসে বই পড়ি।
attraction_00637	attraction	p2_fam	p1	p1	attractor	pres	তুমি সাধারণত আমার কথা শুনে বই পড়ো।	তুমি সাধারণত আমার কথা শুনে বই পড়ি।
attraction_00638	attraction	p3_ord	p1	p1	attractor	past	সে কাল সন্ধ্যায় আমার সঙ্গে বই পড়লো।	সে কাল সন্ধ্যায় আমার সঙ্গে বই পড়লাম।
attraction_00639	attraction	p3_ord	p1	p1	attractor	past	সে কাল সন্ধ্যায় আমাদের বাড়িতে এসে বই পড়লো।	সে কাল সন্ধ্যায় আমাদের বাড়িতে এসে বই পড়লাম।
attraction_00640	attraction	p3_ord	p1	p1	attractor	past	সে গতকাল আমার কথা শুনে বই পড়লো।	সে গতকাল আমার কথা শুনে বই পড়লাম।
attraction_00641	attraction	p3_ord	p2_fam	p2_fam	attractor	past	সে গত সপ্তাহে তোমার সঙ্গে বই পড়লো।	সে গত সপ্তাহে তোমার সঙ্গে বই পড়লে।
attraction_00642	attraction	p3_ord	p2_fam	p2_fam	attractor	past	সে গত সপ্তাহে তোমাদের সাথে বসে বই পড়লো।	সে গত সপ্তাহে তোমাদের সাথে বসে বই পড়লে।
attraction_00643	attraction	p3_ord	p2_hon	p2_hon	attractor	past	সে গতকাল আপনার কথা ভেবে বই পড়লো।	সে গতকাল আপনার কথা ভেবে বই পড়লেন।
attraction_00644	attraction	p3_ord	p1	p1	attractor	past	ছেলেটি গতকাল আমার সঙ্গে বই পড়লো।	ছেলেটি গতকাল আমার সঙ্গে বই পড়লাম।
attraction_00645	attraction	p3_ord	p1	p1	attractor	past	ছেলেটি গতকাল আমাদের বাড়িতে এসে বই পড়লো।	ছেলেটি গতকাল আমাদের বাড়িতে এসে বই পড়লাম।
attraction_00646	attraction	p3_ord	p1	p1	attractor	past	ছেলেটি গত সপ্তাহে আমার কথা শুনে বই পড়লো।	ছেলেটি গত সপ্তাহে আমার কথা শুনে বই পড়লাম।
attraction_00647	attraction	p3_ord	p2_fam	p2_fam	attractor	past	ছেলেটি গতকাল তোমার সঙ্গে বই পড়লো।	ছেলেটি গতকাল তোমার সঙ্গে বই পড়লে।
attraction_00648	attraction	p3_ord	p2_fam	p2_fam	attractor	past	ছেলেটি কাল সন্ধ্যায় তোমাদের সাথে বসে বই পড়লো।	ছেলেটি কাল সন্ধ্যায় তোমাদের সাথে বসে বই পড়লে।
attraction_00649	attraction	p3_ord	p2_hon	p2_hon	attractor	past	ছেলেটি গতকাল আপনার কথা ভেবে বই পড়লো।	ছেলেটি গতকাল আপনার কথা ভেবে বই পড়লেন।
attraction_00650	attraction	p3_ord	p1	p1	attractor	past	মেয়েটি কাল সন্ধ্যায় আমার সঙ্গে বই পড়লো।	মেয়েটি কাল সন্ধ্যায় আমার সঙ্গে বই পড়লাম।
attraction_00651	attraction	p3_ord	p1	p1	attractor	past	মেয়েটি গত সপ্তাহে আমাদের বাড়িতে এসে বই পড়লো।	মেয়েটি গত সপ্তাহে আমাদের বাড়িতে এসে বই পড়লাম।
attraction_00652	attraction	p3_ord	p1	p1	attractor	past	মেয়েটি গতকাল আমার কথা শুনে বই পড়লো।	মেয়েটি গতকাল আমার কথা শুনে বই পড়লাম।
attraction_00653	attraction	p3_ord	p2_fam	p2_fam	attractor	past	মেয়েটি কাল সন্ধ্যায় তোমার সঙ্গে বই পড়লো।	মেয়েটি কাল সন্ধ্যায় তোমার সঙ্গে বই পড়লে।
attraction_00654	attraction	p3_ord	p2_fam	p2_fam	attractor	past	মেয়েটি গত সপ্তাহে তোমাদের সাথে বসে বই পড়লো।	মেয়েটি গত সপ্তাহে তোমাদের সাথে বসে বই পড়লে।
attraction_00655	attraction	p3_ord	p2_hon	p2_hon	attractor	past	মেয়েটি গত সপ্তাহে আপনার কথা ভেবে বই পড়লো।	মেয়েটি গত সপ্তাহে আপনার কথা ভেবে বই পড়লেন।
attraction_00656	attraction	p3_ord	p1	p1	attractor	past	আমার বন্ধু কাল সন্ধ্যায় আমার সঙ্গে বই পড়লো।	আমার বন্ধু কাল সন্ধ্যায় আমার সঙ্গে বই পড়লাম।
attraction_00657	attraction	p3_ord	p1	p1	attractor	past	আমার বন্ধু গতকাল আমাদের বাড়িতে এসে বই পড়লো।	আমার বন্ধু গতকাল আমাদের বাড়িতে এসে বই পড়লাম।
attraction_00658	attraction	p3_ord	p1	p1	attractor	past	আমার বন্ধু গত সপ্তাহে আমার কথা শুনে বই পড়লো।	আমার বন্ধু গত সপ্তাহে আমার কথা শুনে বই পড়লাম।
attraction_00659	attraction	p3_ord	p2_fam	p2_fam	attractor	past	আমার বন্ধু গত সপ্তাহে তোমার সঙ্গে বই পড়লো।	আমার বন্ধু গত সপ্তাহে তোমার সঙ্গে বই পড়লে।
attraction_00660	attraction	p3_ord	p2_fam	p2_fam	attractor	past	আমার বন্ধু গতকাল তোমাদের সাথে বসে বই পড়লো।	আমার বন্ধু গতকাল তোমাদের সাথে বসে বই পড়লে।
attraction_00661	attraction	p3_ord	p2_hon	p2_hon	attractor	past	আমার বন্ধু কাল সন্ধ্যায় আপনার কথা ভেবে বই পড়লো।	আমার বন্ধু কাল সন্ধ্যায় আপনার কথা ভেবে বই পড়লেন।
attraction_00662	attraction	p3_ord	p1	p1	attractor	past	রহিম গত সপ্তাহে আমার সঙ্গে বই পড়লো।	রহিম গত সপ্তাহে আমার সঙ্গে বই পড়লাম।
attraction_00663	attraction	p3_ord	p1	p1	attractor	past	রহিম গতকাল আমাদের বাড়িতে এসে বই পড়লো।	রহিম গতকাল আমাদের বাড়িতে এসে বই পড়লাম।
attraction_00664	attraction	p3_ord	p1	p1	attractor	past	রহিম গতকাল আমার কথা শুনে বই পড়লো।	রহিম গতকাল আমার কথা শুনে বই পড়লাম।
attraction_00665	attraction	p3_ord	p2_fam	p2_fam	attractor	past	রহিম গতকাল তোমার সঙ্গে বই পড়লো।	রহিম গতকাল তোমার সঙ্গে বই পড়লে।
attraction_00666	attraction	p3_ord	p2_fam	p2_fam	attractor	past	রহিম গতকাল তোমাদের সাথে বসে বই পড়লো।	রহিম গতকাল তোমাদের সাথে বসে বই পড়লে।
attraction_00667	attraction	p3_ord	p2_hon	p2_hon	attractor	past	রহিম গতকাল আপনার কথা ভেবে বই পড়লো।	রহিম গতকাল আপনার কথা ভেবে বই পড়লেন।
attraction_00668	attraction	p3_hon	p1	p1	attractor	past	তিনি গতকাল আমার সঙ্গে বই পড়লেন।	তিনি গতকাল আমার সঙ্গে বই পড়লাম।
attraction_00669	attraction	p3_hon	p1	p1	attractor	past	তিনি গতকাল আমাদের বাড়িতে এসে বই পড়লেন।	তিনি গতকাল আমাদের বাড়িতে এসে বই পড়লাম।
attraction_00670	attraction	p3_hon	p1	p1	attractor	past	তিনি কাল সন্ধ্যায় আমার কথা শুনে বই পড়লেন।	তিনি কাল সন্ধ্যায় আমার কথা শুনে বই পড়লাম।
attraction_00671	attraction	p3_hon	p2_fam	p2_fam	attractor	past	তিনি কাল সন্ধ্যায় তোমার সঙ্গে বই পড়লেন।	তিনি কাল সন্ধ্যায় তোমার সঙ্গে বই পড়লে।
attraction_00672	attraction	p3_hon	p2_fam	p2_fam	attractor	past	তিনি কাল সন্ধ্যায় তোমাদের সাথে বসে বই পড়লেন।	তিনি কাল সন্ধ্যায় তোমাদের সাথে বসে বই পড়লে।
attraction_00673	attraction	p3_hon	p1	p1	attractor	past	উনি গত সপ্তাহে আমার সঙ্গে বই পড়লেন।	উনি গত সপ্তাহে আমার সঙ্গে বই পড়লাম।
attraction_00674	attraction	p3_hon	p1	p1	attractor	past	উনি কাল সন্ধ্যায় আমাদের বাড়িতে এসে বই পড়লেন।	উনি কাল সন্ধ্যায় আমাদের বাড়িতে এসে বই পড়লাম।
attraction_00675	attraction	p3_hon	p1	p1	attractor	past	উনি কাল সন্ধ্যায় আমার কথা শুনে বই পড়লেন।	উনি কাল সন্ধ্যায় আমার কথা শুনে বই পড়লাম।
attraction_00676	attraction	p3_hon	p2_fam	p2_fam	attractor	past	উনি গতকাল তোমার সঙ্গে বই পড়লেন।	উনি গতকাল তোমার সঙ্গে বই পড়লে।
attraction_00677	attraction	p3_hon	p2_fam	p2_fam	attractor	past	উনি কাল সন্ধ্যায় তোমাদের সাথে বসে বই পড়লেন।	উনি কাল সন্ধ্যায় তোমাদের সাথে বসে বই পড়লে।
attraction_00678	attraction	p2_fam	p1	p1	attractor	past	তুমি গত সপ্তাহে আমার সঙ্গে বই পড়লে।	তুমি গত সপ্তাহে আমার সঙ্গে বই পড়লাম।
attraction_00679	attraction	p2_fam	p1	p1	attractor	past	তুমি কাল সন্ধ্যায় আমাদের বাড়িতে এসে বই পড়লে।	তুমি কাল সন্ধ্যায় আমাদের বাড়িতে এসে বই পড়লাম।
attraction_00680	attraction	p2_fam	p1	p1	attractor	past	তুমি গতকাল আমার কথা শুনে বই পড়লে।	তুমি গতকাল আমার কথা শুনে বই পড়লাম।
attraction_00681	attraction	p3_ord	p1	p1	attractor	fut	সে কিছুদিন পরে আমার সঙ্গে বই পড়বে।	সে কিছুদিন পরে আমার সঙ্গে বই পড়ব।
attraction_00682	attraction	p3_ord	p1	p1	attractor	fut	সে কিছুদিন পরে আমাদের বাড়িতে এসে বই পড়বে।	সে কিছুদিন পরে আমাদের বাড়িতে এসে বই পড়ব।
attraction_00683	attraction	p3_ord	p1	p1	attractor	fut	সে আগামীকাল আমার কথা শুনে বই পড়বে।	সে আগামীকাল আমার কথা শুনে বই পড়ব।
attraction_00684	attraction	p3_ord	p2_hon	p2_hon	attractor	fut	সে আগামী সপ্তাহে আপনার কথা ভেবে বই পড়বে।	সে আগামী সপ্তাহে আপনার কথা ভেবে বই পড়বেন।
attraction_00685	attraction	p3_ord	p1	p1	attractor	fut	ছেলেটি আগামীকাল আমার সঙ্গে বই পড়বে।	ছেলেটি আগামীকাল আমার সঙ্গে বই পড়ব।
attraction_00686	attraction	p3_ord	p1	p1	attractor	fut	ছেলেটি কিছুদিন পরে আমাদের বাড়িতে এসে বই পড়বে।	ছেলেটি কিছুদিন পরে আমাদের বাড়িতে এসে বই পড়ব।
attraction_00687	attraction	p3_ord	p1	p1	attractor	fut	ছেলেটি আগামী সপ্তাহে আমার কথা শুনে বই পড়বে।	ছেলেটি আগামী সপ্তাহে আমার কথা শুনে বই পড়ব।
attraction_00688	attraction	p3_ord	p2_hon	p2_hon	attractor	fut	ছেলেটি আগামী সপ্তাহে আপনার কথা ভেবে বই পড়বে।	ছেলেটি আগামী সপ্তাহে আপনার কথা ভেবে বই পড়বেন।
attraction_00689	attraction	p3_ord	p1	p1	attractor	fut	মেয়েটি আগামীকাল আমার সঙ্গে বই পড়বে।	মেয়েটি আগামীকাল আমার সঙ্গে বই পড়ব।
attraction_00690	attraction	p3_ord	p1	p1	attractor	fut	মেয়েটি আগামীকাল আমাদের বাড়িতে এসে বই পড়বে।	মেয়েটি আগামীকাল আমাদের বাড়িতে এসে বই পড়ব।
attraction_00691	attraction	p3_ord	p1	p1	attractor	fut	মেয়েটি আগামী সপ্তাহে আমার কথা শুনে বই পড়বে।	মেয়েটি আগামী সপ্তাহে আমার কথা শুনে বই পড়ব।
attraction_00692	attraction	p3_ord	p2_hon	p2_hon	attractor	fut	মেয়েটি কিছুদিন পরে আপনার কথা ভেবে বই পড়বে।	মেয়েটি কিছুদিন পরে আপনার কথা ভেবে বই পড়বেন।
attraction_00693	attraction	p3_ord	p1	p1	attractor	fut	আমার বন্ধু আগামীকাল আমার সঙ্গে বই পড়বে।	আমার বন্ধু আগামীকাল আমার সঙ্গে বই পড়ব।
attraction_00694	attraction	p3_ord	p1	p1	attractor	fut	আমার বন্ধু কিছুদিন পরে আমাদের বাড়িতে এসে বই পড়বে।	আমার বন্ধু কিছুদিন পরে আমাদের বাড়িতে এসে বই পড়ব।
attraction_00695	attraction	p3_ord	p1	p1	attractor	fut	আমার বন্ধু কিছুদিন পরে আমার কথা শুনে বই পড়বে।	আমার বন্ধু কিছুদিন পরে আমার কথা শুনে বই পড়ব।
attraction_00696	attraction	p3_ord	p2_hon	p2_hon	attractor	fut	আমার বন্ধু কিছুদিন পরে আপনার কথা ভেবে বই পড়বে।	আমার বন্ধু কিছুদিন পরে আপনার কথা ভেবে বই পড়বেন।
attraction_00697	attraction	p3_ord	p1	p1	attractor	fut	রহিম আগামীকাল আমার সঙ্গে বই পড়বে।	রহিম আগামীকাল আমার সঙ্গে বই পড়ব।
attraction_00698	attraction	p3_ord	p1	p1	attractor	fut	রহিম কিছুদিন পরে আমাদের বাড়িতে এসে বই পড়বে।	রহিম কিছুদিন পরে আমাদের বাড়িতে এসে বই পড়ব।
attraction_00699	attraction	p3_ord	p1	p1	attractor	fut	রহিম আগামী সপ্তাহে আমার কথা শুনে বই পড়বে।	রহিম আগামী সপ্তাহে আমার কথা শুনে বই পড়ব।
attraction_00700	attraction	p3_ord	p2_hon	p2_hon	attractor	fut	রহিম আগামীকাল আপনার কথা ভেবে বই পড়বে।	রহিম আগামীকাল আপনার কথা ভেবে বই পড়বেন।
attraction_00701	attraction	p3_hon	p1	p1	attractor	fut	তিনি আগামী সপ্তাহে আমার সঙ্গে বই পড়বেন।	তিনি আগামী সপ্তাহে আমার সঙ্গে বই পড়ব।
attraction_00702	attraction	p3_hon	p1	p1	attractor	fut	তিনি কিছুদিন পরে আমাদের বাড়িতে এসে বই পড়বেন।	তিনি কিছুদিন পরে আমাদের বাড়িতে এসে বই পড়ব।
attraction_00703	attraction	p3_hon	p1	p1	attractor	fut	তিনি আগামী সপ্তাহে আমার কথা শুনে বই পড়বেন।	তিনি আগামী সপ্তাহে আমার কথা শুনে বই পড়ব।
attraction_00704	attraction	p3_hon	p2_fam	p2_fam	attractor	fut	তিনি কিছুদিন পরে তোমার সঙ্গে বই পড়বেন।	তিনি কিছুদিন পরে তোমার সঙ্গে বই পড়বে।
attraction_00705	attraction	p3_hon	p2_fam	p2_fam	attractor	fut	তিনি আগামী সপ্তাহে তোমাদের সাথে বসে বই পড়বেন।	তিনি আগামী সপ্তাহে তোমাদের সাথে বসে বই পড়বে।
attraction_00706	attraction	p3_hon	p1	p1	attractor	fut	উনি আগামীকাল আমার সঙ্গে বই পড়বেন।	উনি আগামীকাল আমার সঙ্গে বই পড়ব।
attraction_00707	attraction	p3_hon	p1	p1	attractor	fut	উনি আগামী সপ্তাহে আমাদের বাড়িতে এসে বই পড়বেন।	উনি আগামী সপ্তাহে আমাদের বাড়িতে এসে বই পড়ব।
attraction_00708	attraction	p3_hon	p1	p1	attractor	fut	উনি আগামীকাল আমার কথা শুনে বই পড়বেন।	উনি আগামীকাল আমার কথা শুনে বই পড়ব।
attraction_00709	attraction	p3_hon	p2_fam	p2_fam	attractor	fut	উনি আগামী সপ্তাহে তোমার সঙ্গে বই পড়বেন।	উনি আগামী সপ্তাহে তোমার সঙ্গে বই পড়বে।
attraction_00710	attraction	p3_hon	p2_fam	p2_fam	attractor	fut	উনি আগামী সপ্তাহে তোমাদের সাথে বসে বই পড়বেন।	উনি আগামী সপ্তাহে তোমাদের সাথে বসে বই পড়বে।
attraction_00711	attraction	p2_fam	p1	p1	attractor	fut	তুমি আগামীকাল আমার সঙ্গে বই পড়বে।	তুমি আগামীকাল আমার সঙ্গে বই পড়ব।
attraction_00712	attraction	p2_fam	p1	p1	attractor	fut	তুমি আগামীকাল আমাদের বাড়িতে এসে বই পড়বে।	তুমি আগামীকাল আমাদের বাড়িতে এসে বই পড়ব।
attraction_00713	attraction	p2_fam	p1	p1	attractor	fut	তুমি আগামী সপ্তাহে আমার কথা শুনে বই পড়বে।	তুমি আগামী সপ্তাহে আমার কথা শুনে বই পড়ব।
attraction_00714	attraction	p3_ord	p1	p1	attractor	pres	সে প্রতিদিন আমার সঙ্গে কথা বলে।	সে প্রতিদিন আমার সঙ্গে কথা বলি।
attraction_00715	attraction	p3_ord	p1	p1	attractor	pres	সে প্রায়ই আমাদের বাড়িতে এসে কথা বলে।	সে প্রায়ই আমাদের বাড়িতে এসে কথা বলি।
attraction_00716	attraction	p3_ord	p1	p1	attractor	pres	সে প্রায়ই আমার কথা শুনে কথা বলে।	সে প্রায়ই আমার কথা শুনে কথা বলি।
attraction_00717	attraction	p3_ord	p2_fam	p2_fam	attractor	pres	সে প্রতিদিন তোমার সঙ্গে কথা বলে।	সে প্রতিদিন তোমার সঙ্গে কথা বলো।
attraction_00718	attraction	p3_ord	p2_fam	p2_fam	attractor	pres	সে প্রায়ই তোমাদের সাথে বসে কথা বলে।	সে প্রায়ই তোমাদের সাথে বসে কথা বলো।
attraction_00719	attraction	p3_ord	p2_hon	p2_hon	attractor	pres	সে প্রায়ই আপনার কথা ভেবে কথা বলে।	সে প্রায়ই আপনার কথা ভেবে কথা বলেন।
attraction_00720	attraction	p3_ord	p1	p1	attractor	pres	ছেলেটি সাধারণত আমার সঙ্গে কথা বলে।	ছেলেটি সাধারণত আমার সঙ্গে কথা বলি।
attraction_00721	attraction	p3_ord	p1	p1	attractor	pres	ছেলেটি প্রায়ই আমাদের বাড়িতে এসে কথা বলে।	ছেলেটি প্রায়ই আমাদের বাড়িতে এসে কথা বলি।
attraction_00722	attraction	p3_ord	p1	p1	attractor	pres	ছেলেটি প্রায়ই আমার কথা শুনে কথা বলে।	ছেলেটি প্রায়ই আমার কথা শুনে কথা বলি।
attraction_00723	attraction	p3_ord	p2_fam	p2_fam	attractor	pres	ছেলেটি সাধারণত তোমার সঙ্গে কথা বলে।	ছেলেটি সাধারণত তোমার সঙ্গে কথা বলো।
attraction_00724	attraction	p3_ord	p2_fam	p2_fam	attractor	pres	ছেলেটি সাধারণত তোমাদের সাথে বসে কথা বলে।	ছেলেটি সাধারণত তোমাদের সাথে বসে কথা বলো।
attraction_00725	attraction	p3_ord	p2_hon	p2_hon	attractor	pres	ছেলেটি সাধারণত আপনার কথা ভেবে কথা বলে।	ছেলেটি সাধারণত আপনার কথা ভেবে কথা বলেন।
attraction_00726	attraction	p3_ord	p1	p1	attractor	pres	মেয়েটি প্রায়ই আমার সঙ্গে কথা বলে।	মেয়েটি প্রায়ই আমার সঙ্গে কথা বলি।
attraction_00727	attraction	p3_ord	p1	p1	attractor	pres	মেয়েটি প্রায়ই আমাদের বাড়িতে এসে কথা বলে।	মেয়েটি প্রায়ই আমাদের বাড়িতে এসে কথা বলি।
attraction_00728	attraction	p3_ord	p1	p1	attractor	pres	মেয়েটি সাধারণত আমার কথা শুনে কথা বলে।	মেয়েটি সাধারণত আমার কথা শুনে কথা বলি।
attraction_00729	attraction	p3_ord	p2_fam	p2_fam	attractor	pres	মেয়েটি প্রতিদিন তোমার সঙ্গে কথা বলে।	মেয়েটি প্রতিদিন তোমার সঙ্গে কথা বলো।
attraction_00730	attraction	p3_ord	p2_fam	p2_fam	attractor	pres	মেয়েটি প্রতিদিন তোমাদের সাথে বসে কথা বলে।	মেয়েটি প্রতিদিন তোমাদের সাথে বসে কথা বলো।
attraction_00731	attraction	p3_ord	p2_hon	p2_hon	attractor	pres	মেয়েটি প্রায়ই আপনার কথা ভেবে কথা বলে।	মেয়েটি প্রায়ই আপনার কথা ভেবে কথা বলেন।
attraction_00732	attraction	p3_ord	p1	p1	attractor	pres	আমার বন্ধু সাধারণত আমার সঙ্গে কথা বলে।	আমার বন্ধু সাধারণত আমার সঙ্গে কথা বলি।
attraction_00733	attraction	p3_ord	p1	p1	attractor	pres	আমার বন্ধু প্রায়ই আমাদের বাড়িতে এসে কথা বলে।	আমার বন্ধু প্রায়ই আমাদের বাড়িতে এসে কথা বলি।
attraction_00734	attraction	p3_ord	p1	p1	attractor	pres	আমার বন্ধু প্রায়ই আমার কথা শুনে কথা বলে।	আমার বন্ধু প্রায়ই আমার কথা শুনে কথা বলি।
attraction_00735	attraction	p3_ord	p2_fam	p2_fam	attractor	pres	আমার বন্ধু সাধারণত তোমার সঙ্গে কথা বলে।	আমার বন্ধু সাধারণত তোমার সঙ্গে কথা বলো।
attraction_00736	attraction	p3_ord	p2_fam	p2_fam	attractor	pres	আমার বন্ধু প্রায়ই তোমাদের সাথে বসে কথা বলে।	আমার বন্ধু প্রায়ই তোমাদের সাথে বসে কথা বলো।
attraction_00737	attraction	p3_ord	p2_hon	p2_hon	attractor	pres	আমার বন্ধু প্রায়ই আপনার কথা ভেবে কথা বলে।	আমার বন্ধু প্রায়ই আপনার কথা ভেবে কথা বলেন।
attraction_00738	attraction	p3_ord	p1	p1	attractor	pres	রহিম প্রতিদিন আমার সঙ্গে কথা বলে।	রহিম প্রতিদিন আমার সঙ্গে কথা বলি।
attraction_00739	attraction	p3_ord	p1	p1	attractor	pres	রহিম প্রায়ই আমাদের বাড়িতে এসে কথা বলে।	রহিম প্রায়ই আমাদের বাড়িতে এসে কথা বলি।
attraction_00740	attraction	p3_ord	p1	p1	attractor	pres	রহিম প্রায়ই আমার কথা শুনে কথা বলে।	রহিম প্রায়ই আমার কথা শুনে কথা বলি।
attraction_00741	attraction	p3_ord	p2_fam	p2_fam	attractor	pres	রহিম প্রায়ই তোমার সঙ্গে কথা বলে।	রহিম প্রায়ই তোমার সঙ্গে কথা বলো।
attraction_00742	attraction	p3_ord	p2_fam	p2_fam	attractor	pres	রহিম প্রায়ই তোমাদের সাথে বসে কথা বলে।	রহিম প্রায়ই তোমাদের সাথে বসে কথা বলো।
attraction_00743	attraction	p3_ord	p2_hon	p2_hon	attractor	pres	রহিম সাধারণত আপনার কথা ভেবে কথা বলে।	রহিম সাধারণত আপনার কথা ভেবে কথা বলেন।
attraction_00744	attraction	p3_hon	p1	p1	attractor	pres	তিনি সাধারণত আমার সঙ্গে কথা বলেন।	তিনি সাধারণত আমার সঙ্গে কথা বলি।
attraction_00745	attraction	p3_hon	p1	p1	attractor	pres	তিনি সাধারণত আমাদের বাড়িতে এসে কথা বলেন।	তিনি সাধারণত আমাদের বাড়িতে এসে কথা বলি।
attraction_00746	attraction	p3_hon	p1	p1	attractor	pres	তিনি সাধারণত আমার কথা শুনে কথা বলেন।	তিনি সাধারণত আমার কথা শুনে কথা বলি।
attraction_00747	attraction	p3_hon	p2_fam	p2_fam	attractor	pres	তিনি সাধারণত তোমার সঙ্গে কথা বলেন।	তিনি সাধারণত তোমার সঙ্গে কথা বলো।
attraction_00748	attraction	p3_hon	p2_fam	p2_fam	attractor	pres	তিনি প্রায়ই তোমাদের সাথে বসে কথা বলেন।	তিনি প্রায়ই তোমাদের সাথে বসে কথা বলো।
attraction_00749	attraction	p3_hon	p1	p1	attractor	pres	উনি প্রায়ই আমার সঙ্গে কথা বলেন।	উনি প্রায়ই আমার সঙ্গে কথা বলি।
attraction_00750	attraction	p3_hon	p1	p1	attractor	pres	উনি প্রতিদিন আমাদের বাড়িতে এসে কথা বলেন।	উনি প্রতিদিন আমাদের বাড়িতে এসে কথা বলি।
attraction_00751	attraction	p3_hon	p1	p1	attractor	pres	উনি সাধারণত আমার কথা শুনে কথা বলেন।	উনি সাধারণত আমার কথা শুনে কথা বলি।
attraction_00752	attraction	p3_hon	p2_fam	p2_fam	attractor	pres	উনি প্রায়ই তোমার সঙ্গে কথা বলেন।	উনি প্রায়ই তোমার সঙ্গে কথা বলো।
attraction_00753	attraction	p3_hon	p2_fam	p2_fam	attractor	pres	উনি প্রতিদিন তোমাদের সাথে বসে কথা বলেন।	উনি প্রতিদিন তোমাদের সাথে বসে কথা বলো।
attraction_00754	attraction	p2_fam	p1	p1	attractor	pres	তুমি সাধারণত আমার সঙ্গে কথা বলো।	তুমি সাধারণত আমার সঙ্গে কথা বলি।
attraction_00755	attraction	p2_fam	p1	p1	attractor	pres	তুমি প্রতিদিন আমাদের বাড়িতে এসে কথা বলো।	তুমি প্রতিদিন আমাদের বাড়িতে এসে কথা বলি।
attraction_00756	attraction	p2_fam	p1	p1	attractor	pres	তুমি সাধারণত আমার কথা শুনে কথা বলো।	তুমি সাধারণত আমার কথা শুনে কথা বলি।
attraction_00757	attraction	p3_ord	p1	p1	attractor	past	সে গতকাল আমার সঙ্গে কথা বললো।	সে গতকাল আমার সঙ্গে কথা বললাম।
attraction_00758	attraction	p3_ord	p1	p1	attractor	past	সে কাল সন্ধ্যায় আমাদের বাড়িতে এসে কথা বললো।	সে কাল সন্ধ্যায় আমাদের বাড়িতে এসে কথা বললাম।
attraction_00759	attraction	p3_ord	p1	p1	attractor	past	সে গত সপ্তাহে আমার কথা শুনে কথা বললো।	সে গত সপ্তাহে আমার কথা শুনে কথা বললাম।
attraction_00760	attraction	p3_ord	p2_fam	p2_fam	attractor	past	সে গত সপ্তাহে তোমার সঙ্গে কথা বললো।	সে গত সপ্তাহে তোমার সঙ্গে কথা বললে।
attraction_00761	attraction	p3_ord	p2_fam	p2_fam	attractor	past	সে গত সপ্তাহে তোমাদের সাথে বসে কথা বললো।	সে গত সপ্তাহে তোমাদের সাথে বসে কথা বললে।
attraction_00762	attraction	p3_ord	p2_hon	p2_hon	attractor	past	সে গত সপ্তাহে আপনার কথা ভেবে কথা বললো।	সে গত সপ্তাহে আপনার কথা ভেবে কথা বললেন।
attraction_00763	attraction	p3_ord	p1	p1	attractor	past	ছেলেটি গত সপ্তাহে আমার সঙ্গে কথা বললো।	ছেলেটি গত সপ্তাহে আমার সঙ্গে কথা বললাম।
attraction_00764	attraction	p3_ord	p1	p1	attractor	past	ছেলেটি কাল সন্ধ্যায় আমাদের বাড়িতে এসে কথা বললো।	ছেলেটি কাল সন্ধ্যায় আমাদের বাড়িতে এসে কথা বললাম।
attraction_00765	attraction	p3_ord	p1	p1	attractor	past	ছেলেটি গত সপ্তাহে আমার কথা শুনে কথা বললো।	ছেলেটি গত সপ্তাহে আমার কথা শুনে কথা বললাম।
attraction_00766	attraction	p3_ord	p2_fam	p2_fam	attractor	past	ছেলেটি গতকাল তোমার সঙ্গে কথা বললো।	ছেলেটি গতকাল তোমার সঙ্গে কথা বললে।
attraction_00767	attraction	p3_ord	p2_fam	p2_fam	attractor	past	ছেলেটি কাল সন্ধ্যায় তোমাদের সাথে বসে কথা বললো।	ছেলেটি কাল সন্ধ্যায় তোমাদের সাথে বসে কথা বললে।
attraction_00768	attraction	p3_ord	p2_hon	p2_hon	attractor	past	ছেলেটি কাল সন্ধ্যায় আপনার কথা ভেবে কথা বললো।	ছেলেটি কাল সন্ধ্যায় আপনার কথা ভেবে কথা বললেন।
attraction_00769	attraction	p3_ord	p1	p1	attractor	past	মেয়েটি কাল সন্ধ্যায় আমার সঙ্গে কথা বললো।	মেয়েটি কাল সন্ধ্যায় আমার সঙ্গে কথা বললাম।
attraction_00770	attraction	p3_ord	p1	p1	attractor	past	মেয়েটি কাল সন্ধ্যায় আমাদের বাড়িতে এসে কথা বললো।	মেয়েটি কাল সন্ধ্যায় আমাদের বাড়িতে এসে কথা বললাম।
attraction_00771	attraction	p3_ord	p1	p1	attractor	past	মেয়েটি গত সপ্তাহে আমার কথা শুনে কথা বললো।	মেয়েটি গত সপ্তাহে আমার কথা শুনে কথা বললাম।
attraction_00772	attraction	p3_ord	p2_fam	p2_fam	attractor	past	মেয়েটি কাল সন্ধ্যায় তোমার সঙ্গে কথা বললো।	মেয়েটি কাল সন্ধ্যায় তোমার সঙ্গে কথা বললে।
attraction_00773	attraction	p3_ord	p2_fam	p2_fam	attractor	past	মেয়েটি গত সপ্তাহে তোমাদের সাথে বসে কথা বললো।	মেয়েটি গত সপ্তাহে তোমাদের সাথে বসে কথা বললে।
attraction_00774	attraction	p3_ord	p2_hon	p2_hon	attractor	past	মেয়েটি কাল সন্ধ্যায় আপনার কথা ভেবে কথা বললো।	মেয়েটি কাল সন্ধ্যায় আপনার কথা ভেবে কথা বললেন।
attraction_00775	attraction	p3_ord	p1	p1	attractor	past	আমার বন্ধু কাল সন্ধ্যায় আমার সঙ্গে কথা বললো।	আমার বন্ধু কাল সন্ধ্যায় আমার সঙ্গে কথা বললাম।
attraction_00776	attraction	p3_ord	p1	p1	attractor	past	আমার বন্ধু গত সপ্তাহে আমাদের বাড়িতে এসে কথা বললো।	আমার বন্ধু গত সপ্তাহে আমাদের বাড়িতে এসে কথা বললাম।
attraction_00777	attraction	p3_ord	p1	p1	attractor	past	আমার বন্ধু কাল সন্ধ্যায় আমার কথা শুনে কথা বললো।	আমার বন্ধু কাল সন্ধ্যায় আমার কথা শুনে কথা বললাম।
attraction_00778	attraction	p3_ord	p2_fam	p2_fam	attractor	past	আমার বন্ধু গতকাল তোমার সঙ্গে কথা বললো।	আমার বন্ধু গতকাল তোমার সঙ্গে কথা বললে।
attraction_00779	attraction	p3_ord	p2_fam	p2_fam	attractor	past	আমার বন্ধু কাল সন্ধ্যায় তোমাদের সাথে বসে কথা বললো।	আমার বন্ধু কাল সন্ধ্যায় তোমাদের সাথে বসে কথা বললে।
attraction_00780	attraction	p3_ord	p2_hon	p2_hon	attractor	past	আমার বন্ধু কাল সন্ধ্যায় আপনার কথা ভেবে কথা বললো।	আমার বন্ধু কাল সন্ধ্যায় আপনার কথা ভেবে কথা বললেন।
attraction_00781	attraction	p3_ord	p1	p1	attractor	past	রহিম গত সপ্তাহে আমার সঙ্গে কথা বললো।	রহিম গত সপ্তাহে আমার সঙ্গে কথা বললাম।
attraction_00782	attraction	p3_ord	p1	p1	attractor	past	রহিম গত সপ্তাহে আমাদের বাড়িতে এসে কথা বললো।	রহিম গত সপ্তাহে আমাদের বাড়িতে এসে কথা বললাম।
attraction_00783	attraction	p3_ord	p1	p1	attractor	past	রহিম গতকাল আমার কথা শুনে কথা বললো।	রহিম গতকাল আমার কথা শুনে কথা বললাম।
attraction_00784	attraction	p3_ord	p2_fam	p2_fam	attractor	past	রহিম গত সপ্তাহে তোমার সঙ্গে কথা বললো।	রহিম গত সপ্তাহে তোমার সঙ্গে কথা বললে।
attraction_00785	attraction	p3_ord	p2_fam	p2_fam	attractor	past	রহিম গতকাল তোমাদের সাথে বসে কথা বললো।	রহিম গতকাল তোমাদের সাথে বসে কথা বললে।
attraction_00786	attraction	p3_ord	p2_hon	p2_hon	attractor	past	রহিম কাল সন্ধ্যায় আপনার কথা ভেবে কথা বললো।	রহিম কাল সন্ধ্যায় আপনার কথা ভেবে কথা বললেন।
attraction_00787	attraction	p3_hon	p1	p1	attractor	past	তিনি গতকাল আমার সঙ্গে কথা বললেন।	তিনি গতকাল আমার সঙ্গে কথা বললাম।
attraction_00788	attraction	p3_hon	p1	p1	attractor	past	তিনি গত সপ্তাহে আমাদের বাড়িতে এসে কথা বললেন।	তিনি গত সপ্তাহে আমাদের বাড়িতে এসে কথা বললাম।
attraction_00789	attraction	p3_hon	p1	p1	attractor	past	তিনি গত সপ্তাহে আমার কথা শুনে কথা বললেন।	তিনি গত সপ্তাহে আমার কথা শুনে কথা বললাম।
attraction_00790	attraction	p3_hon	p2_fam	p2_fam	attractor	past	তিনি গত সপ্তাহে তোমার সঙ্গে কথা বললেন।	তিনি গত সপ্তাহে তোমার সঙ্গে কথা বললে।
attraction_00791	attraction	p3_hon	p2_fam	p2_fam	attractor	past	তিনি কাল সন্ধ্যায় তোমাদের সাথে বসে কথা বললেন।	তিনি কাল সন্ধ্যায় তোমাদের সাথে বসে কথা বললে।
attraction_00792	attraction	p3_hon	p1	p1	attractor	past	উনি গতকাল আমার সঙ্গে কথা বললেন।	উনি গতকাল আমার সঙ্গে কথা বললাম।
attraction_00793	attraction	p3_hon	p1	p1	attractor	past	উনি গতকাল আমাদের বাড়িতে এসে কথা বললেন।	উনি গতকাল আমাদের বাড়িতে এসে কথা বললাম।
attraction_00794	attraction	p3_hon	p1	p1	attractor	past	উনি গতকাল আমার কথা শুনে কথা বললেন।	উনি গতকাল আমার কথা শুনে কথা বললাম।
attraction_00795	attraction	p3_hon	p2_fam	p2_fam	attractor	past	উনি কাল সন্ধ্যায় তোমার সঙ্গে কথা বললেন।	উনি কাল সন্ধ্যায় তোমার সঙ্গে কথা বললে।
attraction_00796	attraction	p3_hon	p2_fam	p2_fam	attractor	past	উনি গত সপ্তাহে তোমাদের সাথে বসে কথা বললেন।	উনি গত সপ্তাহে তোমাদের সাথে বসে কথা বললে।
attraction_00797	attraction	p2_fam	p1	p1	attractor	past	তুমি কাল সন্ধ্যায় আমার সঙ্গে কথা বললে।	তুমি কাল সন্ধ্যায় আমার সঙ্গে কথা বললাম।
attraction_00798	attraction	p2_fam	p1	p1	attractor	past	তুমি গত সপ্তাহে আমাদের বাড়িতে এসে কথা বললে।	তুমি গত সপ্তাহে আমাদের বাড়িতে এসে কথা বললাম।
attraction_00799	attraction	p2_fam	p1	p1	attractor	past	তুমি কাল সন্ধ্যায় আমার কথা শুনে কথা বললে।	তুমি কাল সন্ধ্যায় আমার কথা শুনে কথা বললাম।
attraction_00800	attraction	p3_ord	p1	p1	attractor	fut	সে আগামীকাল আমার সঙ্গে কথা বলবে।	সে আগামীকাল আমার সঙ্গে কথা বলব।
attraction_00801	attraction	p3_ord	p1	p1	attractor	fut	সে কিছুদিন পরে আমাদের বাড়িতে এসে কথা বলবে।	সে কিছুদিন পরে আমাদের বাড়িতে এসে কথা বলব।
attraction_00802	attraction	p3_ord	p1	p1	attractor	fut	সে আগামীকাল আমার কথা শুনে কথা বলবে।	সে আগামীকাল আমার কথা শুনে কথা বলব।
attraction_00803	attraction	p3_ord	p2_hon	p2_hon	attractor	fut	সে আগামীকাল আপনার কথা ভেবে কথা বলবে।	সে আগামীকাল আপনার কথা ভেবে কথা বলবেন।
attraction_00804	attraction	p3_ord	p1	p1	attractor	fut	ছেলেটি আগামীকাল আমার সঙ্গে কথা বলবে।	ছেলেটি আগামীকাল আমার সঙ্গে কথা বলব।
attraction_00805	attraction	p3_ord	p1	p1	attractor	fut	ছেলেটি কিছুদিন পরে আমাদের বাড়িতে এসে কথা বলবে।	ছেলেটি কিছুদিন পরে আমাদের বাড়িতে এসে কথা বলব।
attraction_00806	attraction	p3_ord	p1	p1	attractor	fut	ছেলেটি আগামী সপ্তাহে আমার কথা শুনে কথা বলবে।	ছেলেটি আগামী সপ্তাহে আমার কথা শুনে কথা বলব।
attraction_00807	attraction	p3_ord	p2_hon	p2_hon	attractor	fut	ছেলেটি কিছুদিন পরে আপনার কথা ভেবে কথা বলবে।	ছেলেটি কিছুদিন পরে আপনার কথা ভেবে কথা বলবেন।
attraction_00808	attraction	p3_ord	p1	p1	attractor	fut	মেয়েটি আগামী সপ্তাহে আমার সঙ্গে কথা বলবে।	মেয়েটি আগামী সপ্তাহে আমার সঙ্গে কথা বলব।
attraction_00809	attraction	p3_ord	p1	p1	attractor	fut	মেয়েটি আগামীকাল আমাদের বাড়িতে এসে কথা বলবে।	মেয়েটি আগামীকাল আমাদের বাড়িতে এসে কথা বলব।
attraction_00810	attraction	p3_ord	p1	p1	attractor	fut	মেয়েটি আগামী সপ্তাহে আমার কথা শুনে কথা বলবে।	মেয়েটি আগামী সপ্তাহে আমার কথা শুনে কথা বলব।
attraction_00811	attraction	p3_ord	p2_hon	p2_hon	attractor	fut	মেয়েটি আগামী সপ্তাহে আপনার কথা ভেবে কথা বলবে।	মেয়েটি আগামী সপ্তাহে আপনার কথা ভেবে কথা বলবেন।
attraction_00812	attraction	p3_ord	p1	p1	attractor	fut	আমার বন্ধু আগামী সপ্তাহে আমার সঙ্গে কথা বলবে।	আমার বন্ধু আগামী সপ্তাহে আমার সঙ্গে কথা বলব।
attraction_00813	attraction	p3_ord	p1	p1	attractor	fut	আমার বন্ধু কিছুদিন পরে আমাদের বাড়িতে এসে কথা বলবে।	আমার বন্ধু কিছুদিন পরে আমাদের বাড়িতে এসে কথা বলব।
attraction_00814	attraction	p3_ord	p1	p1	attractor	fut	আমার বন্ধু আগামীকাল আমার কথা শুনে কথা বলবে।	আমার বন্ধু আগামীকাল আমার কথা শুনে কথা বলব।
attraction_00815	attraction	p3_ord	p2_hon	p2_hon	attractor	fut	আমার বন্ধু কিছুদিন পরে আপনার কথা ভেবে কথা বলবে।	আমার বন্ধু কিছুদিন পরে আপনার কথা ভেবে কথা বলবেন।
attraction_00816	attraction	p3_ord	p1	p1	attractor	fut	রহিম কিছুদিন পরে আমার সঙ্গে কথা বলবে।	রহিম কিছুদিন পরে আমার সঙ্গে কথা বলব।
attraction_00817	attraction	p3_ord	p1	p1	attractor	fut	রহিম আগামী সপ্তাহে আমাদের বাড়িতে এসে কথা বলবে।	রহিম আগামী সপ্তাহে আমাদের বাড়িতে এসে কথা বলব।
attraction_00818	attraction	p3_ord	p1	p1	attractor	fut	রহিম আগামী সপ্তাহে আমার কথা শুনে কথা বলবে।	রহিম আগামী সপ্তাহে আমার কথা শুনে কথা বলব।
attraction_00819	attraction	p3_ord	p2_hon	p2_hon	attractor	fut	রহিম আগামীকাল আপনার কথা ভেবে কথা বলবে।	রহিম আগামীকাল আপনার কথা ভেবে কথা বলবেন।
attraction_00820	attraction	p3_hon	p1	p1	attractor	fut	তিনি কিছুদিন পরে আমার সঙ্গে কথা বলবেন।	তিনি কিছুদিন পরে আমার সঙ্গে কথা বলব।
attraction_00821	attraction	p3_hon	p1	p1	attractor	fut	তিনি কিছুদিন পরে আমাদের বাড়িতে এসে কথা বলবেন।	তিনি কিছুদিন পরে আমাদের বাড়িতে এসে কথা বলব।
attraction_00822	attraction	p3_hon	p1	p1	attractor	fut	তিনি আগামীকাল আমার কথা শুনে কথা বলবেন।	তিনি আগামীকাল আমার কথা শুনে কথা বলব।
attraction_00823	attraction	p3_hon	p2_fam	p2_fam	attractor	fut	তিনি আগামী সপ্তাহে তোমার সঙ্গে কথা বলবেন।	তিনি আগামী সপ্তাহে তোমার সঙ্গে কথা বলবে।
attraction_00824	attraction	p3_hon	p2_fam	p2_fam	attractor	fut	তিনি আগামীকাল তোমাদের সাথে বসে কথা বলবেন।	তিনি আগামীকাল তোমাদের সাথে বসে কথা বলবে।
attraction_00825	attraction	p3_hon	p1	p1	attractor	fut	উনি কিছুদিন পরে আমার সঙ্গে কথা বলবেন।	উনি কিছুদিন পরে আমার সঙ্গে কথা বলব।
attraction_00826	attraction	p3_hon	p1	p1	attractor	fut	উনি আগামীকাল আমাদের বাড়িতে এসে কথা বলবেন।	উনি আগামীকাল আমাদের বাড়িতে এসে কথা বলব।
attraction_00827	attraction	p3_hon	p1	p1	attractor	fut	উনি আগামীকাল আমার কথা শুনে কথা বলবেন।	উনি আগামীকাল আমার কথা শুনে কথা বলব।
attraction_00828	attraction	p3_hon	p2_fam	p2_fam	attractor	fut	উনি আগামী সপ্তাহে তোমার সঙ্গে কথা বলবেন।	উনি আগামী সপ্তাহে তোমার সঙ্গে কথা বলবে।
attraction_00829	attraction	p3_hon	p2_fam	p2_fam	attractor	fut	উনি আগামীকাল তোমাদের সাথে বসে কথা বলবেন।	উনি আগামীকাল তোমাদের সাথে বসে কথা বলবে।
attraction_00830	attraction	p2_fam	p1	p1	attractor	fut	তুমি আগামীকাল আমার সঙ্গে কথা বলবে।	তুমি আগামীকাল আমার সঙ্গে কথা বলব।
attraction_00831	attraction	p2_fam	p1	p1	attractor	fut	তুমি কিছুদিন পরে আমাদের বাড়িতে এসে কথা বলবে।	তুমি কিছুদিন পরে আমাদের বাড়িতে এসে কথা বলব।
attraction_00832	attraction	p2_fam	p1	p1	attractor	fut	তুমি কিছুদিন পরে আমার কথা শুনে কথা বলবে।	তুমি কিছুদিন পরে আমার কথা শুনে কথা বলব।
attraction_00833	attraction	p3_ord	p1	p1	attractor	pres	সে সাধারণত আমার সঙ্গে বাড়িতে আসে।	সে সাধারণত আমার সঙ্গে বাড়িতে আসি।
attraction_00834	attraction	p3_ord	p1	p1	attractor	pres	সে প্রতিদিন আমাদের বাড়িতে এসে বাড়িতে আসে।	সে প্রতিদিন আমাদের বাড়িতে এসে বাড়িতে আসি।
attraction_00835	attraction	p3_ord	p1	p1	attractor	pres	সে সাধারণত আমার কথা শুনে বাড়িতে আসে।	সে সাধারণত আমার কথা শুনে বাড়িতে আসি।
attraction_00836	attraction	p3_ord	p2_fam	p2_fam	attractor	pres	সে সাধারণত তোমার সঙ্গে বাড়িতে আসে।	সে সাধারণত তোমার সঙ্গে বাড়িতে আসো।
attraction_00837	attraction	p3_ord	p2_fam	p2_fam	attractor	pres	সে সাধারণত তোমাদের সাথে বসে বাড়িতে আসে।	সে সাধারণত তোমাদের সাথে বসে বাড়িতে আসো।
attraction_00838	attraction	p3_ord	p2_hon	p2_hon	attractor	pres	সে সাধারণত আপনার কথা ভেবে বাড়িতে আসে।	সে সাধারণত আপনার কথা ভেবে বাড়িতে আসেন।
attraction_00839	attraction	p3_ord	p1	p1	attractor	pres	ছেলেটি প্রতিদিন আমার সঙ্গে বাড়িতে আসে।	ছেলেটি প্রতিদিন আমার সঙ্গে বাড়িতে আসি।
attraction_00840	attraction	p3_ord	p1	p1	attractor	pres	ছেলেটি প্রতিদিন আমাদের বাড়িতে এসে বাড়িতে আসে।	ছেলেটি প্রতিদিন আমাদের বাড়িতে এসে বাড়িতে আসি।
attraction_00841	attraction	p3_ord	p1	p1	attractor	pres	ছেলেটি প্রতিদিন আমার কথা শুনে বাড়িতে আসে।	ছেলেটি প্রতিদিন আমার কথা শুনে বাড়িতে আসি।
attraction_00842	attraction	p3_ord	p2_fam	p2_fam	attractor	pres	ছেলেটি প্রতিদিন তোমার সঙ্গে বাড়িতে আসে।	ছেলেটি প্রতিদিন তোমার সঙ্গে বাড়িতে আসো।
attraction_00843	attraction	p3_ord	p2_fam	p2_fam	attractor	pres	ছেলেটি প্রতিদিন তোমাদের সাথে বসে বাড়িতে আসে।	ছেলেটি প্রতিদিন তোমাদের সাথে বসে বাড়িতে আসো।
attraction_00844	attraction	p3_ord	p2_hon	p2_hon	attractor	pres	ছেলেটি সাধারণত আপনার কথা ভেবে বাড়িতে আসে।	ছেলেটি সাধারণত আপনার কথা ভেবে বাড়িতে আসেন।
attraction_00845	attraction	p3_ord	p1	p1	attractor	pres	মেয়েটি প্রায়ই আমার সঙ্গে বাড়িতে আসে।	মেয়েটি প্রায়ই আমার সঙ্গে বাড়িতে আসি।
attraction_00846	attraction	p3_ord	p1	p1	attractor	pres	মেয়েটি প্রায়ই আমাদের বাড়িতে এসে বাড়িতে আসে।	মেয়েটি প্রায়ই আমাদের বাড়িতে এসে বাড়িতে আসি।
attraction_00847	attraction	p3_ord	p1	p1	attractor	pres	মেয়েটি সাধারণত আমার কথা শুনে বাড়িতে আসে।	মেয়েটি সাধারণত আমার কথা শুনে বাড়িতে আসি।
attraction_00848	attraction	p3_ord	p2_fam	p2_fam	attractor	pres	মেয়েটি প্রতিদিন তোমার সঙ্গে বাড়িতে আসে।	মেয়েটি প্রতিদিন তোমার সঙ্গে বাড়িতে আসো।
attraction_00849	attraction	p3_ord	p2_fam	p2_fam	attractor	pres	মেয়েটি প্রতিদিন তোমাদের সাথে বসে বাড়িতে আসে।	মেয়েটি প্রতিদিন তোমাদের সাথে বসে বাড়িতে আসো।
attraction_00850	attraction	p3_ord	p2_hon	p2_hon	attractor	pres	মেয়েটি প্রায়ই আপনার কথা ভেবে বাড়িতে আসে।	মেয়েটি প্রায়ই আপনার কথা ভেবে বাড়িতে আসেন।
attraction_00851	attraction	p3_ord	p1	p1	attractor	pres	আমার বন্ধু প্রায়ই আমার সঙ্গে বাড়িতে আসে।	আমার বন্ধু প্রায়ই আমার সঙ্গে বাড়িতে আসি।
attraction_00852	attraction	p3_ord	p1	p1	attractor	pres	আমার বন্ধু সাধারণত আমাদের বাড়িতে এসে বাড়িতে আসে।	আমার বন্ধু সাধারণত আমাদের বাড়িতে এসে বাড়িতে আসি।
attraction_00853	attraction	p3_ord	p1	p1	attractor	pres	আমার বন্ধু সাধারণত আমার কথা শুনে বাড়িতে আসে।	আমার বন্ধু সাধারণত আমার কথা শুনে বাড়িতে আসি।
attraction_00854	attraction	p3_ord	p2_fam	p2_fam	attractor	pres	আমার বন্ধু প্রায়ই তোমার সঙ্গে বাড়িতে আসে।	আমার বন্ধু প্রায়ই তোমার সঙ্গে বাড়িতে আসো।
attraction_00855	attraction	p3_ord	p2_fam	p2_fam	attractor	pres	আমার বন্ধু প্রায়ই তোমাদের সাথে বসে বাড়িতে আসে।	আমার বন্ধু প্রায়ই তোমাদের সাথে বসে বাড়িতে আসো।
attraction_00856	attraction	p3_ord	p2_hon	p2_hon	attractor	pres	আমার বন্ধু প্রায়ই আপনার কথা ভেবে বাড়িতে আসে।	আমার বন্ধু প্রায়ই আপনার কথা ভেবে বাড়িতে আসেন।
attraction_00857	attraction	p3_ord	p1	p1	attractor	pres	রহিম সাধারণত আমার সঙ্গে বাড়িতে আসে।	রহিম সাধারণত আমার সঙ্গে বাড়িতে আসি।
attraction_00858	attraction	p3_ord	p1	p1	attractor	pres	রহিম প্রায়ই আমাদের বাড়িতে এসে বাড়িতে আসে।	রহিম প্রায়ই আমাদের বাড়িতে এসে বাড়িতে আসি।
attraction_00859	attraction	p3_ord	p1	p1	attractor	pres	রহিম সাধারণত আমার কথা শুনে বাড়িতে আসে।	রহিম সাধারণত আমার কথা শুনে বাড়িতে আসি।
attraction_00860	attraction	p3_ord	p2_fam	p2_fam	attractor	pres	রহিম প্রায়ই তোমার সঙ্গে বাড়িতে আসে।	রহিম প্রায়ই তোমার সঙ্গে বাড়িতে আসো।
attraction_00861	attraction	p3_ord	p2_fam	p2_fam	attractor	pres	রহিম প্রায়ই তোমাদের সাথে বসে বাড়িতে আসে।	রহিম প্রায়ই তোমাদের সাথে বসে বাড়িতে আসো।
attraction_00862	attraction	p3_ord	p2_hon	p2_hon	attractor	pres	রহিম প্রতিদিন আপনার কথা ভেবে বাড়িতে আসে।	রহিম প্রতিদিন আপনার কথা ভেবে বাড়িতে আসেন।
attraction_00863	attraction	p3_hon	p1	p1	attractor	pres	তিনি সাধারণত আমার সঙ্গে বাড়িতে আসেন।	তিনি সাধারণত আমার সঙ্গে বাড়িতে আসি।
attraction_00864	attraction	p3_hon	p1	p1	attractor	pres	তিনি সাধারণত আমাদের বাড়িতে এসে বাড়িতে আসেন।	তিনি সাধারণত আমাদের বাড়িতে এসে বাড়িতে আসি।
attraction_00865	attraction	p3_hon	p1	p1	attractor	pres	তিনি সাধারণত আমার কথা শুনে বাড়িতে আসেন।	তিনি সাধারণত আমার কথা শুনে বাড়িতে আসি।
attraction_00866	attraction	p3_hon	p2_fam	p2_fam	attractor	pres	তিনি প্রতিদিন তোমার সঙ্গে বাড়িতে আসেন।	তিনি প্রতিদিন তোমার সঙ্গে বাড়িতে আসো।
attraction_00867	attraction	p3_hon	p2_fam	p2_fam	attractor	pres	তিনি সাধারণত তোমাদের সাথে বসে বাড়িতে আসেন।	তিনি সাধারণত তোমাদের সাথে বসে বাড়িতে আসো।
attraction_00868	attraction	p3_hon	p1	p1	attractor	pres	উনি প্রায়ই আমার সঙ্গে বাড়িতে আসেন।	উনি প্রায়ই আমার সঙ্গে বাড়িতে আসি।
attraction_00869	attraction	p3_hon	p1	p1	attractor	pres	উনি প্রায়ই আমাদের বাড়িতে এসে বাড়িতে আসেন।	উনি প্রায়ই আমাদের বাড়িতে এসে বাড়িতে আসি।
attraction_00870	attraction	p3_hon	p1	p1	attractor	pres	উনি সাধারণত আমার কথা শুনে বাড়িতে আসেন।	উনি সাধারণত আমার কথা শুনে বাড়িতে আসি।
attraction_00871	attraction	p3_hon	p2_fam	p2_fam	attractor	pres	উনি প্রতিদিন তোমার সঙ্গে বাড়িতে আসেন।	উনি প্রতিদিন তোমার সঙ্গে বাড়িতে আসো।
attraction_00872	attraction	p3_hon	p2_fam	p2_fam	attractor	pres	উনি প্রতিদিন তোমাদের সাথে বসে বাড়িতে আসেন।	উনি প্রতিদিন তোমাদের সাথে বসে বাড়িতে আসো।
attraction_00873	attraction	p2_fam	p1	p1	attractor	pres	তুমি প্রায়ই আমার সঙ্গে বাড়িতে আসো।	তুমি প্রায়ই আমার সঙ্গে বাড়িতে আসি।
attraction_00874	attraction	p2_fam	p1	p1	attractor	pres	তুমি প্রায়ই আমাদের বাড়িতে এসে বাড়িতে আসো।	তুমি প্রায়ই আমাদের বাড়িতে এসে বাড়িতে আসি।
attraction_00875	attraction	p2_fam	p1	p1	attractor	pres	তুমি প্রতিদিন আমার কথা শুনে বাড়িতে আসো।	তুমি প্রতিদিন আমার কথা শুনে বাড়িতে আসি।
attraction_00876	attraction	p3_ord	p1	p1	attractor	past	সে গতকাল আমার সঙ্গে বাড়িতে আসলো।	সে গতকাল আমার সঙ্গে বাড়িতে আসলাম।
attraction_00877	attraction	p3_ord	p1	p1	attractor	past	সে গত সপ্তাহে আমাদের বাড়িতে এসে বাড়িতে আসলো।	সে গত সপ্তাহে আমাদের বাড়িতে এসে বাড়িতে আসলাম।
attraction_00878	attraction	p3_ord	p1	p1	attractor	past	সে গত সপ্তাহে আমার কথা শুনে বাড়িতে আসলো।	সে গত সপ্তাহে আমার কথা শুনে বাড়িতে আসলাম।
attraction_00879	attraction	p3_ord	p2_fam	p2_fam	attractor	past	সে গত সপ্তাহে তোমার সঙ্গে বাড়িতে আসলো।	সে গত সপ্তাহে তোমার সঙ্গে বাড়িতে আসলে।
attraction_00880	attraction	p3_ord	p2_fam	p2_fam	attractor	past	সে গত সপ্তাহে তোমাদের সাথে বসে বাড়িতে আসলো।	সে গত সপ্তাহে তোমাদের সাথে বসে বাড়িতে আসলে।
attraction_00881	attraction	p3_ord	p2_hon	p2_hon	attractor	past	সে কাল সন্ধ্যায় আপনার কথা ভেবে বাড়িতে আসলো।	সে কাল সন্ধ্যায় আপনার কথা ভেবে বাড়িতে আসলেন।
attraction_00882	attraction	p3_ord	p1	p1	attractor	past	ছেলেটি গত সপ্তাহে আমার সঙ্গে বাড়িতে আসলো।	ছেলেটি গত সপ্তাহে আমার সঙ্গে বাড়িতে আসলাম।
attraction_00883	attraction	p3_ord	p1	p1	attractor	past	ছেলেটি গতকাল আমাদের বাড়িতে এসে বাড়িতে আসলো।	ছেলেটি গতকাল আমাদের বাড়িতে এসে বাড়িতে আসলাম।
attraction_00884	attraction	p3_ord	p1	p1	attractor	past	ছেলেটি গত সপ্তাহে আমার কথা শুনে বাড়িতে আসলো।	ছেলেটি গত সপ্তাহে আমার কথা শুনে বাড়িতে আসলাম।
attraction_00885	attraction	p3_ord	p2_fam	p2_fam	attractor	past	ছেলেটি গত সপ্তাহে তোমার সঙ্গে বাড়িতে আসলো।	ছেলেটি গত সপ্তাহে তোমার সঙ্গে বাড়িতে আসলে।
attraction_00886	attraction	p3_ord	p2_fam	p2_fam	attractor	past	ছেলেটি কাল সন্ধ্যায় তোমাদের সাথে বসে বাড়িতে আসলো।	ছেলেটি কাল সন্ধ্যায় তোমাদের সাথে বসে বাড়িতে আসলে।
attraction_00887	attraction	p3_ord	p2_hon	p2_hon	attractor	past	ছেলেটি কাল সন্ধ্যায় আপনার কথা ভেবে বাড়িতে আসলো।	ছেলেটি কাল সন্ধ্যায় আপনার কথা ভেবে বাড়িতে আসলেন।
attraction_00888	attraction	p3_ord	p1	p1	attractor	past	মেয়েটি গতকাল আমার সঙ্গে বাড়িতে আসলো।	মেয়েটি গতকাল আমার সঙ্গে বাড়িতে আসলাম।
attraction_00889	attraction	p3_ord	p1	p1	attractor	past	মেয়েটি গত সপ্তাহে আমাদের বাড়িতে এসে বাড়িতে আসলো।	মেয়েটি গত সপ্তাহে আমাদের বাড়িতে এসে বাড়িতে আসলাম।
attraction_00890	attraction	p3_ord	p1	p1	attractor	past	মেয়েটি গতকাল আমার কথা শুনে বাড়িতে আসলো।	মেয়েটি গতকাল আমার কথা শুনে বাড়িতে আসলাম।
attraction_00891	attraction	p3_ord	p2_fam	p2_fam	attractor	past	মেয়েটি কাল সন্ধ্যায় তোমার সঙ্গে বাড়িতে আসলো।	মেয়েটি কাল সন্ধ্যায় তোমার সঙ্গে বাড়িতে আসলে।
attraction_00892	attraction	p3_ord	p2_fam	p2_fam	attractor	past	মেয়েটি কাল সন্ধ্যায় তোমাদের সাথে বসে বাড়িতে আসলো।	মেয়েটি কাল সন্ধ্যায় তোমাদের সাথে বসে বাড়িতে আসলে।
attraction_00893	attraction	p3_ord	p2_hon	p2_hon	attractor	past	মেয়েটি গতকাল আপনার কথা ভেবে বাড়িতে আসলো।	মেয়েটি গতকাল আপনার কথা ভেবে বাড়িতে আসলেন।
attraction_00894	attraction	p3_ord	p1	p1	attractor	past	আমার বন্ধু কাল সন্ধ্যায় আমার সঙ্গে বাড়িতে আসলো।	আমার বন্ধু কাল সন্ধ্যায় আমার সঙ্গে বাড়িতে আসলাম।
attraction_00895	attraction	p3_ord	p1	p1	attractor	past	আমার বন্ধু গত সপ্তাহে আমাদের বাড়িতে এসে বাড়িতে আসলো।	আমার বন্ধু গত সপ্তাহে আমাদের বাড়িতে এসে বাড়িতে আসলাম।
attraction_00896	attraction	p3_ord	p1	p1	attractor	past	আমার বন্ধু গত সপ্তাহে আমার কথা শুনে বাড়িতে আসলো।	আমার বন্ধু গত সপ্তাহে আমার কথা শুনে বাড়িতে আসলাম।
attraction_00897	attraction	p3_ord	p2_fam	p2_fam	attractor	past	আমার বন্ধু গত সপ্তাহে তোমার সঙ্গে বাড়িতে আসলো।	আমার বন্ধু গত সপ্তাহে তোমার সঙ্গে বাড়িতে আসলে।
attraction_00898	attraction	p3_ord	p2_fam	p2_fam	attractor	past	আমার বন্ধু কাল সন্ধ্যায় তোমাদের সাথে বসে বাড়িতে আসলো।	আমার বন্ধু কাল সন্ধ্যায় তোমাদের সাথে বসে বাড়িতে আসলে।
attraction_00899	attraction	p3_ord	p2_hon	p2_hon	attractor	past	আমার বন্ধু গতকাল আপনার কথা ভেবে বাড়িতে আসলো।	আমার বন্ধু গতকাল আপনার কথা ভেবে বাড়িতে আসলেন।
attraction_00900	attraction	p3_ord	p1	p1	attractor	past	রহিম গত সপ্তাহে আমার সঙ্গে বাড়িতে আসলো।	রহিম গত সপ্তাহে আমার সঙ্গে বাড়িতে আসলাম।
attraction_00901	attraction	p3_ord	p1	p1	attractor	past	রহিম গতকাল আমাদের বাড়িতে এসে বাড়িতে আসলো।	রহিম গতকাল আমাদের বাড়িতে এসে বাড়িতে আসলাম।
attraction_00902	attraction	p3_ord	p1	p1	attractor	past	রহিম কাল সন্ধ্যায় আমার কথা শুনে বাড়িতে আসলো।	রহিম কাল সন্ধ্যায় আমার কথা শুনে বাড়িতে আসলাম।
attraction_00903	attraction	p3_ord	p2_fam	p2_fam	attractor	past	রহিম গত সপ্তাহে তোমার সঙ্গে বাড়িতে আসলো।	রহিম গত সপ্তাহে তোমার সঙ্গে বাড়িতে আসলে।
attraction_00904	attraction	p3_ord	p2_fam	p2_fam	attractor	past	রহিম গত সপ্তাহে তোমাদের সাথে বসে বাড়িতে আসলো।	রহিম গত সপ্তাহে তোমাদের সাথে বসে বাড়িতে আসলে।
attraction_00905	attraction	p3_ord	p2_hon	p2_hon	attractor	past	রহিম গত সপ্তাহে আপনার কথা ভেবে বাড়িতে আসলো।	রহিম গত সপ্তাহে আপনার কথা ভেবে বাড়িতে আসলেন।
attraction_00906	attraction	p3_hon	p1	p1	attractor	past	তিনি গত সপ্তাহে আমার সঙ্গে বাড়িতে আসলেন।	তিনি গত সপ্তাহে আমার সঙ্গে বাড়িতে আসলাম।
attraction_00907	attraction	p3_hon	p1	p1	attractor	past	তিনি কাল সন্ধ্যায় আমাদের বাড়িতে এসে বাড়িতে আসলেন।	তিনি কাল সন্ধ্যায় আমাদের বাড়িতে এসে বাড়িতে আসলাম।
attraction_00908	attraction	p3_hon	p1	p1	attractor	past	তিনি গত সপ্তাহে আমার কথা শুনে বাড়িতে আসলেন।	তিনি গত সপ্তাহে আমার কথা শুনে বাড়িতে আসলাম।
attraction_00909	attraction	p3_hon	p2_fam	p2_fam	attractor	past	তিনি গতকাল তোমার সঙ্গে বাড়িতে আসলেন।	তিনি গতকাল তোমার সঙ্গে বাড়িতে আসলে।
attraction_00910	attraction	p3_hon	p2_fam	p2_fam	attractor	past	তিনি গতকাল তোমাদের সাথে বসে বাড়িতে আসলেন।	তিনি গতকাল তোমাদের সাথে বসে বাড়িতে আসলে।
attraction_00911	attraction	p3_hon	p1	p1	attractor	past	উনি গতকাল আমার সঙ্গে বাড়িতে আসলেন।	উনি গতকাল আমার সঙ্গে বাড়িতে আসলাম।
attraction_00912	attraction	p3_hon	p1	p1	attractor	past	উনি গত সপ্তাহে আমাদের বাড়িতে এসে বাড়িতে আসলেন।	উনি গত সপ্তাহে আমাদের বাড়িতে এসে বাড়িতে আসলাম।
attraction_00913	attraction	p3_hon	p1	p1	attractor	past	উনি গতকাল আমার কথা শুনে বাড়িতে আসলেন।	উনি গতকাল আমার কথা শুনে বাড়িতে আসলাম।
attraction_00914	attraction	p3_hon	p2_fam	p2_fam	attractor	past	উনি গতকাল তোমার সঙ্গে বাড়িতে আসলেন।	উনি গতকাল তোমার সঙ্গে বাড়িতে আসলে।
attraction_00915	attraction	p3_hon	p2_fam	p2_fam	attractor	past	উনি গত সপ্তাহে তোমাদের সাথে বসে বাড়িতে আসলেন।	উনি গত সপ্তাহে তোমাদের সাথে বসে বাড়িতে আসলে।
attraction_00916	attraction	p2_fam	p1	p1	attractor	past	তুমি গতকাল আমার সঙ্গে বাড়িতে আসলে।	তুমি গতকাল আমার সঙ্গে বাড়িতে আসলাম।
attraction_00917	attraction	p2_fam	p1	p1	attractor	past	তুমি কাল সন্ধ্যায় আমাদের বাড়িতে এসে বাড়িতে আসলে।	তুমি কাল সন্ধ্যায় আমাদের বাড়িতে এসে বাড়িতে আসলাম।
attraction_00918	attraction	p2_fam	p1	p1	attractor	past	তুমি গত সপ্তাহে আমার কথা শুনে বাড়িতে আসলে।	তুমি গত সপ্তাহে আমার কথা শুনে বাড়িতে আসলাম।
attraction_00919	attraction	p3_ord	p1	p1	attractor	fut	সে আগামীকাল আমার সঙ্গে বাড়িতে আসবে।	সে আগামীকাল আমার সঙ্গে বাড়িতে আসব।
attraction_00920	attraction	p3_ord	p1	p1	attractor	fut	সে কিছুদিন পরে আমাদের বাড়িতে এসে বাড়িতে আসবে।	সে কিছুদিন পরে আমাদের বাড়িতে এসে বাড়িতে আসব।
attraction_00921	attraction	p3_ord	p1	p1	attractor	fut	সে আগামী সপ্তাহে আমার কথা শুনে বাড়িতে আসবে।	সে আগামী সপ্তাহে আমার কথা শুনে বাড়িতে আসব।
attraction_00922	attraction	p3_ord	p2_hon	p2_hon	attractor	fut	সে আগামীকাল আপনার কথা ভেবে বাড়িতে আসবে।	সে আগামীকাল আপনার কথা ভেবে বাড়িতে আসবেন।
attraction_00923	attraction	p3_ord	p1	p1	attractor	fut	ছেলেটি কিছুদিন পরে আমার সঙ্গে বাড়িতে আসবে।	ছেলেটি কিছুদিন পরে আমার সঙ্গে বাড়িতে আসব।
attraction_00924	attraction	p3_ord	p1	p1	attractor	fut	ছেলেটি আগামী সপ্তাহে আমাদের বাড়িতে এসে বাড়িতে আসবে।	ছেলেটি আগামী সপ্তাহে আমাদের বাড়িতে এসে বাড়িতে আসব।
attraction_00925	attraction	p3_ord	p1	p1	attractor	fut	ছেলেটি আগামীকাল আমার কথা শুনে বাড়িতে আসবে।	ছেলেটি আগামীকাল আমার কথা শুনে বাড়িতে আসব।
attraction_00926	attraction	p3_ord	p2_hon	p2_hon	attractor	fut	ছেলেটি আগামীকাল আপনার কথা ভেবে বাড়িতে আসবে।	ছেলেটি আগামীকাল আপনার কথা ভেবে বাড়িতে আসবেন।
attraction_00927	attraction	p3_ord	p1	p1	attractor	fut	মেয়েটি আগামী সপ্তাহে আমার সঙ্গে বাড়িতে আসবে।	মেয়েটি আগামী সপ্তাহে আমার সঙ্গে বাড়িতে আসব।
attraction_00928	attraction	p3_ord	p1	p1	attractor	fut	মেয়েটি কিছুদিন পরে আমাদের বাড়িতে এসে বাড়িতে আসবে।	মেয়েটি কিছুদিন পরে আমাদের বাড়িতে এসে বাড়িতে আসব।
attraction_00929	attraction	p3_ord	p1	p1	attractor	fut	মেয়েটি আগামীকাল আমার কথা শুনে বাড়িতে আসবে।	মেয়েটি আগামীকাল আমার কথা শুনে বাড়িতে আসব।
attraction_00930	attraction	p3_ord	p2_hon	p2_hon	attractor	fut	মেয়েটি কিছুদিন পরে আপনার কথা ভেবে বাড়িতে আসবে।	মেয়েটি কিছুদিন পরে আপনার কথা ভেবে বাড়িতে আসবেন।
attraction_00931	attraction	p3_ord	p1	p1	attractor	fut	আমার বন্ধু কিছুদিন পরে আমার সঙ্গে বাড়িতে আসবে।	আমার বন্ধু কিছুদিন পরে আমার সঙ্গে বাড়িতে আসব।
attraction_00932	attraction	p3_ord	p1	p1	attractor	fut	আমার বন্ধু কিছুদিন পরে আমাদের বাড়িতে এসে বাড়িতে আসবে।	আমার বন্ধু কিছুদিন পরে আমাদের বাড়িতে এসে বাড়িতে আসব।
attraction_00933	attraction	p3_ord	p1	p1	attractor	fut	আমার বন্ধু কিছুদিন পরে আমার কথা শুনে বাড়িতে আসবে।	আমার বন্ধু কিছুদিন পরে আমার কথা শুনে বাড়িতে আসব।
attraction_00934	attraction	p3_ord	p2_hon	p2_hon	attractor	fut	আমার বন্ধু আগামীকাল আপনার কথা ভেবে বাড়িতে আসবে।	আমার বন্ধু আগামীকাল আপনার কথা ভেবে বাড়িতে আসবেন।
attraction_00935	attraction	p3_ord	p1	p1	attractor	fut	রহিম আগামীকাল আমার সঙ্গে বাড়িতে আসবে।	রহিম আগামীকাল আমার সঙ্গে বাড়িতে আসব।
attraction_00936	attraction	p3_ord	p1	p1	attractor	fut	রহিম কিছুদিন পরে আমাদের বাড়িতে এসে বাড়িতে আসবে।	রহিম কিছুদিন পরে আমাদের বাড়িতে এসে বাড়িতে আসব।
attraction_00937	attraction	p3_ord	p1	p1	attractor	fut	রহিম আগামীকাল আমার কথা শুনে বাড়িতে আসবে।	রহিম আগামীকাল আমার কথা শুনে বাড়িতে আসব।
attraction_00938	attraction	p3_ord	p2_hon	p2_hon	attractor	fut	রহিম আগামী সপ্তাহে আপনার কথা ভেবে বাড়িতে আসবে।	রহিম আগামী সপ্তাহে আপনার কথা ভেবে বাড়িতে আসবেন।
attraction_00939	attraction	p3_hon	p1	p1	attractor	fut	তিনি আগামীকাল আমার সঙ্গে বাড়িতে আসবেন।	তিনি আগামীকাল আমার সঙ্গে বাড়িতে আসব।
attraction_00940	attraction	p3_hon	p1	p1	attractor	fut	তিনি আগামী সপ্তাহে আমাদের বাড়িতে এসে বাড়িতে আসবেন।	তিনি আগামী সপ্তাহে আমাদের বাড়িতে এসে বাড়িতে আসব।
attraction_00941	attraction	p3_hon	p1	p1	attractor	fut	তিনি আগামীকাল আমার কথা শুনে বাড়িতে আসবেন।	তিনি আগামীকাল আমার কথা শুনে বাড়িতে আসব।
attraction_00942	attraction	p3_hon	p2_fam	p2_fam	attractor	fut	তিনি আগামীকাল তোমার সঙ্গে বাড়িতে আসবেন।	তিনি আগামীকাল তোমার সঙ্গে বাড়িতে আসবে।
attraction_00943	attraction	p3_hon	p2_fam	p2_fam	attractor	fut	তিনি আগামী সপ্তাহে তোমাদের সাথে বসে বাড়িতে আসবেন।	তিনি আগামী সপ্তাহে তোমাদের সাথে বসে বাড়িতে আসবে।
attraction_00944	attraction	p3_hon	p1	p1	attractor	fut	উনি কিছুদিন পরে আমার সঙ্গে বাড়িতে আসবেন।	উনি কিছুদিন পরে আমার সঙ্গে বাড়িতে আসব।
attraction_00945	attraction	p3_hon	p1	p1	attractor	fut	উনি কিছুদিন পরে আমাদের বাড়িতে এসে বাড়িতে আসবেন।	উনি কিছুদিন পরে আমাদের বাড়িতে এসে বাড়িতে আসব।
attraction_00946	attraction	p3_hon	p1	p1	attractor	fut	উনি আগামীকাল আমার কথা শুনে বাড়িতে আসবেন।	উনি আগামীকাল আমার কথা শুনে বাড়িতে আসব।
attraction_00947	attraction	p3_hon	p2_fam	p2_fam	attractor	fut	উনি আগামীকাল তোমার সঙ্গে বাড়িতে আসবেন।	উনি আগামীকাল তোমার সঙ্গে বাড়িতে আসবে।
attraction_00948	attraction	p3_hon	p2_fam	p2_fam	attractor	fut	উনি আগামী সপ্তাহে তোমাদের সাথে বসে বাড়িতে আসবেন।	উনি আগামী সপ্তাহে তোমাদের সাথে বসে বাড়িতে আসবে।
attraction_00949	attraction	p2_fam	p1	p1	attractor	fut	তুমি আগামী সপ্তাহে আমার সঙ্গে বাড়িতে আসবে।	তুমি আগামী সপ্তাহে আমার সঙ্গে বাড়িতে আসব।
attraction_00950	attraction	p2_fam	p1	p1	attractor	fut	তুমি কিছুদিন পরে আমাদের বাড়িতে এসে বাড়িতে আসবে।	তুমি কিছুদিন পরে আমাদের বাড়িতে এসে বাড়িতে আসব।
attraction_00951	attraction	p2_fam	p1	p1	attractor	fut	তুমি আগামীকাল আমার কথা শুনে বাড়িতে আসবে।	তুমি আগামীকাল আমার কথা শুনে বাড়িতে আসব।
attraction_00952	attraction	p3_ord	p1	p1	attractor	pres	সে প্রায়ই আমার সঙ্গে ঢাকায় থাকে।	সে প্রায়ই আমার সঙ্গে ঢাকায় থাকি।
attraction_00953	attraction	p3_ord	p1	p1	attractor	pres	সে প্রতিদিন আমাদের বাড়িতে এসে ঢাকায় থাকে।	সে প্রতিদিন আমাদের বাড়িতে এসে ঢাকায় থাকি।
attraction_00954	attraction	p3_ord	p1	p1	attractor	pres	সে সাধারণত আমার কথা শুনে ঢাকায় থাকে।	সে সাধারণত আমার কথা শুনে ঢাকায় থাকি।
attraction_00955	attraction	p3_ord	p2_fam	p2_fam	attractor	pres	সে সাধারণত তোমার সঙ্গে ঢাকায় থাকে।	সে সাধারণত তোমার সঙ্গে ঢাকায় থাকো।
attraction_00956	attraction	p3_ord	p2_fam	p2_fam	attractor	pres	সে প্রতিদিন তোমাদের সাথে বসে ঢাকায় থাকে।	সে প্রতিদিন তোমাদের সাথে বসে ঢাকায় থাকো।
attraction_00957	attraction	p3_ord	p2_hon	p2_hon	attractor	pres	সে সাধারণত আপনার কথা ভেবে ঢাকায় থাকে।	সে সাধারণত আপনার কথা ভেবে ঢাকায় থাকেন।
attraction_00958	attraction	p3_ord	p1	p1	attractor	pres	ছেলেটি সাধারণত আমার সঙ্গে ঢাকায় থাকে।	ছেলেটি সাধারণত আমার সঙ্গে ঢাকায় থাকি।
attraction_00959	attraction	p3_ord	p1	p1	attractor	pres	ছেলেটি প্রতিদিন আমাদের বাড়িতে এসে ঢাকায় থাকে।	ছেলেটি প্রতিদিন আমাদের বাড়িতে এসে ঢাকায় থাকি।
attraction_00960	attraction	p3_ord	p1	p1	attractor	pres	ছেলেটি প্রতিদিন আমার কথা শুনে ঢাকায় থাকে।	ছেলেটি প্রতিদিন আমার কথা শুনে ঢাকায় থাকি।
attraction_00961	attraction	p3_ord	p2_fam	p2_fam	attractor	pres	ছেলেটি প্রায়ই তোমার সঙ্গে ঢাকায় থাকে।	ছেলেটি প্রায়ই তোমার সঙ্গে ঢাকায় থাকো।
attraction_00962	attraction	p3_ord	p2_fam	p2_fam	attractor	pres	ছেলেটি প্রতিদিন তোমাদের সাথে বসে ঢাকায় থাকে।	ছেলেটি প্রতিদিন তোমাদের সাথে বসে ঢাকায় থাকো।
attraction_00963	attraction	p3_ord	p2_hon	p2_hon	attractor	pres	ছেলেটি সাধারণত আপনার কথা ভেবে ঢাকায় থাকে।	ছেলেটি সাধারণত আপনার কথা ভেবে ঢাকায় থাকেন।
attraction_00964	attraction	p3_ord	p1	p1	attractor	pres	মেয়েটি সাধারণত আমার সঙ্গে ঢাকায় থাকে।	মেয়েটি সাধারণত আমার সঙ্গে ঢাকায় থাকি।
attraction_00965	attraction	p3_ord	p1	p1	attractor	pres	মেয়েটি প্রতিদিন আমাদের বাড়িতে এসে ঢাকায় থাকে।	মেয়েটি প্রতিদিন আমাদের বাড়িতে এসে ঢাকায় থাকি।
attraction_00966	attraction	p3_ord	p1	p1	attractor	pres	মেয়েটি প্রতিদিন আমার কথা শুনে ঢাকায় থাকে।	মেয়েটি প্রতিদিন আমার কথা শুনে ঢাকায় থাকি।
attraction_00967	attraction	p3_ord	p2_fam	p2_fam	attractor	pres	মেয়েটি সাধারণত তোমার সঙ্গে ঢাকায় থাকে।	মেয়েটি সাধারণত তোমার সঙ্গে ঢাকায় থাকো।
attraction_00968	attraction	p3_ord	p2_fam	p2_fam	attractor	pres	মেয়েটি সাধারণত তোমাদের সাথে বসে ঢাকায় থাকে।	মেয়েটি সাধারণত তোমাদের সাথে বসে ঢাকায় থাকো।
attraction_00969	attraction	p3_ord	p2_hon	p2_hon	attractor	pres	মেয়েটি প্রতিদিন আপনার কথা ভেবে ঢাকায় থাকে।	মেয়েটি প্রতিদিন আপনার কথা ভেবে ঢাকায় থাকেন।
attraction_00970	attraction	p3_ord	p1	p1	attractor	pres	আমার বন্ধু সাধারণত আমার সঙ্গে ঢাকায় থাকে।	আমার বন্ধু সাধারণত আমার সঙ্গে ঢাকায় থাকি।
attraction_00971	attraction	p3_ord	p1	p1	attractor	pres	আমার বন্ধু প্রতিদিন আমাদের বাড়িতে এসে ঢাকায় থাকে।	আমার বন্ধু প্রতিদিন আমাদের বাড়িতে এসে ঢাকায় থাকি।
attraction_00972	attraction	p3_ord	p1	p1	attractor	pres	আমার বন্ধু প্রায়ই আমার কথা শুনে ঢাকায় থাকে।	আমার বন্ধু প্রায়ই আমার কথা শুনে ঢাকায় থাকি।
attraction_00973	attraction	p3_ord	p2_fam	p2_fam	attractor	pres	আমার বন্ধু সাধারণত তোমার সঙ্গে ঢাকায় থাকে।	আমার বন্ধু সাধারণত তোমার সঙ্গে ঢাকায় থাকো।
attraction_00974	attraction	p3_ord	p2_fam	p2_fam	attractor	pres	আমার বন্ধু সাধারণত তোমাদের সাথে বসে ঢাকায় থাকে।	আমার বন্ধু সাধারণত তোমাদের সাথে বসে ঢাকায় থাকো।
attraction_00975	attraction	p3_ord	p2_hon	p2_hon	attractor	pres	আমার বন্ধু সাধারণত আপনার কথা ভেবে ঢাকায় থাকে।	আমার বন্ধু সাধারণত আপনার কথা ভেবে ঢাকায় থাকেন।
attraction_00976	attraction	p3_ord	p1	p1	attractor	pres	রহিম প্রায়ই আমার সঙ্গে ঢাকায় থাকে।	রহিম প্রায়ই আমার সঙ্গে ঢাকায় থাকি।
attraction_00977	attraction	p3_ord	p1	p1	attractor	pres	রহিম প্রতিদিন আমাদের বাড়িতে এসে ঢাকায় থাকে।	রহিম প্রতিদিন আমাদের বাড়িতে এসে ঢাকায় থাকি।
attraction_00978	attraction	p3_ord	p1	p1	attractor	pres	রহিম সাধারণত আমার কথা শুনে ঢাকায় থাকে।	রহিম সাধারণত আমার কথা শুনে ঢাকায় থাকি।
attraction_00979	attraction	p3_ord	p2_fam	p2_fam	attractor	pres	রহিম প্রতিদিন তোমার সঙ্গে ঢাকায় থাকে।	রহিম প্রতিদিন তোমার সঙ্গে ঢাকায় থাকো।
attraction_00980	attraction	p3_ord	p2_fam	p2_fam	attractor	pres	রহিম প্রায়ই তোমাদের সাথে বসে ঢাকায় থাকে।	রহিম প্রায়ই তোমাদের সাথে বসে ঢাকায় থাকো।
attraction_00981	attraction	p3_ord	p2_hon	p2_hon	attractor	pres	রহিম সাধারণত আপনার কথা ভেবে ঢাকায় থাকে।	রহিম সাধারণত আপনার কথা ভেবে ঢাকায় থাকেন।
attraction_00982	attraction	p3_hon	p1	p1	attractor	pres	তিনি প্রতিদিন আমার সঙ্গে ঢাকায় থাকেন।	তিনি প্রতিদিন আমার সঙ্গে ঢাকায় থাকি।
attraction_00983	attraction	p3_hon	p1	p1	attractor	pres	তিনি প্রতিদিন আমাদের বাড়িতে এসে ঢাকায় থাকেন।	তিনি প্রতিদিন আমাদের বাড়িতে এসে ঢাকায় থাকি।
attraction_00984	attraction	p3_hon	p1	p1	attractor	pres	তিনি প্রতিদিন আমার কথা শুনে ঢাকায় থাকেন।	তিনি প্রতিদিন আমার কথা শুনে ঢাকায় থাকি।
attraction_00985	attraction	p3_hon	p2_fam	p2_fam	attractor	pres	তিনি সাধারণত তোমার সঙ্গে ঢাকায় থাকেন।	তিনি সাধারণত তোমার সঙ্গে ঢাকায় থাকো।
attraction_00986	attraction	p3_hon	p2_fam	p2_fam	attractor	pres	তিনি সাধারণত তোমাদের সাথে বসে ঢাকায় থাকেন।	তিনি সাধারণত তোমাদের সাথে বসে ঢাকায় থাকো।
attraction_00987	attraction	p3_hon	p1	p1	attractor	pres	উনি সাধারণত আমার সঙ্গে ঢাকায় থাকেন।	উনি সাধারণত আমার সঙ্গে ঢাকায় থাকি।
attraction_00988	attraction	p3_hon	p1	p1	attractor	pres	উনি প্রতিদিন আমাদের বাড়িতে এসে ঢাকায় থাকেন।	উনি প্রতিদিন আমাদের বাড়িতে এসে ঢাকায় থাকি।
attraction_00989	attraction	p3_hon	p1	p1	attractor	pres	উনি সাধারণত আমার কথা শুনে ঢাকায় থাকেন।	উনি সাধারণত আমার কথা শুনে ঢাকায় থাকি।
attraction_00990	attraction	p3_hon	p2_fam	p2_fam	attractor	pres	উনি প্রতিদিন তোমার সঙ্গে ঢাকায় থাকেন।	উনি প্রতিদিন তোমার সঙ্গে ঢাকায় থাকো।
attraction_00991	attraction	p3_hon	p2_fam	p2_fam	attractor	pres	উনি প্রায়ই তোমাদের সাথে বসে ঢাকায় থাকেন।	উনি প্রায়ই তোমাদের সাথে বসে ঢাকায় থাকো।
attraction_00992	attraction	p2_fam	p1	p1	attractor	pres	তুমি সাধারণত আমার সঙ্গে ঢাকায় থাকো।	তুমি সাধারণত আমার সঙ্গে ঢাকায় থাকি।
attraction_00993	attraction	p2_fam	p1	p1	attractor	pres	তুমি প্রতিদিন আমাদের বাড়িতে এসে ঢাকায় থাকো।	তুমি প্রতিদিন আমাদের বাড়িতে এসে ঢাকায় থাকি।
attraction_00994	attraction	p2_fam	p1	p1	attractor	pres	তুমি সাধারণত আমার কথা শুনে ঢাকায় থাকো।	তুমি সাধারণত আমার কথা শুনে ঢাকায় থাকি।
attraction_00995	attraction	p3_ord	p1	p1	attractor	past	সে কাল সন্ধ্যায় আমার সঙ্গে ঢাকায় থাকলো।	সে কাল সন্ধ্যায় আমার সঙ্গে ঢাকায় থাকলাম।
attraction_00996	attraction	p3_ord	p1	p1	attractor	past	সে গত সপ্তাহে আমাদের বাড়িতে এসে ঢাকায় থাকলো।	সে গত সপ্তাহে আমাদের বাড়িতে এসে ঢাকায় থাকলাম।
attraction_00997	attraction	p3_ord	p1	p1	attractor	past	সে গতকাল আমার কথা শুনে ঢাকায় থাকলো।	সে গতকাল আমার কথা শুনে ঢাকায় থাকলাম।
attraction_00998	attraction	p3_ord	p2_fam	p2_fam	attractor	past	সে কাল সন্ধ্যায় তোমার সঙ্গে ঢাকায় থাকলো।	সে কাল সন্ধ্যায় তোমার সঙ্গে ঢাকায় থাকলে।
attraction_00999	attraction	p3_ord	p2_fam	p2_fam	attractor	past	সে গতকাল তোমাদের সাথে বসে ঢাকায় থাকলো।	সে গতকাল তোমাদের সাথে বসে ঢাকায় থাকলে।
attraction_01000	attraction	p3_ord	p2_hon	p2_hon	attractor	past	সে কাল সন্ধ্যায় আপনার কথা ভেবে ঢাকায় থাকলো।	সে কাল সন্ধ্যায় আপনার কথা ভেবে ঢাকায় থাকলেন।
attraction_01001	attraction	p3_ord	p1	p1	attractor	past	ছেলেটি কাল সন্ধ্যায় আমার সঙ্গে ঢাকায় থাকলো।	ছেলেটি কাল সন্ধ্যায় আমার সঙ্গে ঢাকায় থাকলাম।
attraction_01002	attraction	p3_ord	p1	p1	attractor	past	ছেলেটি গত সপ্তাহে আমাদের বাড়িতে এসে ঢাকায় থাকলো।	ছেলেটি গত সপ্তাহে আমাদের বাড়িতে এসে ঢাকায় থাকলাম।
attraction_01003	attraction	p3_ord	p1	p1	attractor	past	ছেলেটি গত সপ্তাহে আমার কথা শুনে ঢাকায় থাকলো।	ছেলেটি গত সপ্তাহে আমার কথা শুনে ঢাকায় থাকলাম।
attraction_01004	attraction	p3_ord	p2_fam	p2_fam	attractor	past	ছেলেটি কাল সন্ধ্যায় তোমার সঙ্গে ঢাকায় থাকলো।	ছেলেটি কাল সন্ধ্যায় তোমার সঙ্গে ঢাকায় থাকলে।
attraction_01005	attraction	p3_ord	p2_fam	p2_fam	attractor	past	ছেলেটি কাল সন্ধ্যায় তোমাদের সাথে বসে ঢাকায় থাকলো।	ছেলেটি কাল সন্ধ্যায় তোমাদের সাথে বসে ঢাকায় থাকলে।
attraction_01006	attraction	p3_ord	p2_hon	p2_hon	attractor	past	ছেলেটি গত সপ্তাহে আপনার কথা ভেবে ঢাকায় থাকলো।	ছেলেটি গত সপ্তাহে আপনার কথা ভেবে ঢাকায় থাকলেন।
attraction_01007	attraction	p3_ord	p1	p1	attractor	past	মেয়েটি গত সপ্তাহে আমার সঙ্গে ঢাকায় থাকলো।	মেয়েটি গত সপ্তাহে আমার সঙ্গে ঢাকায় থাকলাম।
attraction_01008	attraction	p3_ord	p1	p1	attractor	past	মেয়েটি গতকাল আমাদের বাড়িতে এসে ঢাকায় থাকলো।	মেয়েটি গতকাল আমাদের বাড়িতে এসে ঢাকায় থাকলাম।
attraction_01009	attraction	p3_ord	p1	p1	attractor	past	মেয়েটি গতকাল আমার কথা শুনে ঢাকায় থাকলো।	মেয়েটি গতকাল আমার কথা শুনে ঢাকায় থাকলাম।
attraction_01010	attraction	p3_ord	p2_fam	p2_fam	attractor	past	মেয়েটি গতকাল তোমার সঙ্গে ঢাকায় থাকলো।	মেয়েটি গতকাল তোমার সঙ্গে ঢাকায় থাকলে।
attraction_01011	attraction	p3_ord	p2_fam	p2_fam	attractor	past	মেয়েটি গত সপ্তাহে তোমাদের সাথে বসে ঢাকায় থাকলো।	মেয়েটি গত সপ্তাহে তোমাদের সাথে বসে ঢাকায় থাকলে।
attraction_01012	attraction	p3_ord	p2_hon	p2_hon	attractor	past	মেয়েটি গত সপ্তাহে আপনার কথা ভেবে ঢাকায় থাকলো।	মেয়েটি গত সপ্তাহে আপনার কথা ভেবে ঢাকায় থাকলেন।
attraction_01013	attraction	p3_ord	p1	p1	attractor	past	আমার বন্ধু গতকাল আমার সঙ্গে ঢাকায় থাকলো।	আমার বন্ধু গতকাল আমার সঙ্গে ঢাকায় থাকলাম।
attraction_01014	attraction	p3_ord	p1	p1	attractor	past	আমার বন্ধু গত সপ্তাহে আমাদের বাড়িতে এসে ঢাকায় থাকলো।	আমার বন্ধু গত সপ্তাহে আমাদের বাড়িতে এসে ঢাকায় থাকলাম।
attraction_01015	attraction	p3_ord	p1	p1	attractor	past	আমার বন্ধু গতকাল আমার কথা শুনে ঢাকায় থাকলো।	আমার বন্ধু গতকাল আমার কথা শুনে ঢাকায় থাকলাম।
attraction_01016	attraction	p3_ord	p2_fam	p2_fam	attractor	past	আমার বন্ধু গত সপ্তাহে তোমার সঙ্গে ঢাকায় থাকলো।	আমার বন্ধু গত সপ্তাহে তোমার সঙ্গে ঢাকায় থাকলে।
attraction_01017	attraction	p3_ord	p2_fam	p2_fam	attractor	past	আমার বন্ধু কাল সন্ধ্যায় তোমাদের সাথে বসে ঢাকায় থাকলো।	আমার বন্ধু কাল সন্ধ্যায় তোমাদের সাথে বসে ঢাকায় থাকলে।
attraction_01018	attraction	p3_ord	p2_hon	p2_hon	attractor	past	আমার বন্ধু গতকাল আপনার কথা ভেবে ঢাকায় থাকলো।	আমার বন্ধু গতকাল আপনার কথা ভেবে ঢাকায় থাকলেন।
attraction_01019	attraction	p3_ord	p1	p1	attractor	past	রহিম গতকাল আমার সঙ্গে ঢাকায় থাকলো।	রহিম গতকাল আমার সঙ্গে ঢাকায় থাকলাম।
attraction_01020	attraction	p3_ord	p1	p1	attractor	past	রহিম কাল সন্ধ্যায় আমাদের বাড়িতে এসে ঢাকায় থাকলো।	রহিম কাল সন্ধ্যায় আমাদের বাড়িতে এসে ঢাকায় থাকলাম।
attraction_01021	attraction	p3_ord	p1	p1	attractor	past	রহিম গত সপ্তাহে আমার কথা শুনে ঢাকায় থাকলো।	রহিম গত সপ্তাহে আমার কথা শুনে ঢাকায় থাকলাম।
attraction_01022	attraction	p3_ord	p2_fam	p2_fam	attractor	past	রহিম গত সপ্তাহে তোমার সঙ্গে ঢাকায় থাকলো।	রহিম গত সপ্তাহে তোমার সঙ্গে ঢাকায় থাকলে।
attraction_01023	attraction	p3_ord	p2_fam	p2_fam	attractor	past	রহিম গত সপ্তাহে তোমাদের সাথে বসে ঢাকায় থাকলো।	রহিম গত সপ্তাহে তোমাদের সাথে বসে ঢাকায় থাকলে।
attraction_01024	attraction	p3_ord	p2_hon	p2_hon	attractor	past	রহিম কাল সন্ধ্যায় আপনার কথা ভেবে ঢাকায় থাকলো।	রহিম কাল সন্ধ্যায় আপনার কথা ভেবে ঢাকায় থাকলেন।
attraction_01025	attraction	p3_hon	p1	p1	attractor	past	তিনি কাল সন্ধ্যায় আমার সঙ্গে ঢাকায় থাকলেন।	তিনি কাল সন্ধ্যায় আমার সঙ্গে ঢাকায় থাকলাম।
attraction_01026	attraction	p3_hon	p1	p1	attractor	past	তিনি গত সপ্তাহে আমাদের বাড়িতে এসে ঢাকায় থাকলেন।	তিনি গত সপ্তাহে আমাদের বাড়িতে এসে ঢাকায় থাকলাম।
attraction_01027	attraction	p3_hon	p1	p1	attractor	past	তিনি গতকাল আমার কথা শুনে ঢাকায় থাকলেন।	তিনি গতকাল আমার কথা শুনে ঢাকায় থাকলাম।
attraction_01028	attraction	p3_hon	p2_fam	p2_fam	attractor	past	তিনি কাল সন্ধ্যায় তোমার সঙ্গে ঢাকায় থাকলেন।	তিনি কাল সন্ধ্যায় তোমার সঙ্গে ঢাকায় থাকলে।
attraction_01029	attraction	p3_hon	p2_fam	p2_fam	attractor	past	তিনি গতকাল তোমাদের সাথে বসে ঢাকায় থাকলেন।	তিনি গতকাল তোমাদের সাথে বসে ঢাকায় থাকলে।
attraction_01030	attraction	p3_hon	p1	p1	attractor	past	উনি কাল সন্ধ্যায় আমার সঙ্গে ঢাকায় থাকলেন।	উনি কাল সন্ধ্যায় আমার সঙ্গে ঢাকায় থাকলাম।
attraction_01031	attraction	p3_hon	p1	p1	attractor	past	উনি কাল সন্ধ্যায় আমাদের বাড়িতে এসে ঢাকায় থাকলেন।	উনি কাল সন্ধ্যায় আমাদের বাড়িতে এসে ঢাকায় থাকলাম।
attraction_01032	attraction	p3_hon	p1	p1	attractor	past	উনি কাল সন্ধ্যায় আমার কথা শুনে ঢাকায় থাকলেন।	উনি কাল সন্ধ্যায় আমার কথা শুনে ঢাকায় থাকলাম।
attraction_01033	attraction	p3_hon	p2_fam	p2_fam	attractor	past	উনি গত সপ্তাহে তোমার সঙ্গে ঢাকায় থাকলেন।	উনি গত সপ্তাহে তোমার সঙ্গে ঢাকায় থাকলে।
attraction_01034	attraction	p3_hon	p2_fam	p2_fam	attractor	past	উনি কাল সন্ধ্যায় তোমাদের সাথে বসে ঢাকায় থাকলেন।	উনি কাল সন্ধ্যায় তোমাদের সাথে বসে ঢাকায় থাকলে।
attraction_01035	attraction	p2_fam	p1	p1	attractor	past	তুমি গতকাল আমার সঙ্গে ঢাকায় থাকলে।	তুমি গতকাল আমার সঙ্গে ঢাকায় থাকলাম।
attraction_01036	attraction	p2_fam	p1	p1	attractor	past	তুমি গত সপ্তাহে আমাদের বাড়িতে এসে ঢাকায় থাকলে।	তুমি গত সপ্তাহে আমাদের বাড়িতে এসে ঢাকায় থাকলাম।
attraction_01037	attraction	p2_fam	p1	p1	attractor	past	তুমি কাল সন্ধ্যায় আমার কথা শুনে ঢাকায় থাকলে।	তুমি কাল সন্ধ্যায় আমার কথা শুনে ঢাকায় থাকলাম।
attraction_01038	attraction	p3_ord	p1	p1	attractor	fut	সে আগামী সপ্তাহে আমার সঙ্গে ঢাকায় থাকবে।	সে আগামী সপ্তাহে আমার সঙ্গে ঢাকায় থাকব।
attraction_01039	attraction	p3_ord	p1	p1	attractor	fut	সে কিছুদিন পরে আমাদের বাড়িতে এসে ঢাকায় থাকবে।	সে কিছুদিন পরে আমাদের বাড়িতে এসে ঢাকায় থাকব।
attraction_01040	attraction	p3_ord	p1	p1	attractor	fut	সে আগামীকাল আমার কথা শুনে ঢাকায় থাকবে।	সে আগামীকাল আমার কথা শুনে ঢাকায় থাকব।
attraction_01041	attraction	p3_ord	p2_hon	p2_hon	attractor	fut	সে কিছুদিন পরে আপনার কথা ভেবে ঢাকায় থাকবে।	সে কিছুদিন পরে আপনার কথা ভেবে ঢাকায় থাকবেন।
attraction_01042	attraction	p3_ord	p1	p1	attractor	fut	ছেলেটি আগামীকাল আমার সঙ্গে ঢাকায় থাকবে।	ছেলেটি আগামীকাল আমার সঙ্গে ঢাকায় থাকব।
attraction_01043	attraction	p3_ord	p1	p1	attractor	fut	ছেলেটি আগামীকাল আমাদের বাড়িতে এসে ঢাকায় থাকবে।	ছেলেটি আগামীকাল আমাদের বাড়িতে এসে ঢাকায় থাকব।
attraction_01044	attraction	p3_ord	p1	p1	attractor	fut	ছেলেটি কিছুদিন পরে আমার কথা শুনে ঢাকায় থাকবে।	ছেলেটি কিছুদিন পরে আমার কথা শুনে ঢাকায় থাকব।
attraction_01045	attraction	p3_ord	p2_hon	p2_hon	attractor	fut	ছেলেটি আগামীকাল আপনার কথা ভেবে ঢাকায় থাকবে।	ছেলেটি আগামীকাল আপনার কথা ভেবে ঢাকায় থাকবেন।
attraction_01046	attraction	p3_ord	p1	p1	attractor	fut	মেয়েটি কিছুদিন পরে আমার সঙ্গে ঢাকায় থাকবে।	মেয়েটি কিছুদিন পরে আমার সঙ্গে ঢাকায় থাকব।
attraction_01047	attraction	p3_ord	p1	p1	attractor	fut	মেয়েটি আগামীকাল আমাদের বাড়িতে এসে ঢাকায় থাকবে।	মেয়েটি আগামীকাল আমাদের বাড়িতে এসে ঢাকায় থাকব।
attraction_01048	attraction	p3_ord	p1	p1	attractor	fut	মেয়েটি আগামীকাল আমার কথা শুনে ঢাকায় থাকবে।	মেয়েটি আগামীকাল আমার কথা শুনে ঢাকায় থাকব।
attraction_01049	attraction	p3_ord	p2_hon	p2_hon	attractor	fut	মেয়েটি আগামী সপ্তাহে আপনার কথা ভেবে ঢাকায় থাকবে।	মেয়েটি আগামী সপ্তাহে আপনার কথা ভেবে ঢাকায় থাকবেন।
attraction_01050	attraction	p3_ord	p1	p1	attractor	fut	আমার বন্ধু আগামী সপ্তাহে আমার সঙ্গে ঢাকায় থাকবে।	আমার বন্ধু আগামী সপ্তাহে আমার সঙ্গে ঢাকায় থাকব।
attraction_01051	attraction	p3_ord	p1	p1	attractor	fut	আমার বন্ধু আগামী সপ্তাহে আমাদের বাড়িতে এসে ঢাকায় থাকবে।	আমার বন্ধু আগামী সপ্তাহে আমাদের বাড়িতে এসে ঢাকায় থাকব।
attraction_01052	attraction	p3_ord	p1	p1	attractor	fut	আমার বন্ধু আগামীকাল আমার কথা শুনে ঢাকায় থাকবে।	আমার বন্ধু আগামীকাল আমার কথা শুনে ঢাকায় থাকব।
attraction_01053	attraction	p3_ord	p2_hon	p2_hon	attractor	fut	আমার বন্ধু কিছুদিন পরে আপনার কথা ভেবে ঢাকায় থাকবে।	আমার বন্ধু কিছুদিন পরে আপনার কথা ভেবে ঢাকায় থাকবেন।
attraction_01054	attraction	p3_ord	p1	p1	attractor	fut	রহিম আগামীকাল আমার সঙ্গে ঢাকায় থাকবে।	রহিম আগামীকাল আমার সঙ্গে ঢাকায় থাকব।
attraction_01055	attraction	p3_ord	p1	p1	attractor	fut	রহিম কিছুদিন পরে আমাদের বাড়িতে এসে ঢাকায় থাকবে।	রহিম কিছুদিন পরে আমাদের বাড়িতে এসে ঢাকায় থাকব।
attraction_01056	attraction	p3_ord	p1	p1	attractor	fut	রহিম আগামী সপ্তাহে আমার কথা শুনে ঢাকায় থাকবে।	রহিম আগামী সপ্তাহে আমার কথা শুনে ঢাকায় থাকব।
attraction_01057	attraction	p3_ord	p2_hon	p2_hon	attractor	fut	রহিম আগামী সপ্তাহে আপনার কথা ভেবে ঢাকায় থাকবে।	রহিম আগামী সপ্তাহে আপনার কথা ভেবে ঢাকায় থাকবেন।
attraction_01058	attraction	p3_hon	p1	p1	attractor	fut	তিনি কিছুদিন পরে আমার সঙ্গে ঢাকায় থাকবেন।	তিনি কিছুদিন পরে আমার সঙ্গে ঢাকায় থাকব।
attraction_01059	attraction	p3_hon	p1	p1	attractor	fut	তিনি কিছুদিন পরে আমাদের বাড়িতে এসে ঢাকায় থাকবেন।	তিনি কিছুদিন পরে আমাদের বাড়িতে এসে ঢাকায় থাকব।
attraction_01060	attraction	p3_hon	p1	p1	attractor	fut	তিনি আগামীকাল আমার কথা শুনে ঢাকায় থাকবেন।	তিনি আগামীকাল আমার কথা শুনে ঢাকায় থাকব।
attraction_01061	attraction	p3_hon	p2_fam	p2_fam	attractor	fut	তিনি আগামীকাল তোমার সঙ্গে ঢাকায় থাকবেন।	তিনি আগামীকাল তোমার সঙ্গে ঢাকায় থাকবে।
attraction_01062	attraction	p3_hon	p2_fam	p2_fam	attractor	fut	তিনি কিছুদিন পরে তোমাদের সাথে বসে ঢাকায় থাকবেন।	তিনি কিছুদিন পরে তোমাদের সাথে বসে ঢাকায় থাকবে।
attraction_01063	attraction	p3_hon	p1	p1	attractor	fut	উনি আগামী সপ্তাহে আমার সঙ্গে ঢাকায় থাকবেন।	উনি আগামী সপ্তাহে আমার সঙ্গে ঢাকায় থাকব।
attraction_01064	attraction	p3_hon	p1	p1	attractor	fut	উনি আগামী সপ্তাহে আমাদের বাড়িতে এসে ঢাকায় থাকবেন।	উনি আগামী সপ্তাহে আমাদের বাড়িতে এসে ঢাকায় থাকব।
attraction_01065	attraction	p3_hon	p1	p1	attractor	fut	উনি আগামীকাল আমার কথা শুনে ঢাকায় থাকবেন।	উনি আগামীকাল আমার কথা শুনে ঢাকায় থাকব।
attraction_01066	attraction	p3_hon	p2_fam	p2_fam	attractor	fut	উনি আগামী সপ্তাহে তোমার সঙ্গে ঢাকায় থাকবেন।	উনি আগামী সপ্তাহে তোমার সঙ্গে ঢাকায় থাকবে।
attraction_01067	attraction	p3_hon	p2_fam	p2_fam	attractor	fut	উনি কিছুদিন পরে তোমাদের সাথে বসে ঢাকায় থাকবেন।	উনি কিছুদিন পরে তোমাদের সাথে বসে ঢাকায় থাকবে।
attraction_01068	attraction	p2_fam	p1	p1	attractor	fut	তুমি কিছুদিন পরে আমার সঙ্গে ঢাকায় থাকবে।	তুমি কিছুদিন পরে আমার সঙ্গে ঢাকায় থাকব।
attraction_01069	attraction	p2_fam	p1	p1	attractor	fut	তুমি আগামীকাল আমাদের বাড়িতে এসে ঢাকায় থাকবে।	তুমি আগামীকাল আমাদের বাড়িতে এসে ঢাকায় থাকব।
attraction_01070	attraction	p2_fam	p1	p1	attractor	fut	তুমি কিছুদিন পরে আমার কথা শুনে ঢাকায় থাকবে।	তুমি কিছুদিন পরে আমার কথা শুনে ঢাকায় থাকব।
attraction_01071	attraction	p3_ord	p1	p1	attractor	pres	সে সাধারণত আমার সঙ্গে গান শেখে।	সে সাধারণত আমার সঙ্গে গান শিখি।
attraction_01072	attraction	p3_ord	p1	p1	attractor	pres	সে প্রায়ই আমাদের বাড়িতে এসে গান শেখে।	সে প্রায়ই আমাদের বাড়িতে এসে গান শিখি।
attraction_01073	attraction	p3_ord	p1	p1	attractor	pres	সে প্রায়ই আমার কথা শুনে গান শেখে।	সে প্রায়ই আমার কথা শুনে গান শিখি।
attraction_01074	attraction	p3_ord	p2_fam	p2_fam	attractor	pres	সে প্রায়ই তোমার সঙ্গে গান শেখে।	সে প্রায়ই তোমার সঙ্গে গান শেখো।
attraction_01075	attraction	p3_ord	p2_fam	p2_fam	attractor	pres	সে প্রায়ই তোমাদের সাথে বসে গান শেখে।	সে প্রায়ই তোমাদের সাথে বসে গান শেখো।
attraction_01076	attraction	p3_ord	p2_hon	p2_hon	attractor	pres	সে প্রতিদিন আপনার কথা ভেবে গান শেখে।	সে প্রতিদিন আপনার কথা ভেবে গান শেখেন।
attraction_01077	attraction	p3_ord	p1	p1	attractor	pres	ছেলেটি সাধারণত আমার সঙ্গে গান শেখে।	ছেলেটি সাধারণত আমার সঙ্গে গান শিখি।
attraction_01078	attraction	p3_ord	p1	p1	attractor	pres	ছেলেটি সাধারণত আমাদের বাড়িতে এসে গান শেখে।	ছেলেটি সাধারণত আমাদের বাড়িতে এসে গান শিখি।
attraction_01079	attraction	p3_ord	p1	p1	attractor	pres	ছেলেটি প্রতিদিন আমার কথা শুনে গান শেখে।	ছেলেটি প্রতিদিন আমার কথা শুনে গান শিখি।
attraction_01080	attraction	p3_ord	p2_fam	p2_fam	attractor	pres	ছেলেটি সাধারণত তোমার সঙ্গে গান শেখে।	ছেলেটি সাধারণত তোমার সঙ্গে গান শেখো।
attraction_01081	attraction	p3_ord	p2_fam	p2_fam	attractor	pres	ছেলেটি প্রতিদিন তোমাদের সাথে বসে গান শেখে।	ছেলেটি প্রতিদিন তোমাদের সাথে বসে গান শেখো।
attraction_01082	attraction	p3_ord	p2_hon	p2_hon	attractor	pres	ছেলেটি প্রতিদিন আপনার কথা ভেবে গান শেখে।	ছেলেটি প্রতিদিন আপনার কথা ভেবে গান শেখেন।
attraction_01083	attraction	p3_ord	p1	p1	attractor	pres	মেয়েটি সাধারণত আমার সঙ্গে গান শেখে।	মেয়েটি সাধারণত আমার সঙ্গে গান শিখি।
attraction_01084	attraction	p3_ord	p1	p1	attractor	pres	মেয়েটি প্রায়ই আমাদের বাড়িতে এসে গান শেখে।	মেয়েটি প্রায়ই আমাদের বাড়িতে এসে গান শিখি।
attraction_01085	attraction	p3_ord	p1	p1	attractor	pres	মেয়েটি সাধারণত আমার কথা শুনে গান শেখে।	মেয়েটি সাধারণত আমার কথা শুনে গান শিখি।
attraction_01086	attraction	p3_ord	p2_fam	p2_fam	attractor	pres	মেয়েটি সাধারণত তোমার সঙ্গে গান শেখে।	মেয়েটি সাধারণত তোমার সঙ্গে গান শেখো।
attraction_01087	attraction	p3_ord	p2_fam	p2_fam	attractor	pres	মেয়েটি প্রতিদিন তোমাদের সাথে বসে গান শেখে।	মেয়েটি প্রতিদিন তোমাদের সাথে বসে গান শেখো।
attraction_01088	attraction	p3_ord	p2_hon	p2_hon	attractor	pres	মেয়েটি সাধারণত আপনার কথা ভেবে গান শেখে।	মেয়েটি সাধারণত আপনার কথা ভেবে গান শেখেন।
attraction_01089	attraction	p3_ord	p1	p1	attractor	pres	আমার বন্ধু প্রতিদিন আমার সঙ্গে গান শেখে।	আমার বন্ধু প্রতিদিন আমার সঙ্গে গান শিখি।
attraction_01090	attraction	p3_ord	p1	p1	attractor	pres	আমার বন্ধু সাধারণত আমাদের বাড়িতে এসে গান শেখে।	আমার বন্ধু সাধারণত আমাদের বাড়িতে এসে গান শিখি।
attraction_01091	attraction	p3_ord	p1	p1	attractor	pres	আমার বন্ধু সাধারণত আমার কথা শুনে গান শেখে।	আমার বন্ধু সাধারণত আমার কথা শুনে গান শিখি।
attraction_01092	attraction	p3_ord	p2_fam	p2_fam	attractor	pres	আমার বন্ধু প্রতিদিন তোমার সঙ্গে গান শেখে।	আমার বন্ধু প্রতিদিন তোমার সঙ্গে গান শেখো।
attraction_01093	attraction	p3_ord	p2_fam	p2_fam	attractor	pres	আমার বন্ধু প্রায়ই তোমাদের সাথে বসে গান শেখে।	আমার বন্ধু প্রায়ই তোমাদের সাথে বসে গান শেখো।
attraction_01094	attraction	p3_ord	p2_hon	p2_hon	attractor	pres	আমার বন্ধু প্রতিদিন আপনার কথা ভেবে গান শেখে।	আমার বন্ধু প্রতিদিন আপনার কথা ভেবে গান শেখেন।
attraction_01095	attraction	p3_ord	p1	p1	attractor	pres	রহিম প্রতিদিন আমার সঙ্গে গান শেখে।	রহিম প্রতিদিন আমার সঙ্গে গান শিখি।
attraction_01096	attraction	p3_ord	p1	p1	attractor	pres	রহিম প্রায়ই আমাদের বাড়িতে এসে গান শেখে।	রহিম প্রায়ই আমাদের বাড়িতে এসে গান শিখি।
attraction_01097	attraction	p3_ord	p1	p1	attractor	pres	রহিম সাধারণত আমার কথা শুনে গান শেখে।	রহিম সাধারণত আমার কথা শুনে গান শিখি।
attraction_01098	attraction	p3_ord	p2_fam	p2_fam	attractor	pres	রহিম প্রায়ই তোমার সঙ্গে গান শেখে।	রহিম প্রায়ই তোমার সঙ্গে গান শেখো।
attraction_01099	attraction	p3_ord	p2_fam	p2_fam	attractor	pres	রহিম প্রতিদিন তোমাদের সাথে বসে গান শেখে।	রহিম প্রতিদিন তোমাদের সাথে বসে গান শেখো।
attraction_01100	attraction	p3_ord	p2_hon	p2_hon	attractor	pres	রহিম সাধারণত আপনার কথা ভেবে গান শেখে।	রহিম সাধারণত আপনার কথা ভেবে গান শেখেন।
attraction_01101	attraction	p3_hon	p1	p1	attractor	pres	তিনি প্রায়ই আমার সঙ্গে গান শেখেন।	তিনি প্রায়ই আমার সঙ্গে গান শিখি।
attraction_01102	attraction	p3_hon	p1	p1	attractor	pres	তিনি প্রতিদিন আমাদের বাড়িতে এসে গান শেখেন।	তিনি প্রতিদিন আমাদের বাড়িতে এসে গান শিখি।
attraction_01103	attraction	p3_hon	p1	p1	attractor	pres	তিনি প্রায়ই আমার কথা শুনে গান শেখেন।	তিনি প্রায়ই আমার কথা শুনে গান শিখি।
attraction_01104	attraction	p3_hon	p2_fam	p2_fam	attractor	pres	তিনি প্রতিদিন তোমার সঙ্গে গান শেখেন।	তিনি প্রতিদিন তোমার সঙ্গে গান শেখো।
attraction_01105	attraction	p3_hon	p2_fam	p2_fam	attractor	pres	তিনি সাধারণত তোমাদের সাথে বসে গান শেখেন।	তিনি সাধারণত তোমাদের সাথে বসে গান শেখো।
attraction_01106	attraction	p3_hon	p1	p1	attractor	pres	উনি সাধারণত আমার সঙ্গে গান শেখেন।	উনি সাধারণত আমার সঙ্গে গান শিখি।
attraction_01107	attraction	p3_hon	p1	p1	attractor	pres	উনি প্রতিদিন আমাদের বাড়িতে এসে গান শেখেন।	উনি প্রতিদিন আমাদের বাড়িতে এসে গান শিখি।
attraction_01108	attraction	p3_hon	p1	p1	attractor	pres	উনি সাধারণত আমার কথা শুনে গান শেখেন।	উনি সাধারণত আমার কথা শুনে গান শিখি।
attraction_01109	attraction	p3_hon	p2_fam	p2_fam	attractor	pres	উনি প্রতিদিন তোমার সঙ্গে গান শেখেন।	উনি প্রতিদিন তোমার সঙ্গে গান শেখো।
attraction_01110	attraction	p3_hon	p2_fam	p2_fam	attractor	pres	উনি প্রতিদিন তোমাদের সাথে বসে গান শেখেন।	উনি প্রতিদিন তোমাদের সাথে বসে গান শেখো।
attraction_01111	attraction	p2_fam	p1	p1	attractor	pres	তুমি প্রায়ই আমার সঙ্গে গান শেখো।	তুমি প্রায়ই আমার সঙ্গে গান শিখি।
attraction_01112	attraction	p2_fam	p1	p1	attractor	pres	তুমি প্রতিদিন আমাদের বাড়িতে এসে গান শেখো।	তুমি প্রতিদিন আমাদের বাড়িতে এসে গান শিখি।
attraction_01113	attraction	p2_fam	p1	p1	attractor	pres	তুমি সাধারণত আমার কথা শুনে গান শেখো।	তুমি সাধারণত আমার কথা শুনে গান শিখি।
attraction_01114	attraction	p3_ord	p1	p1	attractor	past	সে গত সপ্তাহে আমার সঙ্গে গান শিখল।	সে গত সপ্তাহে আমার সঙ্গে গান শিখলাম।
attraction_01115	attraction	p3_ord	p1	p1	attractor	past	সে গতকাল আমাদের বাড়িতে এসে গান শিখল।	সে গতকাল আমাদের বাড়িতে এসে গান শিখলাম।
attraction_01116	attraction	p3_ord	p1	p1	attractor	past	সে গতকাল আমার কথা শুনে গান শিখল।	সে গতকাল আমার কথা শুনে গান শিখলাম।
attraction_01117	attraction	p3_ord	p2_fam	p2_fam	attractor	past	সে গত সপ্তাহে তোমার সঙ্গে গান শিখল।	সে গত সপ্তাহে তোমার সঙ্গে গান শিখলে।
attraction_01118	attraction	p3_ord	p2_fam	p2_fam	attractor	past	সে গত সপ্তাহে তোমাদের সাথে বসে গান শিখল।	সে গত সপ্তাহে তোমাদের সাথে বসে গান শিখলে।
attraction_01119	attraction	p3_ord	p2_hon	p2_hon	attractor	past	সে কাল সন্ধ্যায় আপনার কথা ভেবে গান শিখল।	সে কাল সন্ধ্যায় আপনার কথা ভেবে গান শিখলেন।
attraction_01120	attraction	p3_ord	p1	p1	attractor	past	ছেলেটি কাল সন্ধ্যায় আমার সঙ্গে গান শিখল।	ছেলেটি কাল সন্ধ্যায় আমার সঙ্গে গান শিখলাম।
attraction_01121	attraction	p3_ord	p1	p1	attractor	past	ছেলেটি গত সপ্তাহে আমাদের বাড়িতে এসে গান শিখল।	ছেলেটি গত সপ্তাহে আমাদের বাড়িতে এসে গান শিখলাম।
attraction_01122	attraction	p3_ord	p1	p1	attractor	past	ছেলেটি কাল সন্ধ্যায় আমার কথা শুনে গান শিখল।	ছেলেটি কাল সন্ধ্যায় আমার কথা শুনে গান শিখলাম।
attraction_01123	attraction	p3_ord	p2_fam	p2_fam	attractor	past	ছেলেটি গত সপ্তাহে তোমার সঙ্গে গান শিখল।	ছেলেটি গত সপ্তাহে তোমার সঙ্গে গান শিখলে।
attraction_01124	attraction	p3_ord	p2_fam	p2_fam	attractor	past	ছেলেটি গত সপ্তাহে তোমাদের সাথে বসে গান শিখল।	ছেলেটি গত সপ্তাহে তোমাদের সাথে বসে গান শিখলে।
attraction_01125	attraction	p3_ord	p2_hon	p2_hon	attractor	past	ছেলেটি গত সপ্তাহে আপনার কথা ভেবে গান শিখল।	ছেলেটি গত সপ্তাহে আপনার কথা ভেবে গান শিখলেন।
attraction_01126	attraction	p3_ord	p1	p1	attractor	past	মেয়েটি গতকাল আমার সঙ্গে গান শিখল।	মেয়েটি গতকাল আমার সঙ্গে গান শিখলাম।
attraction_01127	attraction	p3_ord	p1	p1	attractor	past	মেয়েটি গতকাল আমাদের বাড়িতে এসে গান শিখল।	মেয়েটি গতকাল আমাদের বাড়িতে এসে গান শিখলাম।
attraction_01128	attraction	p3_ord	p1	p1	attractor	past	মেয়েটি গত সপ্তাহে আমার কথা শুনে গান শিখল।	মেয়েটি গত সপ্তাহে আমার কথা শুনে গান শিখলাম।
attraction_01129	attraction	p3_ord	p2_fam	p2_fam	attractor	past	মেয়েটি গতকাল তোমার সঙ্গে গান শিখল।	মেয়েটি গতকাল তোমার সঙ্গে গান শিখলে।
attraction_01130	attraction	p3_ord	p2_fam	p2_fam	attractor	past	মেয়েটি কাল সন্ধ্যায় তোমাদের সাথে বসে গান শিখল।	মেয়েটি কাল সন্ধ্যায় তোমাদের সাথে বসে গান শিখলে।
attraction_01131	attraction	p3_ord	p2_hon	p2_hon	attractor	past	মেয়েটি গতকাল আপনার কথা ভেবে গান শিখল।	মেয়েটি গতকাল আপনার কথা ভেবে গান শিখলেন।
attraction_01132	attraction	p3_ord	p1	p1	attractor	past	আমার বন্ধু গত সপ্তাহে আমার সঙ্গে গান শিখল।	আমার বন্ধু গত সপ্তাহে আমার সঙ্গে গান শিখলাম।
attraction_01133	attraction	p3_ord	p1	p1	attractor	past	আমার বন্ধু কাল সন্ধ্যায় আমাদের বাড়িতে এসে গান শিখল।	আমার বন্ধু কাল সন্ধ্যায় আমাদের বাড়িতে এসে গান শিখলাম।
attraction_01134	attraction	p3_ord	p1	p1	attractor	past	আমার বন্ধু গতকাল আমার কথা শুনে গান শিখল।	আমার বন্ধু গতকাল আমার কথা শুনে গান শিখলাম।
attraction_01135	attraction	p3_ord	p2_fam	p2_fam	attractor	past	আমার বন্ধু কাল সন্ধ্যায় তোমার সঙ্গে গান শিখল।	আমার বন্ধু কাল সন্ধ্যায় তোমার সঙ্গে গান শিখলে।
attraction_01136	attraction	p3_ord	p2_fam	p2_fam	attractor	past	আমার বন্ধু কাল সন্ধ্যায় তোমাদের সাথে বসে গান শিখল।	আমার বন্ধু কাল সন্ধ্যায় তোমাদের সাথে বসে গান শিখলে।
attraction_01137	attraction	p3_ord	p2_hon	p2_hon	attractor	past	আমার বন্ধু কাল সন্ধ্যায় আপনার কথা ভেবে গান শিখল।	আমার বন্ধু কাল সন্ধ্যায় আপনার কথা ভেবে গান শিখলেন।
attraction_01138	attraction	p3_ord	p1	p1	attractor	past	রহিম গত সপ্তাহে আমার সঙ্গে গান শিখল।	রহিম গত সপ্তাহে আমার সঙ্গে গান শিখলাম।
attraction_01139	attraction	p3_ord	p1	p1	attractor	past	রহিম গতকাল আমাদের বাড়িতে এসে গান শিখল।	রহিম গতকাল আমাদের বাড়িতে এসে গান শিখলাম।
attraction_01140	attraction	p3_ord	p1	p1	attractor	past	রহিম গতকাল আমার কথা শুনে গান শিখল।	রহিম গতকাল আমার কথা শুনে গান শিখলাম।
attraction_01141	attraction	p3_ord	p2_fam	p2_fam	attractor	past	রহিম গতকাল তোমার সঙ্গে গান শিখল।	রহিম গতকাল তোমার সঙ্গে গান শিখলে।
attraction_01142	attraction	p3_ord	p2_fam	p2_fam	attractor	past	রহিম কাল সন্ধ্যায় তোমাদের সাথে বসে গান শিখল।	রহিম কাল সন্ধ্যায় তোমাদের সাথে বসে গান শিখলে।
attraction_01143	attraction	p3_ord	p2_hon	p2_hon	attractor	past	রহিম গত সপ্তাহে আপনার কথা ভেবে গান শিখল।	রহিম গত সপ্তাহে আপনার কথা ভেবে গান শিখলেন।
attraction_01144	attraction	p3_hon	p1	p1	attractor	past	তিনি গত সপ্তাহে আমার সঙ্গে গান শিখলেন।	তিনি গত সপ্তাহে আমার সঙ্গে গান শিখলাম।
attraction_01145	attraction	p3_hon	p1	p1	attractor	past	তিনি গত সপ্তাহে আমাদের বাড়িতে এসে গান শিখলেন।	তিনি গত সপ্তাহে আমাদের বাড়িতে এসে গান শিখলাম।
attraction_01146	attraction	p3_hon	p1	p1	attractor	past	তিনি গতকাল আমার কথা শুনে গান শিখলেন।	তিনি গতকাল আমার কথা শুনে গান শিখলাম।
attraction_01147	attraction	p3_hon	p2_fam	p2_fam	attractor	past	তিনি কাল সন্ধ্যায় তোমার সঙ্গে গান শিখলেন।	তিনি কাল সন্ধ্যায় তোমার সঙ্গে গান শিখলে।
attraction_01148	attraction	p3_hon	p2_fam	p2_fam	attractor	past	তিনি কাল সন্ধ্যায় তোমাদের সাথে বসে গান শিখলেন।	তিনি কাল সন্ধ্যায় তোমাদের সাথে বসে গান শিখলে।
attraction_01149	attraction	p3_hon	p1	p1	attractor	past	উনি গতকাল আমার সঙ্গে গান শিখলেন।	উনি গতকাল আমার সঙ্গে গান শিখলাম।
attraction_01150	attraction	p3_hon	p1	p1	attractor	past	উনি গতকাল আমাদের বাড়িতে এসে গান শিখলেন।	উনি গতকাল আমাদের বাড়িতে এসে গান শিখলাম।
attraction_01151	attraction	p3_hon	p1	p1	attractor	past	উনি গত সপ্তাহে আমার কথা শুনে গান শিখলেন।	উনি গত সপ্তাহে আমার কথা শুনে গান শিখলাম।
attraction_01152	attraction	p3_hon	p2_fam	p2_fam	attractor	past	উনি গত সপ্তাহে তোমার সঙ্গে গান শিখলেন।	উনি গত সপ্তাহে তোমার সঙ্গে গান শিখলে।
attraction_01153	attraction	p3_hon	p2_fam	p2_fam	attractor	past	উনি গত সপ্তাহে তোমাদের সাথে বসে গান শিখলেন।	উনি গত সপ্তাহে তোমাদের সাথে বসে গান শিখলে।
attraction_01154	attraction	p2_fam	p1	p1	attractor	past	তুমি গতকাল আমার সঙ্গে গান শিখলে।	তুমি গতকাল আমার সঙ্গে গান শিখলাম।
attraction_01155	attraction	p2_fam	p1	p1	attractor	past	তুমি কাল সন্ধ্যায় আমাদের বাড়িতে এসে গান শিখলে।	তুমি কাল সন্ধ্যায় আমাদের বাড়িতে এসে গান শিখলাম।
attraction_01156	attraction	p2_fam	p1	p1	attractor	past	তুমি কাল সন্ধ্যায় আমার কথা শুনে গান শিখলে।	তুমি কাল সন্ধ্যায় আমার কথা শুনে গান শিখলাম।
attraction_01157	attraction	p3_ord	p1	p1	attractor	fut	সে আগামীকাল আমার সঙ্গে গান শিখবে।	সে আগামীকাল আমার সঙ্গে গান শিখব।
attraction_01158	attraction	p3_ord	p1	p1	attractor	fut	সে কিছুদিন পরে আমাদের বাড়িতে এসে গান শিখবে।	সে কিছুদিন পরে আমাদের বাড়িতে এসে গান শিখব।
attraction_01159	attraction	p3_ord	p1	p1	attractor	fut	সে আগামীকাল আমার কথা শুনে গান শিখবে।	সে আগামীকাল আমার কথা শুনে গান শিখব।
attraction_01160	attraction	p3_ord	p2_hon	p2_hon	attractor	fut	সে আগামী সপ্তাহে আপনার কথা ভেবে গান শিখবে।	সে আগামী সপ্তাহে আপনার কথা ভেবে গান শিখবেন।
attraction_01161	attraction	p3_ord	p1	p1	attractor	fut	ছেলেটি আগামীকাল আমার সঙ্গে গান শিখবে।	ছেলেটি আগামীকাল আমার সঙ্গে গান শিখব।
attraction_01162	attraction	p3_ord	p1	p1	attractor	fut	ছেলেটি আগামীকাল আমাদের বাড়িতে এসে গান শিখবে।	ছেলেটি আগামীকাল আমাদের বাড়িতে এসে গান শিখব।
attraction_01163	attraction	p3_ord	p1	p1	attractor	fut	ছেলেটি আগামী সপ্তাহে আমার কথা শুনে গান শিখবে।	ছেলেটি আগামী সপ্তাহে আমার কথা শুনে গান শিখব।
attraction_01164	attraction	p3_ord	p2_hon	p2_hon	attractor	fut	ছেলেটি কিছুদিন পরে আপনার কথা ভেবে গান শিখবে।	ছেলেটি কিছুদিন পরে আপনার কথা ভেবে গান শিখবেন।
attraction_01165	attraction	p3_ord	p1	p1	attractor	fut	মেয়েটি আগামী সপ্তাহে আমার সঙ্গে গান শিখবে।	মেয়েটি আগামী সপ্তাহে আমার সঙ্গে গান শিখব।
attraction_01166	attraction	p3_ord	p1	p1	attractor	fut	মেয়েটি কিছুদিন পরে আমাদের বাড়িতে এসে গান শিখবে।	মেয়েটি কিছুদিন পরে আমাদের বাড়িতে এসে গান শিখব।
attraction_01167	attraction	p3_ord	p1	p1	attractor	fut	মেয়েটি আগামী সপ্তাহে আমার কথা শুনে গান শিখবে।	মেয়েটি আগামী সপ্তাহে আমার কথা শুনে গান শিখব।
attraction_01168	attraction	p3_ord	p2_hon	p2_hon	attractor	fut	মেয়েটি আগামী সপ্তাহে আপনার কথা ভেবে গান শিখবে।	মেয়েটি আগামী সপ্তাহে আপনার কথা ভেবে গান শিখবেন।
attraction_01169	attraction	p3_ord	p1	p1	attractor	fut	আমার বন্ধু আগামী সপ্তাহে আমার সঙ্গে গান শিখবে।	আমার বন্ধু আগামী সপ্তাহে আমার সঙ্গে গান শিখব।
attraction_01170	attraction	p3_ord	p1	p1	attractor	fut	আমার বন্ধু আগামী সপ্তাহে আমাদের বাড়িতে এসে গান শিখবে।	আমার বন্ধু আগামী সপ্তাহে আমাদের বাড়িতে এসে গান শিখব।
attraction_01171	attraction	p3_ord	p1	p1	attractor	fut	আমার বন্ধু কিছুদিন পরে আমার কথা শুনে গান শিখবে।	আমার বন্ধু কিছুদিন পরে আমার কথা শুনে গান শিখব।
attraction_01172	attraction	p3_ord	p2_hon	p2_hon	attractor	fut	আমার বন্ধু কিছুদিন পরে আপনার কথা ভেবে গান শিখবে।	আমার বন্ধু কিছুদিন পরে আপনার কথা ভেবে গান শিখবেন।
attraction_01173	attraction	p3_ord	p1	p1	attractor	fut	রহিম আগামী সপ্তাহে আমার সঙ্গে গান শিখবে।	রহিম আগামী সপ্তাহে আমার সঙ্গে গান শিখব।
attraction_01174	attraction	p3_ord	p1	p1	attractor	fut	রহিম কিছুদিন পরে আমাদের বাড়িতে এসে গান শিখবে।	রহিম কিছুদিন পরে আমাদের বাড়িতে এসে গান শিখব।
attraction_01175	attraction	p3_ord	p1	p1	attractor	fut	রহিম কিছুদিন পরে আমার কথা শুনে গান শিখবে।	রহিম কিছুদিন পরে আমার কথা শুনে গান শিখব।
attraction_01176	attraction	p3_ord	p2_hon	p2_hon	attractor	fut	রহিম আগামী সপ্তাহে আপনার কথা ভেবে গান শিখবে।	রহিম আগামী সপ্তাহে আপনার কথা ভেবে গান শিখবেন।
attraction_01177	attraction	p3_hon	p1	p1	attractor	fut	তিনি কিছুদিন পরে আমার সঙ্গে গান শিখবেন।	তিনি কিছুদিন পরে আমার সঙ্গে গান শিখব।
attraction_01178	attraction	p3_hon	p1	p1	attractor	fut	তিনি আগামীকাল আমাদের বাড়িতে এসে গান শিখবেন।	তিনি আগামীকাল আমাদের বাড়িতে এসে গান শিখব।
attraction_01179	attraction	p3_hon	p1	p1	attractor	fut	তিনি কিছুদিন পরে আমার কথা শুনে গান শিখবেন।	তিনি কিছুদিন পরে আমার কথা শুনে গান শিখব।
attraction_01180	attraction	p3_hon	p2_fam	p2_fam	attractor	fut	তিনি কিছুদিন পরে তোমার সঙ্গে গান শিখবেন।	তিনি কিছুদিন পরে তোমার সঙ্গে গান শিখবে।
attraction_01181	attraction	p3_hon	p2_fam	p2_fam	attractor	fut	তিনি কিছুদিন পরে তোমাদের সাথে বসে গান শিখবেন।	তিনি কিছুদিন পরে তোমাদের সাথে বসে গান শিখবে।
attraction_01182	attraction	p3_hon	p1	p1	attractor	fut	উনি কিছুদিন পরে আমার সঙ্গে গান শিখবেন।	উনি কিছুদিন পরে আমার সঙ্গে গান শিখব।
attraction_01183	attraction	p3_hon	p1	p1	attractor	fut	উনি আগামীকাল আমাদের বাড়িতে এসে গান শিখবেন।	উনি আগামীকাল আমাদের বাড়িতে এসে গান শিখব।
attraction_01184	attraction	p3_hon	p1	p1	attractor	fut	উনি আগামী সপ্তাহে আমার কথা শুনে গান শিখবেন।	উনি আগামী সপ্তাহে আমার কথা শুনে গান শিখব।
attraction_01185	attraction	p3_hon	p2_fam	p2_fam	attractor	fut	উনি কিছুদিন পরে তোমার সঙ্গে গান শিখবেন।	উনি কিছুদিন পরে তোমার সঙ্গে গান শিখবে।
attraction_01186	attraction	p3_hon	p2_fam	p2_fam	attractor	fut	উনি আগামীকাল তোমাদের সাথে বসে গান শিখবেন।	উনি আগামীকাল তোমাদের সাথে বসে গান শিখবে।
attraction_01187	attraction	p2_fam	p1	p1	attractor	fut	তুমি আগামী সপ্তাহে আমার সঙ্গে গান শিখবে।	তুমি আগামী সপ্তাহে আমার সঙ্গে গান শিখব।
attraction_01188	attraction	p2_fam	p1	p1	attractor	fut	তুমি কিছুদিন পরে আমাদের বাড়িতে এসে গান শিখবে।	তুমি কিছুদিন পরে আমাদের বাড়িতে এসে গান শিখব।
attraction_01189	attraction	p2_fam	p1	p1	attractor	fut	তুমি কিছুদিন পরে আমার কথা শুনে গান শিখবে।	তুমি কিছুদিন পরে আমার কথা শুনে গান শিখব।
