id	phenomenon	subj_person	wrong_person	lure_person	distance	tense	sen	wrong_sen
sva_00000	sva	p1	p2_hon		none	pres	আমি কাজ করি।	আমি কাজ করেন।
sva_00001	sva	p1	p2_int		short	pres	আমি সাধারণত কাজ করি।	আমি সাধারণত কাজ করিস।
sva_00002	sva	p1	p2_int		medium	pres	আমি সাধারণত বন্ধুদের সঙ্গে কাজ করি।	আমি সাধারণত বন্ধুদের সঙ্গে কাজ করিস।
sva_00003	sva	p1	p3_ord		medium	pres	আমি সাধারণত খুব মন দিয়ে কাজ করি।	আমি সাধারণত খুব মন দিয়ে কাজ করে।
sva_00004	sva	p1	p3_hon		medium	pres	আমি প্রতিদিন একা একা কাজ করি।	আমি প্রতিদিন একা একা কাজ করেন।
sva_00005	sva	p1	p3_ord		medium	pres	আমি প্রতিদিন বাড়ির কাজ শেষ করে কাজ করি।	আমি প্রতিদিন বাড়ির কাজ শেষ করে কাজ করে।
sva_00006	sva	p1	p3_ord		long	pres	আমি প্রতিদিন বাড়ির সব কাজ শেষ করে বন্ধুদের সঙ্গে কাজ করি।	আমি প্রতিদিন বাড়ির সব কাজ শেষ করে বন্ধুদের সঙ্গে কাজ করে।
sva_00007	sva	p1	p3_ord		long	pres	আমি প্রতিদিন দীর্ঘ ক্লান্তিকর পথ চলার শেষে একা একা কাজ করি।	আমি প্রতিদিন দীর্ঘ ক্লান্তিকর পথ চলার শেষে একা একা কাজ করে।
sva_00008	sva	p1	p2_hon		long	pres	আমি প্রায়ই পরীক্ষার প্রস্তুতির ফাঁকে অল্প সময়ের জন্য কাজ করি।	আমি প্রায়ই পরীক্ষার প্রস্তুতির ফাঁকে অল্প সময়ের জন্য কাজ করেন।
sva_00009	sva	p1	p2_hon		long	pres	আমি প্রায়ই সব রকমের ব্যস্ততার মধ্যেও খুব মন দিয়ে কাজ করি।	আমি প্রায়ই সব রকমের ব্যস্ততার মধ্যেও খুব মন দিয়ে কাজ করেন।
sva_00010	sva	p2_int	p3_ord		none	pres	তুই কাজ করিস।	তুই কাজ করে।
sva_00011	sva	p2_int	p3_hon		short	pres	তুই প্রতিদিন কাজ করিস।	তুই প্রতিদিন কাজ করেন।
sva_00012	sva	p2_int	p3_hon		medium	pres	তুই প্রায়ই বন্ধুদের সঙ্গে কাজ করিস।	তুই প্রায়ই বন্ধুদের সঙ্গে কাজ করেন।
sva_00013	sva	p2_int	p2_fam		medium	pres	তুই প্রতিদিন খুব মন দিয়ে কাজ করিস।	তুই প্রতিদিন খুব মন দিয়ে কাজ করো।
sva_00014	sva	p2_int	p3_hon		medium	pres	তুই সাধারণত একা একা কাজ করিস।	তুই সাধারণত একা একা কাজ করেন।
sva_00015	sva	p2_int	p2_fam		medium	pres	তুই সাধারণত বাড়ির কাজ শেষ করে কাজ করিস।	তুই সাধারণত বাড়ির কাজ শেষ করে কাজ করো।
sva_00016	sva	p2_int	p2_hon		long	pres	তুই প্রায়ই বাড়ির সব কাজ শেষ করে বন্ধুদের সঙ্গে কাজ করিস।	তুই প্রায়ই বাড়ির সব কাজ শেষ করে বন্ধুদের সঙ্গে কাজ করেন।
sva_00017	sva	p2_int	p3_ord		long	pres	তুই সাধারণত দীর্ঘ ক্লান্তিকর পথ চলার শেষে একা একা কাজ করিস।	তুই সাধারণত দীর্ঘ ক্লান্তিকর পথ চলার শেষে একা একা কাজ করে।
sva_00018	sva	p2_int	p3_hon		long	pres	তুই সাধারণত পরীক্ষার প্রস্তুতির ফাঁকে অল্প সময়ের জন্য কাজ করিস।	তুই সাধারণত পরীক্ষার প্রস্তুতির ফাঁকে অল্প সময়ের জন্য কাজ করেন।
sva_00019	sva	p2_int	p2_fam		long	pres	তুই প্রায়ই সব রকমের ব্যস্ততার মধ্যেও খুব মন দিয়ে কাজ করিস।	তুই প্রায়ই সব রকমের ব্যস্ততার মধ্যেও খুব মন দিয়ে কাজ করো।
sva_00020	sva	p2_fam	p3_ord		none	pres	তুমি কাজ করো।	তুমি কাজ করে।
sva_00021	sva	p2_fam	p3_hon		short	pres	তুমি সাধারণত কাজ করো।	তুমি সাধারণত কাজ করেন।
sva_00022	sva	p2_fam	p3_hon		medium	pres	তুমি সাধারণত বন্ধুদের সঙ্গে কাজ করো।	তুমি সাধারণত বন্ধুদের সঙ্গে কাজ করেন।
sva_00023	sva	p2_fam	p2_int		medium	pres	তুমি সাধারণত খুব মন দিয়ে কাজ করো।	তুমি সাধারণত খুব মন দিয়ে কাজ করিস।
sva_00024	sva	p2_fam	p1		medium	pres	তুমি প্রতিদিন একা একা কাজ করো।	তুমি প্রতিদিন একা একা কাজ করি।
sva_00025	sva	p2_fam	p2_int		medium	pres	তুমি প্রতিদিন বাড়ির কাজ শেষ করে কাজ করো।	তুমি প্রতিদিন বাড়ির কাজ শেষ করে কাজ করিস।
sva_00026	sva	p2_fam	p3_hon		long	pres	তুমি সাধারণত বাড়ির সব কাজ শেষ করে বন্ধুদের সঙ্গে কাজ করো।	তুমি সাধারণত বাড়ির সব কাজ শেষ করে বন্ধুদের সঙ্গে কাজ করেন।
sva_00027	sva	p2_fam	p3_hon		long	pres	তুমি প্রায়ই দীর্ঘ ক্লান্তিকর পথ চলার শেষে একা একা কাজ করো।	তুমি প্রায়ই দীর্ঘ ক্লান্তিকর পথ চলার শেষে একা একা কাজ করেন।
sva_00028	sva	p2_fam	p3_ord		long	pres	তুমি সাধারণত পরীক্ষার প্রস্তুতির ফাঁকে অল্প সময়ের জন্য কাজ করো।	তুমি সাধারণত পরীক্ষার প্রস্তুতির ফাঁকে অল্প সময়ের জন্য কাজ করে।
sva_00029	sva	p2_fam	p3_hon		long	pres	তুমি সাধারণত সব রকমের ব্যস্ততার মধ্যেও খুব মন দিয়ে কাজ করো।	তুমি সাধারণত সব রকমের ব্যস্ততার মধ্যেও খুব মন দিয়ে কাজ করেন।
sva_00030	sva	p2_hon	p2_int		none	pres	আপনি কাজ করেন।	আপনি কাজ করিস।
sva_00031	sva	p2_hon	p1		short	pres	আপনি প্রতিদিন কাজ করেন।	আপনি প্রতিদিন কাজ করি।
sva_00032	sva	p2_hon	p3_ord		medium	pres	আপনি প্রতিদিন বন্ধুদের সঙ্গে কাজ করেন।	আপনি প্রতিদিন বন্ধুদের সঙ্গে কাজ করে।
sva_00033	sva	p2_hon	p2_int		medium	pres	আপনি প্রায়ই খুব মন দিয়ে কাজ করেন।	আপনি প্রায়ই খুব মন দিয়ে কাজ করিস।
sva_00034	sva	p2_hon	p2_int		medium	pres	আপনি প্রায়ই একা একা কাজ করেন।	আপনি প্রায়ই একা একা কাজ করিস।
sva_00035	sva	p2_hon	p3_ord		medium	pres	আপনি সাধারণত বাড়ির কাজ শেষ করে কাজ করেন।	আপনি সাধারণত বাড়ির কাজ শেষ করে কাজ করে।
sva_00036	sva	p2_hon	p2_int		long	pres	আপনি প্রায়ই বাড়ির সব কাজ শেষ করে বন্ধুদের সঙ্গে কাজ করেন।	আপনি প্রায়ই বাড়ির সব কাজ শেষ করে বন্ধুদের সঙ্গে কাজ করিস।
sva_00037	sva	p2_hon	p2_int		long	pres	আপনি সাধারণত দীর্ঘ ক্লান্তিকর পথ চলার শেষে একা একা কাজ করেন।	আপনি সাধারণত দীর্ঘ ক্লান্তিকর পথ চলার শেষে একা একা কাজ করিস।
sva_00038	sva	p2_hon	p3_ord		long	pres	আপনি সাধারণত পরীক্ষার প্রস্তুতির ফাঁকে অল্প সময়ের জন্য কাজ করেন।	আপনি সাধারণত পরীক্ষার প্রস্তুতির ফাঁকে অল্প সময়ের জন্য কাজ করে।
sva_00039	sva	p2_hon	p2_fam		long	pres	আপনি সাধারণত সব রকমের ব্যস্ততার মধ্যেও খুব মন দিয়ে কাজ করেন।	আপনি সাধারণত সব রকমের ব্যস্ততার মধ্যেও খুব মন দিয়ে কাজ করো।
sva_00040	sva	p3_ord	p2_int		none	pres	সে কাজ করে।	সে কাজ করিস।
sva_00041	sva	p3_ord	p2_int		short	pres	সে প্রায়ই কাজ করে।	সে প্রায়ই কাজ করিস।
sva_00042	sva	p3_ord	p1		medium	pres	সে প্রায়ই বন্ধুদের সঙ্গে কাজ করে।	সে প্রায়ই বন্ধুদের সঙ্গে কাজ করি।
sva_00043	sva	p3_ord	p1		medium	pres	সে প্রায়ই খুব মন দিয়ে কাজ করে।	সে প্রায়ই খুব মন দিয়ে কাজ করি।
sva_00044	sva	p3_ord	p2_hon		medium	pres	সে সাধারণত একা একা কাজ করে।	সে সাধারণত একা একা কাজ করেন।
sva_00045	sva	p3_ord	p1		medium	pres	সে প্রতিদিন বাড়ির কাজ শেষ করে কাজ করে।	সে প্রতিদিন বাড়ির কাজ শেষ করে কাজ করি।
sva_00046	sva	p3_ord	p3_hon		long	pres	সে সাধারণত বাড়ির সব কাজ শেষ করে বন্ধুদের সঙ্গে কাজ করে।	সে সাধারণত বাড়ির সব কাজ শেষ করে বন্ধুদের সঙ্গে কাজ করেন।
sva_00047	sva	p3_ord	p1		long	pres	সে প্রায়ই দীর্ঘ ক্লান্তিকর পথ চলার শেষে একা একা কাজ করে।	সে প্রায়ই দীর্ঘ ক্লান্তিকর পথ চলার শেষে একা একা কাজ করি।
sva_00048	sva	p3_ord	p1		long	pres	সে সাধারণত পরীক্ষার প্রস্তুতির ফাঁকে অল্প সময়ের জন্য কাজ করে।	সে সাধারণত পরীক্ষার প্রস্তুতির ফাঁকে অল্প সময়ের জন্য কাজ করি।
sva_00049	sva	p3_ord	p2_int		long	pres	সে প্রতিদিন সব রকমের ব্যস্ততার মধ্যেও খুব মন দিয়ে কাজ করে।	সে প্রতিদিন সব রকমের ব্যস্ততার মধ্যেও খুব মন দিয়ে কাজ করিস।
sva_00050	sva	p3_ord	p2_int		none	pres	ছেলেটি কাজ করে।	ছেলেটি কাজ করিস।
sva_00051	sva	p3_ord	p2_int		short	pres	ছেলেটি প্রতিদিন কাজ করে।	ছেলেটি প্রতিদিন কাজ করিস।
sva_00052	sva	p3_ord	p2_fam		medium	pres	ছেলেটি প্রায়ই বন্ধুদের সঙ্গে কাজ করে।	ছেলেটি প্রায়ই বন্ধুদের সঙ্গে কাজ করো।
sva_00053	sva	p3_ord	p3_hon		medium	pres	ছেলেটি প্রায়ই খুব মন দিয়ে কাজ করে।	ছেলেটি প্রায়ই খুব মন দিয়ে কাজ করেন।
sva_00054	sva	p3_ord	p3_hon		medium	pres	ছেলেটি প্রতিদিন একা একা কাজ করে।	ছেলেটি প্রতিদিন একা একা কাজ করেন।
sva_00055	sva	p3_ord	p1		medium	pres	ছেলেটি প্রতিদিন বাড়ির কাজ শেষ করে কাজ করে।	ছেলেটি প্রতিদিন বাড়ির কাজ শেষ করে কাজ করি।
sva_00056	sva	p3_ord	p1		long	pres	ছেলেটি প্রায়ই বাড়ির সব কাজ শেষ করে বন্ধুদের সঙ্গে কাজ করে।	ছেলেটি প্রায়ই বাড়ির সব কাজ শেষ করে বন্ধুদের সঙ্গে কাজ করি।
sva_00057	sva	p3_ord	p3_hon		long	pres	ছেলেটি প্রায়ই দীর্ঘ ক্লান্তিকর পথ চলার শেষে একা একা কাজ করে।	ছেলেটি প্রায়ই দীর্ঘ ক্লান্তিকর পথ চলার শেষে একা একা কাজ করেন।
sva_00058	sva	p3_ord	p1		long	pres	ছেলেটি প্রতিদিন পরীক্ষার প্রস্তুতির ফাঁকে অল্প সময়ের জন্য কাজ করে।	ছেলেটি প্রতিদিন পরীক্ষার প্রস্তুতির ফাঁকে অল্প সময়ের জন্য কাজ করি।
sva_00059	sva	p3_ord	p3_hon		long	pres	ছেলেটি প্রতিদিন সব রকমের ব্যস্ততার মধ্যেও খুব মন দিয়ে কাজ করে।	ছেলেটি প্রতিদিন সব রকমের ব্যস্ততার মধ্যেও খুব মন দিয়ে কাজ করেন।
sva_00060	sva	p3_ord	p1		none	pres	মেয়েটি কাজ করে।	মেয়েটি কাজ করি।
sva_00061	sva	p3_ord	p3_hon		short	pres	মেয়েটি প্রায়ই কাজ করে।	মেয়েটি প্রায়ই কাজ করেন।
sva_00062	sva	p3_ord	p2_hon		medium	pres	মেয়েটি প্রতিদিন বন্ধুদের সঙ্গে কাজ করে।	মেয়েটি প্রতিদিন বন্ধুদের সঙ্গে কাজ করেন।
sva_00063	sva	p3_ord	p1		medium	pres	মেয়েটি প্রতিদিন খুব মন দিয়ে কাজ করে।	মেয়েটি প্রতিদিন খুব মন দিয়ে কাজ করি।
sva_00064	sva	p3_ord	p3_hon		medium	pres	মেয়েটি প্রায়ই একা একা কাজ করে।	মেয়েটি প্রায়ই একা একা কাজ করেন।
sva_00065	sva	p3_ord	p1		medium	pres	মেয়েটি প্রায়ই বাড়ির কাজ শেষ করে কাজ করে।	মেয়েটি প্রায়ই বাড়ির কাজ শেষ করে কাজ করি।
sva_00066	sva	p3_ord	p2_int		long	pres	মেয়েটি সাধারণত বাড়ির সব কাজ শেষ করে বন্ধুদের সঙ্গে কাজ করে।	মেয়েটি সাধারণত বাড়ির সব কাজ শেষ করে বন্ধুদের সঙ্গে কাজ করিস।
sva_00067	sva	p3_ord	p2_hon		long	pres	মেয়েটি সাধারণত দীর্ঘ ক্লান্তিকর পথ চলার শেষে একা একা কাজ করে।	মেয়েটি সাধারণত দীর্ঘ ক্লান্তিকর পথ চলার শেষে একা একা কাজ করেন।
sva_00068	sva	p3_ord	p2_int		long	pres	মেয়েটি প্রায়ই পরীক্ষার প্রস্তুতির ফাঁকে অল্প সময়ের জন্য কাজ করে।	মেয়েটি প্রায়ই পরীক্ষার প্রস্তুতির ফাঁকে অল্প সময়ের জন্য কাজ করিস।
sva_00069	sva	p3_ord	p2_fam		long	pres	মেয়েটি প্রতিদিন সব রকমের ব্যস্ততার মধ্যেও খুব মন দিয়ে কাজ করে।	মেয়েটি প্রতিদিন সব রকমের ব্যস্ততার মধ্যেও খুব মন দিয়ে কাজ করো।
sva_00070	sva	p3_ord	p3_hon		none	pres	আমার বন্ধু কাজ করে।	আমার বন্ধু কাজ করেন।
sva_00071	sva	p3_ord	p2_hon		short	pres	আমার বন্ধু প্রায়ই কাজ করে।	আমার বন্ধু প্রায়ই কাজ করেন।
sva_00072	sva	p3_ord	p2_int		medium	pres	আমার বন্ধু সাধারণত বন্ধুদের সঙ্গে কাজ করে।	আমার বন্ধু সাধারণত বন্ধুদের সঙ্গে কাজ করিস।
sva_00073	sva	p3_ord	p1		medium	pres	আমার বন্ধু প্রায়ই খুব মন দিয়ে কাজ করে।	আমার বন্ধু প্রায়ই খুব মন দিয়ে কাজ করি।
sva_00074	sva	p3_ord	p1		medium	pres	আমার বন্ধু প্রতিদিন একা একা কাজ করে।	আমার বন্ধু প্রতিদিন একা একা কাজ করি।
sva_00075	sva	p3_ord	p3_hon		medium	pres	আমার বন্ধু সাধারণত বাড়ির কাজ শেষ করে কাজ করে।	আমার বন্ধু সাধারণত বাড়ির কাজ শেষ করে কাজ করেন।
sva_00076	sva	p3_ord	p3_hon		long	pres	আমার বন্ধু সাধারণত বাড়ির সব কাজ শেষ করে বন্ধুদের সঙ্গে কাজ করে।	আমার বন্ধু সাধারণত বাড়ির সব কাজ শেষ করে বন্ধুদের সঙ্গে কাজ করেন।
sva_00077	sva	p3_ord	p2_hon		long	pres	আমার বন্ধু সাধারণত দীর্ঘ ক্লান্তিকর পথ চলার শেষে একা একা কাজ করে।	আমার বন্ধু সাধারণত দীর্ঘ ক্লান্তিকর পথ চলার শেষে একা একা কাজ করেন।
sva_00078	sva	p3_ord	p1		long	pres	আমার বন্ধু সাধারণত পরীক্ষার প্রস্তুতির ফাঁকে অল্প সময়ের জন্য কাজ করে।	আমার বন্ধু সাধারণত পরীক্ষার প্রস্তুতির ফাঁকে অল্প সময়ের জন্য কাজ করি।
sva_00079	sva	p3_ord	p3_hon		long	pres	আমার বন্ধু প্রতিদিন সব রকমের ব্যস্ততার মধ্যেও খুব মন দিয়ে কাজ করে।	আমার বন্ধু প্রতিদিন সব রকমের ব্যস্ততার মধ্যেও খুব মন দিয়ে কাজ করেন।
sva_00080	sva	p3_ord	p2_hon		none	pres	রহিম কাজ করে।	রহিম কাজ করেন।
sva_00081	sva	p3_ord	p1		short	pres	রহিম প্রতিদিন কাজ করে।	রহিম প্রতিদিন কাজ করি।
sva_00082	sva	p3_ord	p2_hon		medium	pres	রহিম প্রতিদিন বন্ধুদের সঙ্গে কাজ করে।	রহিম প্রতিদিন বন্ধুদের সঙ্গে কাজ করেন।
sva_00083	sva	p3_ord	p2_int		medium	pres	রহিম প্রায়ই খুব মন দিয়ে কাজ করে।	রহিম প্রায়ই খুব মন দিয়ে কাজ করিস।
sva_00084	sva	p3_ord	p2_fam		medium	pres	রহিম প্রায়ই একা একা কাজ করে।	রহিম প্রায়ই একা একা কাজ করো।
sva_00085	sva	p3_ord	p2_int		medium	pres	রহিম সাধারণত বাড়ির কাজ শেষ করে কাজ করে।	রহিম সাধারণত বাড়ির কাজ শেষ করে কাজ করিস।
sva_00086	sva	p3_ord	p1		long	pres	রহিম প্রতিদিন বাড়ির সব কাজ শেষ করে বন্ধুদের সঙ্গে কাজ করে।	রহিম প্রতিদিন বাড়ির সব কাজ শেষ করে বন্ধুদের সঙ্গে কাজ করি।
sva_00087	sva	p3_ord	p2_hon		long	pres	রহিম প্রতিদিন দীর্ঘ ক্লান্তিকর পথ চলার শেষে একা একা কাজ করে।	রহিম প্রতিদিন দীর্ঘ ক্লান্তিকর পথ চলার শেষে একা একা কাজ করেন।
sva_00088	sva	p3_ord	p3_hon		long	pres	রহিম প্রতিদিন পরীক্ষার প্রস্তুতির ফাঁকে অল্প সময়ের জন্য কাজ করে।	রহিম প্রতিদিন পরীক্ষার প্রস্তুতির ফাঁকে অল্প সময়ের জন্য কাজ করেন।
sva_00089	sva	p3_ord	p2_int		long	pres	রহিম প্রতিদিন সব রকমের ব্যস্ততার মধ্যেও খুব মন দিয়ে কাজ করে।	রহিম প্রতিদিন সব রকমের ব্যস্ততার মধ্যেও খুব মন দিয়ে কাজ করিস।
sva_00090	sva	p3_hon	p2_fam		none	pres	তিনি কাজ করেন।	তিনি কাজ করো।
sva_00091	sva	p3_hon	p3_ord		short	pres	তিনি সাধারণত কাজ করেন।	তিনি সাধারণত কাজ করে।
sva_00092	sva	p3_hon	p2_fam		medium	pres	তিনি প্রতিদিন বন্ধুদের সঙ্গে কাজ করেন।	তিনি প্রতিদিন বন্ধুদের সঙ্গে কাজ করো।
sva_00093	sva	p3_hon	p1		medium	pres	তিনি সাধারণত খুব মন দিয়ে কাজ করেন।	তিনি সাধারণত খুব মন দিয়ে কাজ করি।
sva_00094	sva	p3_hon	p2_int		medium	pres	তিনি সাধারণত একা একা কাজ করেন।	তিনি সাধারণত একা একা কাজ করিস।
sva_00095	sva	p3_hon	p2_int		medium	pres	তিনি প্রতিদিন বাড়ির কাজ শেষ করে কাজ করেন।	তিনি প্রতিদিন বাড়ির কাজ শেষ করে কাজ করিস।
sva_00096	sva	p3_hon	p2_int		long	pres	তিনি প্রায়ই বাড়ির সব কাজ শেষ করে বন্ধুদের সঙ্গে কাজ করেন।	তিনি প্রায়ই বাড়ির সব কাজ শেষ করে বন্ধুদের সঙ্গে কাজ করিস।
sva_00097	sva	p3_hon	p1		long	pres	তিনি সাধারণত দীর্ঘ ক্লান্তিকর পথ চলার শেষে একা একা কাজ করেন।	তিনি সাধারণত দীর্ঘ ক্লান্তিকর পথ চলার শেষে একা একা কাজ করি।
sva_00098	sva	p3_hon	p2_int		long	pres	তিনি প্রতিদিন পরীক্ষার প্রস্তুতির ফাঁকে অল্প সময়ের জন্য কাজ করেন।	তিনি প্রতিদিন পরীক্ষার প্রস্তুতির ফাঁকে অল্প সময়ের জন্য কাজ করিস।
sva_00099	sva	p3_hon	p2_int		long	pres	তিনি সাধারণত সব রকমের ব্যস্ততার মধ্যেও খুব মন দিয়ে কাজ করেন।	তিনি সাধারণত সব রকমের ব্যস্ততার মধ্যেও খুব মন দিয়ে কাজ করিস।
sva_00100	sva	p3_hon	p1		none	pres	উনি কাজ করেন।	উনি কাজ করি।
sva_00101	sva	p3_hon	p1		short	pres	উনি প্রায়ই কাজ করেন।	উনি প্রায়ই কাজ করি।
sva_00102	sva	p3_hon	p2_fam		medium	pres	উনি প্রতিদিন বন্ধুদের সঙ্গে কাজ করেন।	উনি প্রতিদিন বন্ধুদের সঙ্গে কাজ করো।
sva_00103	sva	p3_hon	p2_int		medium	pres	উনি প্রায়ই খুব মন দিয়ে কাজ করেন।	উনি প্রায়ই খুব মন দিয়ে কাজ করিস।
sva_00104	sva	p3_hon	p2_int		medium	pres	উনি সাধারণত একা একা কাজ করেন।	উনি সাধারণত একা একা কাজ করিস।
sva_00105	sva	p3_hon	p3_ord		medium	pres	উনি প্রায়ই বাড়ির কাজ শেষ করে কাজ করেন।	উনি প্রায়ই বাড়ির কাজ শেষ করে কাজ করে।
sva_00106	sva	p3_hon	p2_int		long	pres	উনি প্রায়ই বাড়ির সব কাজ শেষ করে বন্ধুদের সঙ্গে কাজ করেন।	উনি প্রায়ই বাড়ির সব কাজ শেষ করে বন্ধুদের সঙ্গে কাজ করিস।
sva_00107	sva	p3_hon	p1		long	pres	উনি প্রতিদিন দীর্ঘ ক্লান্তিকর পথ চলার শেষে একা একা কাজ করেন।	উনি প্রতিদিন দীর্ঘ ক্লান্তিকর পথ চলার শেষে একা একা কাজ করি।
sva_00108	sva	p3_hon	p3_ord		long	pres	উনি প্রায়ই পরীক্ষার প্রস্তুতির ফাঁকে অল্প সময়ের জন্য কাজ করেন।	উনি প্রায়ই পরীক্ষার প্রস্তুতির ফাঁকে অল্প সময়ের জন্য কাজ করে।
sva_00109	sva	p3_hon	p2_fam		long	pres	উনি প্রায়ই সব রকমের ব্যস্ততার মধ্যেও খুব মন দিয়ে কাজ করেন।	উনি প্রায়ই সব রকমের ব্যস্ততার মধ্যেও খুব মন দিয়ে কাজ করো।
sva_00110	sva	p1	p2_int		none	past	আমি কাজ করলাম।	আমি কাজ করলি।
sva_00111	sva	p1	p3_hon		short	past	আমি গতকাল কাজ করলাম।	আমি গতকাল কাজ করলেন।
sva_00112	sva	p1	p3_hon		medium	past	আমি গত সপ্তাহে বন্ধুদের সঙ্গে কাজ করলাম।	আমি গত সপ্তাহে বন্ধুদের সঙ্গে কাজ করলেন।
sva_00113	sva	p1	p2_fam		medium	past	আমি গত সপ্তাহে খুব মন দিয়ে কাজ করলাম।	আমি গত সপ্তাহে খুব মন দিয়ে কাজ করলে।
sva_00114	sva	p1	p2_hon		medium	past	আমি কাল সন্ধ্যায় একা একা কাজ করলাম।	আমি কাল সন্ধ্যায় একা একা কাজ করলেন।
sva_00115	sva	p1	p2_hon		medium	past	আমি কাল সন্ধ্যায় বাড়ির কাজ শেষ করে কাজ করলাম।	আমি কাল সন্ধ্যায় বাড়ির কাজ শেষ করে কাজ করলেন।
sva_00116	sva	p1	p2_fam		long	past	আমি গতকাল বাড়ির সব কাজ শেষ করে বন্ধুদের সঙ্গে কাজ করলাম।	আমি গতকাল বাড়ির সব কাজ শেষ করে বন্ধুদের সঙ্গে কাজ করলে।
sva_00117	sva	p1	p2_fam		long	past	আমি গতকাল দীর্ঘ ক্লান্তিকর পথ চলার শেষে একা একা কাজ করলাম।	আমি গতকাল দীর্ঘ ক্লান্তিকর পথ চলার শেষে একা একা কাজ করলে।
sva_00118	sva	p1	p3_hon		long	past	আমি গতকাল পরীক্ষার প্রস্তুতির ফাঁকে অল্প সময়ের জন্য কাজ করলাম।	আমি গতকাল পরীক্ষার প্রস্তুতির ফাঁকে অল্প সময়ের জন্য কাজ করলেন।
sva_00119	sva	p1	p2_fam		long	past	আমি গত সপ্তাহে সব রকমের ব্যস্ততার মধ্যেও খুব মন দিয়ে কাজ করলাম।	আমি গত সপ্তাহে সব রকমের ব্যস্ততার মধ্যেও খুব মন দিয়ে কাজ করলে।
sva_00120	sva	p2_int	p3_ord		none	past	তুই কাজ করলি।	তুই কাজ করলো।
sva_00121	sva	p2_int	p3_ord		short	past	তুই গত সপ্তাহে কাজ করলি।	তুই গত সপ্তাহে কাজ করলো।
sva_00122	sva	p2_int	p3_ord		medium	past	তুই কাল সন্ধ্যায় বন্ধুদের সঙ্গে কাজ করলি।	তুই কাল সন্ধ্যায় বন্ধুদের সঙ্গে কাজ করলো।
sva_00123	sva	p2_int	p1		medium	past	তুই গত সপ্তাহে খুব মন দিয়ে কাজ করলি।	তুই গত সপ্তাহে খুব মন দিয়ে কাজ করলাম।
sva_00124	sva	p2_int	p3_ord		medium	past	তুই গতকাল একা একা কাজ করলি।	তুই গতকাল একা একা কাজ করলো।
sva_00125	sva	p2_int	p2_fam		medium	past	তুই গত সপ্তাহে বাড়ির কাজ শেষ করে কাজ করলি।	তুই গত সপ্তাহে বাড়ির কাজ শেষ করে কাজ করলে।
sva_00126	sva	p2_int	p2_fam		long	past	তুই গতকাল বাড়ির সব কাজ শেষ করে বন্ধুদের সঙ্গে কাজ করলি।	তুই গতকাল বাড়ির সব কাজ শেষ করে বন্ধুদের সঙ্গে কাজ করলে।
sva_00127	sva	p2_int	p3_hon		long	past	তুই কাল সন্ধ্যায় দীর্ঘ ক্লান্তিকর পথ চলার শেষে একা একা কাজ করলি।	তুই কাল সন্ধ্যায় দীর্ঘ ক্লান্তিকর পথ চলার শেষে একা একা কাজ করলেন।
sva_00128	sva	p2_int	p3_ord		long	past	তুই গত সপ্তাহে পরীক্ষার প্রস্তুতির ফাঁকে অল্প সময়ের জন্য কাজ করলি।	তুই গত সপ্তাহে পরীক্ষার প্রস্তুতির ফাঁকে অল্প সময়ের জন্য কাজ করলো।
sva_00129	sva	p2_int	p3_ord		long	past	তুই গত সপ্তাহে সব রকমের ব্যস্ততার মধ্যেও খুব মন দিয়ে কাজ করলি।	তুই গত সপ্তাহে সব রকমের ব্যস্ততার মধ্যেও খুব মন দিয়ে কাজ করলো।
sva_00130	sva	p2_fam	p3_hon		none	past	তুমি কাজ করলে।	তুমি কাজ করলেন।
sva_00131	sva	p2_fam	p3_hon		short	past	তুমি কাল সন্ধ্যায় কাজ করলে।	তুমি কাল সন্ধ্যায় কাজ করলেন।
sva_00132	sva	p2_fam	p3_hon		medium	past	তুমি গতকাল বন্ধুদের সঙ্গে কাজ করলে।	তুমি গতকাল বন্ধুদের সঙ্গে কাজ করলেন।
sva_00133	sva	p2_fam	p2_hon		medium	past	তুমি গতকাল খুব মন দিয়ে কাজ করলে।	তুমি গতকাল খুব মন দিয়ে কাজ করলেন।
sva_00134	sva	p2_fam	p3_ord		medium	past	তুমি গতকাল একা একা কাজ করলে।	তুমি গতকাল একা একা কাজ করলো।
sva_00135	sva	p2_fam	p3_hon		medium	past	তুমি গত সপ্তাহে বাড়ির কাজ শেষ করে কাজ করলে।	তুমি গত সপ্তাহে বাড়ির কাজ শেষ করে কাজ করলেন।
sva_00136	sva	p2_fam	p3_ord		long	past	তুমি গত সপ্তাহে বাড়ির সব কাজ শেষ করে বন্ধুদের সঙ্গে কাজ করলে।	তুমি গত সপ্তাহে বাড়ির সব কাজ শেষ করে বন্ধুদের সঙ্গে কাজ করলো।
sva_00137	sva	p2_fam	p2_int		long	past	তুমি গত সপ্তাহে দীর্ঘ ক্লান্তিকর পথ চলার শেষে একা একা কাজ করলে।	তুমি গত সপ্তাহে দীর্ঘ ক্লান্তিকর পথ চলার শেষে একা একা কাজ করলি।
sva_00138	sva	p2_fam	p2_int		long	past	তুমি কাল সন্ধ্যায় পরীক্ষার প্রস্তুতির ফাঁকে অল্প সময়ের জন্য কাজ করলে।	তুমি কাল সন্ধ্যায় পরীক্ষার প্রস্তুতির ফাঁকে অল্প সময়ের জন্য কাজ করলি।
sva_00139	sva	p2_fam	p3_hon		long	past	তুমি গতকাল সব রকমের ব্যস্ততার মধ্যেও খুব মন দিয়ে কাজ করলে।	তুমি গতকাল সব রকমের ব্যস্ততার মধ্যেও খুব মন দিয়ে কাজ করলেন।
sva_00140	sva	p2_hon	p2_int		none	past	আপনি কাজ করলেন।	আপনি কাজ করলি।
sva_00141	sva	p2_hon	p1		short	past	আপনি কাল সন্ধ্যায় কাজ করলেন।	আপনি কাল সন্ধ্যায় কাজ করলাম।
sva_00142	sva	p2_hon	p3_ord		medium	past	আপনি গতকাল বন্ধুদের সঙ্গে কাজ করলেন।	আপনি গতকাল বন্ধুদের সঙ্গে কাজ করলো।
sva_00143	sva	p2_hon	p3_ord		medium	past	আপনি গতকাল খুব মন দিয়ে কাজ করলেন।	আপনি গতকাল খুব মন দিয়ে কাজ করলো।
sva_00144	sva	p2_hon	p2_int		medium	past	আপনি কাল সন্ধ্যায় একা একা কাজ করলেন।	আপনি কাল সন্ধ্যায় একা একা কাজ করলি।
sva_00145	sva	p2_hon	p2_fam		medium	past	আপনি কাল সন্ধ্যায় বাড়ির কাজ শেষ করে কাজ করলেন।	আপনি কাল সন্ধ্যায় বাড়ির কাজ শেষ করে কাজ করলে।
sva_00146	sva	p2_hon	p1		long	past	আপনি গতকাল বাড়ির সব কাজ শেষ করে বন্ধুদের সঙ্গে কাজ করলেন।	আপনি গতকাল বাড়ির সব কাজ শেষ করে বন্ধুদের সঙ্গে কাজ করলাম।
sva_00147	sva	p2_hon	p2_int		long	past	আপনি কাল সন্ধ্যায় দীর্ঘ ক্লান্তিকর পথ চলার শেষে একা একা কাজ করলেন।	আপনি কাল সন্ধ্যায় দীর্ঘ ক্লান্তিকর পথ চলার শেষে একা একা কাজ করলি।
sva_00148	sva	p2_hon	p3_ord		long	past	আপনি গত সপ্তাহে পরীক্ষার প্রস্তুতির ফাঁকে অল্প সময়ের জন্য কাজ করলেন।	আপনি গত সপ্তাহে পরীক্ষার প্রস্তুতির ফাঁকে অল্প সময়ের জন্য কাজ করলো।
sva_00149	sva	p2_hon	p2_int		long	past	আপনি গতকাল সব রকমের ব্যস্ততার মধ্যেও খুব মন দিয়ে কাজ করলেন।	আপনি গতকাল সব রকমের ব্যস্ততার মধ্যেও খুব মন দিয়ে কাজ করলি।
sva_00150	sva	p3_ord	p3_hon		none	past	সে কাজ করলো।	সে কাজ করলেন।
sva_00151	sva	p3_ord	p2_int		short	past	সে গত সপ্তাহে কাজ করলো।	সে গত সপ্তাহে কাজ করলি।
sva_00152	sva	p3_ord	p2_fam		medium	past	সে গত সপ্তাহে বন্ধুদের সঙ্গে কাজ করলো।	সে গত সপ্তাহে বন্ধুদের সঙ্গে কাজ করলে।
sva_00153	sva	p3_ord	p2_fam		medium	past	সে কাল সন্ধ্যায় খুব মন দিয়ে কাজ করলো।	সে কাল সন্ধ্যায় খুব মন দিয়ে কাজ করলে।
sva_00154	sva	p3_ord	p3_hon		medium	past	সে কাল সন্ধ্যায় একা একা কাজ করলো।	সে কাল সন্ধ্যায় একা একা কাজ করলেন।
sva_00155	sva	p3_ord	p1		medium	past	সে কাল সন্ধ্যায় বাড়ির কাজ শেষ করে কাজ করলো।	সে কাল সন্ধ্যায় বাড়ির কাজ শেষ করে কাজ করলাম।
sva_00156	sva	p3_ord	p2_hon		long	past	সে গত সপ্তাহে বাড়ির সব কাজ শেষ করে বন্ধুদের সঙ্গে কাজ করলো।	সে গত সপ্তাহে বাড়ির সব কাজ শেষ করে বন্ধুদের সঙ্গে কাজ করলেন।
sva_00157	sva	p3_ord	p2_int		long	past	সে গত সপ্তাহে দীর্ঘ ক্লান্তিকর পথ চলার শেষে একা একা কাজ করলো।	সে গত সপ্তাহে দীর্ঘ ক্লান্তিকর পথ চলার শেষে একা একা কাজ করলি।
sva_00158	sva	p3_ord	p2_fam		long	past	সে গত সপ্তাহে পরীক্ষার প্রস্তুতির ফাঁকে অল্প সময়ের জন্য কাজ করলো।	সে গত সপ্তাহে পরীক্ষার প্রস্তুতির ফাঁকে অল্প সময়ের জন্য কাজ করলে।
sva_00159	sva	p3_ord	p2_fam		long	past	সে গতকাল সব রকমের ব্যস্ততার মধ্যেও খুব মন দিয়ে কাজ করলো।	সে গতকাল সব রকমের ব্যস্ততার মধ্যেও খুব মন দিয়ে কাজ করলে।
sva_00160	sva	p3_ord	p1		none	past	ছেলেটি কাজ করলো।	ছেলেটি কাজ করলাম।
sva_00161	sva	p3_ord	p1		short	past	ছেলেটি কাল সন্ধ্যায় কাজ করলো।	ছেলেটি কাল সন্ধ্যায় কাজ করলাম।
sva_00162	sva	p3_ord	p1		medium	past	ছেলেটি কাল সন্ধ্যায় বন্ধুদের সঙ্গে কাজ করলো।	ছেলেটি কাল সন্ধ্যায় বন্ধুদের সঙ্গে কাজ করলাম।
sva_00163	sva	p3_ord	p1		medium	past	ছেলেটি কাল সন্ধ্যায় খুব মন দিয়ে কাজ করলো।	ছেলেটি কাল সন্ধ্যায় খুব মন দিয়ে কাজ করলাম।
sva_00164	sva	p3_ord	p1		medium	past	ছেলেটি গত সপ্তাহে একা একা কাজ করলো।	ছেলেটি গত সপ্তাহে একা একা কাজ করলাম।
sva_00165	sva	p3_ord	p2_hon		medium	past	ছেলেটি গতকাল বাড়ির কাজ শেষ করে কাজ করলো।	ছেলেটি গতকাল বাড়ির কাজ শেষ করে কাজ করলেন।
sva_00166	sva	p3_ord	p3_hon		long	past	ছেলেটি কাল সন্ধ্যায় বাড়ির সব কাজ শেষ করে বন্ধুদের সঙ্গে কাজ করলো।	ছেলেটি কাল সন্ধ্যায় বাড়ির সব কাজ শেষ করে বন্ধুদের সঙ্গে কাজ করলেন।
sva_00167	sva	p3_ord	p2_int		long	past	ছেলেটি গত সপ্তাহে দীর্ঘ ক্লান্তিকর পথ চলার শেষে একা একা কাজ করলো।	ছেলেটি গত সপ্তাহে দীর্ঘ ক্লান্তিকর পথ চলার শেষে একা একা কাজ করলি।
sva_00168	sva	p3_ord	p2_fam		long	past	ছেলেটি গত সপ্তাহে পরীক্ষার প্রস্তুতির ফাঁকে অল্প সময়ের জন্য কাজ করলো।	ছেলেটি গত সপ্তাহে পরীক্ষার প্রস্তুতির ফাঁকে অল্প সময়ের জন্য কাজ করলে।
sva_00169	sva	p3_ord	p2_hon		long	past	ছেলেটি গতকাল সব রকমের ব্যস্ততার মধ্যেও খুব মন দিয়ে কাজ করলো।	ছেলেটি গতকাল সব রকমের ব্যস্ততার মধ্যেও খুব মন দিয়ে কাজ করলেন।
sva_00170	sva	p3_ord	p2_fam		none	past	মেয়েটি কাজ করলো।	মেয়েটি কাজ করলে।
sva_00171	sva	p3_ord	p2_int		short	past	মেয়েটি কাল সন্ধ্যায় কাজ করলো।	মেয়েটি কাল সন্ধ্যায় কাজ করলি।
sva_00172	sva	p3_ord	p2_int		medium	past	মেয়েটি কাল সন্ধ্যায় বন্ধুদের সঙ্গে কাজ করলো।	মেয়েটি কাল সন্ধ্যায় বন্ধুদের সঙ্গে কাজ করলি।
sva_00173	sva	p3_ord	p2_int		medium	past	মেয়েটি গত সপ্তাহে খুব মন দিয়ে কাজ করলো।	মেয়েটি গত সপ্তাহে খুব মন দিয়ে কাজ করলি।
sva_00174	sva	p3_ord	p1		medium	past	মেয়েটি কাল সন্ধ্যায় একা একা কাজ করলো।	মেয়েটি কাল সন্ধ্যায় একা একা কাজ করলাম।
sva_00175	sva	p3_ord	p1		medium	past	মেয়েটি গতকাল বাড়ির কাজ শেষ করে কাজ করলো।	মেয়েটি গতকাল বাড়ির কাজ শেষ করে কাজ করলাম।
sva_00176	sva	p3_ord	p3_hon		long	past	মেয়েটি কাল সন্ধ্যায় বাড়ির সব কাজ শেষ করে বন্ধুদের সঙ্গে কাজ করলো।	মেয়েটি কাল সন্ধ্যায় বাড়ির সব কাজ শেষ করে বন্ধুদের সঙ্গে কাজ করলেন।
sva_00177	sva	p3_ord	p2_int		long	past	মেয়েটি কাল সন্ধ্যায় দীর্ঘ ক্লান্তিকর পথ চলার শেষে একা একা কাজ করলো।	মেয়েটি কাল সন্ধ্যায় দীর্ঘ ক্লান্তিকর পথ চলার শেষে একা একা কাজ করলি।
sva_00178	sva	p3_ord	p3_hon		long	past	মেয়েটি গত সপ্তাহে পরীক্ষার প্রস্তুতির ফাঁকে অল্প সময়ের জন্য কাজ করলো।	মেয়েটি গত সপ্তাহে পরীক্ষার প্রস্তুতির ফাঁকে অল্প সময়ের জন্য কাজ করলেন।
sva_00179	sva	p3_ord	p2_int		long	past	মেয়েটি কাল সন্ধ্যায় সব রকমের ব্যস্ততার মধ্যেও খুব মন দিয়ে কাজ করলো।	মেয়েটি কাল সন্ধ্যায় সব রকমের ব্যস্ততার মধ্যেও খুব মন দিয়ে কাজ করলি।
sva_00180	sva	p3_ord	p1		none	past	আমার বন্ধু কাজ করলো।	আমার বন্ধু কাজ করলাম।
sva_00181	sva	p3_ord	p2_int		short	past	আমার বন্ধু কাল সন্ধ্যায় কাজ করলো।	আমার বন্ধু কাল সন্ধ্যায় কাজ করলি।
sva_00182	sva	p3_ord	p3_hon		medium	past	আমার বন্ধু গতকাল বন্ধুদের সঙ্গে কাজ করলো।	আমার বন্ধু গতকাল বন্ধুদের সঙ্গে কাজ করলেন।
sva_00183	sva	p3_ord	p2_fam		medium	past	আমার বন্ধু গত সপ্তাহে খুব মন দিয়ে কাজ করলো।	আমার বন্ধু গত সপ্তাহে খুব মন দিয়ে কাজ করলে।
sva_00184	sva	p3_ord	p1		medium	past	আমার বন্ধু কাল সন্ধ্যায় একা একা কাজ করলো।	আমার বন্ধু কাল সন্ধ্যায় একা একা কাজ করলাম।
sva_00185	sva	p3_ord	p2_fam		medium	past	আমার বন্ধু গতকাল বাড়ির কাজ শেষ করে কাজ করলো।	আমার বন্ধু গতকাল বাড়ির কাজ শেষ করে কাজ করলে।
sva_00186	sva	p3_ord	p1		long	past	আমার বন্ধু কাল সন্ধ্যায় বাড়ির সব কাজ শেষ করে বন্ধুদের সঙ্গে কাজ করলো।	আমার বন্ধু কাল সন্ধ্যায় বাড়ির সব কাজ শেষ করে বন্ধুদের সঙ্গে কাজ করলাম।
sva_00187	sva	p3_ord	p3_hon		long	past	আমার বন্ধু গতকাল দীর্ঘ ক্লান্তিকর পথ চলার শেষে একা একা কাজ করলো।	আমার বন্ধু গতকাল দীর্ঘ ক্লান্তিকর পথ চলার শেষে একা একা কাজ করলেন।
sva_00188	sva	p3_ord	p2_int		long	past	আমার বন্ধু গত সপ্তাহে পরীক্ষার প্রস্তুতির ফাঁকে অল্প সময়ের জন্য কাজ করলো।	আমার বন্ধু গত সপ্তাহে পরীক্ষার প্রস্তুতির ফাঁকে অল্প সময়ের জন্য কাজ করলি।
sva_00189	sva	p3_ord	p3_hon		long	past	আমার বন্ধু গতকাল সব রকমের ব্যস্ততার মধ্যেও খুব মন দিয়ে কাজ করলো।	আমার বন্ধু গতকাল সব রকমের ব্যস্ততার মধ্যেও খুব মন দিয়ে কাজ করলেন।
sva_00190	sva	p3_ord	p2_fam		none	past	রহিম কাজ করলো।	রহিম কাজ করলে।
sva_00191	sva	p3_ord	p2_fam		short	past	রহিম গত সপ্তাহে কাজ করলো।	রহিম গত সপ্তাহে কাজ করলে।
sva_00192	sva	p3_ord	p2_int		medium	past	রহিম কাল সন্ধ্যায় বন্ধুদের সঙ্গে কাজ করলো।	রহিম কাল সন্ধ্যায় বন্ধুদের সঙ্গে কাজ করলি।
sva_00193	sva	p3_ord	p2_fam		medium	past	রহিম কাল সন্ধ্যায় খুব মন দিয়ে কাজ করলো।	রহিম কাল সন্ধ্যায় খুব মন দিয়ে কাজ করলে।
sva_00194	sva	p3_ord	p2_hon		medium	past	রহিম গতকাল একা একা কাজ করলো।	রহিম গতকাল একা একা কাজ করলেন।
sva_00195	sva	p3_ord	p3_hon		medium	past	রহিম গতকাল বাড়ির কাজ শেষ করে কাজ করলো।	রহিম গতকাল বাড়ির কাজ শেষ করে কাজ করলেন।
sva_00196	sva	p3_ord	p3_hon		long	past	রহিম কাল সন্ধ্যায় বাড়ির সব কাজ শেষ করে বন্ধুদের সঙ্গে কাজ করলো।	রহিম কাল সন্ধ্যায় বাড়ির সব কাজ শেষ করে বন্ধুদের সঙ্গে কাজ করলেন।
sva_00197	sva	p3_ord	p2_int		long	past	রহিম কাল সন্ধ্যায় দীর্ঘ ক্লান্তিকর পথ চলার শেষে একা একা কাজ করলো।	রহিম কাল সন্ধ্যায় দীর্ঘ ক্লান্তিকর পথ চলার শেষে একা একা কাজ করলি।
sva_00198	sva	p3_ord	p3_hon		long	past	রহিম কাল সন্ধ্যায় পরীক্ষার প্রস্তুতির ফাঁকে অল্প সময়ের জন্য কাজ করলো।	রহিম কাল সন্ধ্যায় পরীক্ষার প্রস্তুতির ফাঁকে অল্প সময়ের জন্য কাজ করলেন।
sva_00199	sva	p3_ord	p3_hon		long	past	রহিম গত সপ্তাহে সব রকমের ব্যস্ততার মধ্যেও খুব মন দিয়ে কাজ করলো।	রহিম গত সপ্তাহে সব রকমের ব্যস্ততার মধ্যেও খুব মন দিয়ে কাজ করলেন।
sva_00200	sva	p3_hon	p2_fam		none	past	তিনি কাজ করলেন।	তিনি কাজ করলে।
sva_00201	sva	p3_hon	p1		short	past	তিনি গত সপ্তাহে কাজ করলেন।	তিনি গত সপ্তাহে কাজ করলাম।
sva_00202	sva	p3_hon	p2_int		medium	past	তিনি গতকাল বন্ধুদের সঙ্গে কাজ করলেন।	তিনি গতকাল বন্ধুদের সঙ্গে কাজ করলি।
sva_00203	sva	p3_hon	p3_ord		medium	past	তিনি কাল সন্ধ্যায় খুব মন দিয়ে কাজ করলেন।	তিনি কাল সন্ধ্যায় খুব মন দিয়ে কাজ করলো।
sva_00204	sva	p3_hon	p2_int		medium	past	তিনি গতকাল একা একা কাজ করলেন।	তিনি গতকাল একা একা কাজ করলি।
sva_00205	sva	p3_hon	p2_fam		medium	past	তিনি গত সপ্তাহে বাড়ির কাজ শেষ করে কাজ করলেন।	তিনি গত সপ্তাহে বাড়ির কাজ শেষ করে কাজ করলে।
sva_00206	sva	p3_hon	p2_int		long	past	তিনি গত সপ্তাহে বাড়ির সব কাজ শেষ করে বন্ধুদের সঙ্গে কাজ করলেন।	তিনি গত সপ্তাহে বাড়ির সব কাজ শেষ করে বন্ধুদের সঙ্গে কাজ করলি।
sva_00207	sva	p3_hon	p3_ord		long	past	তিনি গত সপ্তাহে দীর্ঘ ক্লান্তিকর পথ চলার শেষে একা একা কাজ করলেন।	তিনি গত সপ্তাহে দীর্ঘ ক্লান্তিকর পথ চলার শেষে একা একা কাজ করলো।
sva_00208	sva	p3_hon	p3_ord		long	past	তিনি গত সপ্তাহে পরীক্ষার প্রস্তুতির ফাঁকে অল্প সময়ের জন্য কাজ করলেন।	তিনি গত সপ্তাহে পরীক্ষার প্রস্তুতির ফাঁকে অল্প সময়ের জন্য কাজ করলো।
sva_00209	sva	p3_hon	p2_int		long	past	তিনি কাল সন্ধ্যায় সব রকমের ব্যস্ততার মধ্যেও খুব মন দিয়ে কাজ করলেন।	তিনি কাল সন্ধ্যায় সব রকমের ব্যস্ততার মধ্যেও খুব মন দিয়ে কাজ করলি।
sva_00210	sva	p3_hon	p2_fam		none	past	উনি কাজ করলেন।	উনি কাজ করলে।
sva_00211	sva	p3_hon	p3_ord		short	past	উনি গত সপ্তাহে কাজ করলেন।	উনি গত সপ্তাহে কাজ করলো।
sva_00212	sva	p3_hon	p3_ord		medium	past	উনি কাল সন্ধ্যায় বন্ধুদের সঙ্গে কাজ করলেন।	উনি কাল সন্ধ্যায় বন্ধুদের সঙ্গে কাজ করলো।
sva_00213	sva	p3_hon	p3_ord		medium	past	উনি গত সপ্তাহে খুব মন দিয়ে কাজ করলেন।	উনি গত সপ্তাহে খুব মন দিয়ে কাজ করলো।
sva_00214	sva	p3_hon	p3_ord		medium	past	উনি কাল সন্ধ্যায় একা একা কাজ করলেন।	উনি কাল সন্ধ্যায় একা একা কাজ করলো।
sva_00215	sva	p3_hon	p2_int		medium	past	উনি কাল সন্ধ্যায় বাড়ির কাজ শেষ করে কাজ করলেন।	উনি কাল সন্ধ্যায় বাড়ির কাজ শেষ করে কাজ করলি।
sva_00216	sva	p3_hon	p3_ord		long	past	উনি কাল সন্ধ্যায় বাড়ির সব কাজ শেষ করে বন্ধুদের সঙ্গে কাজ করলেন।	উনি কাল সন্ধ্যায় বাড়ির সব কাজ শেষ করে বন্ধুদের সঙ্গে কাজ করলো।
sva_00217	sva	p3_hon	p3_ord		long	past	উনি গতকাল দীর্ঘ ক্লান্তিকর পথ চলার শেষে একা একা কাজ করলেন।	উনি গতকাল দীর্ঘ ক্লান্তিকর পথ চলার শেষে একা একা কাজ করলো।
sva_00218	sva	p3_hon	p3_ord		long	past	উনি গত সপ্তাহে পরীক্ষার প্রস্তুতির ফাঁকে অল্প সময়ের জন্য কাজ করলেন।	উনি গত সপ্তাহে পরীক্ষার প্রস্তুতির ফাঁকে অল্প সময়ের জন্য কাজ করলো।
sva_00219	sva	p3_hon	p2_int		long	past	উনি গতকাল সব রকমের ব্যস্ততার মধ্যেও খুব মন দিয়ে কাজ করলেন।	উনি গতকাল সব রকমের ব্যস্ততার মধ্যেও খুব মন দিয়ে কাজ করলি।
sva_00220	sva	p1	p2_int		none	fut	আমি কাজ করব।	আমি কাজ করবি।
sva_00221	sva	p1	p2_fam		short	fut	আমি কিছুদিন পরে কাজ করব।	আমি কিছুদিন পরে কাজ করবে।
sva_00222	sva	p1	p2_hon		medium	fut	আমি আগামী সপ্তাহে বন্ধুদের সঙ্গে কাজ করব।	আমি আগামী সপ্তাহে বন্ধুদের সঙ্গে কাজ করবেন।
sva_00223	sva	p1	p2_fam		medium	fut	আমি আগামীকাল খুব মন দিয়ে কাজ করব।	আমি আগামীকাল খুব মন দিয়ে কাজ করবে।
sva_00224	sva	p1	p3_hon		medium	fut	আমি কিছুদিন পরে একা একা কাজ করব।	আমি কিছুদিন পরে একা একা কাজ করবেন।
sva_00225	sva	p1	p3_hon		medium	fut	আমি আগামী সপ্তাহে বাড়ির কাজ শেষ করে কাজ করব।	আমি আগামী সপ্তাহে বাড়ির কাজ শেষ করে কাজ করবেন।
sva_00226	sva	p1	p2_fam		long	fut	আমি কিছুদিন পরে বাড়ির সব কাজ শেষ করে বন্ধুদের সঙ্গে কাজ করব।	আমি কিছুদিন পরে বাড়ির সব কাজ শেষ করে বন্ধুদের সঙ্গে কাজ করবে।
sva_00227	sva	p1	p2_int		long	fut	আমি কিছুদিন পরে দীর্ঘ ক্লান্তিকর পথ চলার শেষে একা একা কাজ করব।	আমি কিছুদিন পরে দীর্ঘ ক্লান্তিকর পথ চলার শেষে একা একা কাজ করবি।
sva_00228	sva	p1	p3_hon		long	fut	আমি আগামী সপ্তাহে পরীক্ষার প্রস্তুতির ফাঁকে অল্প সময়ের জন্য কাজ করব।	আমি আগামী সপ্তাহে পরীক্ষার প্রস্তুতির ফাঁকে অল্প সময়ের জন্য কাজ করবেন।
sva_00229	sva	p1	p3_hon		long	fut	আমি আগামী সপ্তাহে সব রকমের ব্যস্ততার মধ্যেও খুব মন দিয়ে কাজ করব।	আমি আগামী সপ্তাহে সব রকমের ব্যস্ততার মধ্যেও খুব মন দিয়ে কাজ করবেন।
sva_00230	sva	p2_int	p2_hon		none	fut	তুই কাজ করবি।	তুই কাজ করবেন।
sva_00231	sva	p2_int	p2_hon		short	fut	তুই আগামীকাল কাজ করবি।	তুই আগামীকাল কাজ করবেন।
sva_00232	sva	p2_int	p2_fam		medium	fut	তুই আগামীকাল বন্ধুদের সঙ্গে কাজ করবি।	তুই আগামীকাল বন্ধুদের সঙ্গে কাজ করবে।
sva_00233	sva	p2_int	p2_hon		medium	fut	তুই আগামী সপ্তাহে খুব মন দিয়ে কাজ করবি।	তুই আগামী সপ্তাহে খুব মন দিয়ে কাজ করবেন।
sva_00234	sva	p2_int	p3_ord		medium	fut	তুই কিছুদিন পরে একা একা কাজ করবি।	তুই কিছুদিন পরে একা একা কাজ করবে।
sva_00235	sva	p2_int	p3_ord		medium	fut	তুই আগামী সপ্তাহে বাড়ির কাজ শেষ করে কাজ করবি।	তুই আগামী সপ্তাহে বাড়ির কাজ শেষ করে কাজ করবে।
sva_00236	sva	p2_int	p1		long	fut	তুই আগামীকাল বাড়ির সব কাজ শেষ করে বন্ধুদের সঙ্গে কাজ করবি।	তুই আগামীকাল বাড়ির সব কাজ শেষ করে বন্ধুদের সঙ্গে কাজ করব।
sva_00237	sva	p2_int	p2_hon		long	fut	তুই কিছুদিন পরে দীর্ঘ ক্লান্তিকর পথ চলার শেষে একা একা কাজ করবি।	তুই কিছুদিন পরে দীর্ঘ ক্লান্তিকর পথ চলার শেষে একা একা কাজ করবেন।
sva_00238	sva	p2_int	p1		long	fut	তুই আগামীকাল পরীক্ষার প্রস্তুতির ফাঁকে অল্প সময়ের জন্য কাজ করবি।	তুই আগামীকাল পরীক্ষার প্রস্তুতির ফাঁকে অল্প সময়ের জন্য কাজ করব।
sva_00239	sva	p2_int	p3_ord		long	fut	তুই কিছুদিন পরে সব রকমের ব্যস্ততার মধ্যেও খুব মন দিয়ে কাজ করবি।	তুই কিছুদিন পরে সব রকমের ব্যস্ততার মধ্যেও খুব মন দিয়ে কাজ করবে।
sva_00240	sva	p2_fam	p2_int		none	fut	তুমি কাজ করবে।	তুমি কাজ করবি।
sva_00241	sva	p2_fam	p2_hon		short	fut	তুমি আগামীকাল কাজ করবে।	তুমি আগামীকাল কাজ করবেন।
sva_00242	sva	p2_fam	p2_hon		medium	fut	তুমি আগামী সপ্তাহে বন্ধুদের সঙ্গে কাজ করবে।	তুমি আগামী সপ্তাহে বন্ধুদের সঙ্গে কাজ করবেন।
sva_00243	sva	p2_fam	p2_int		medium	fut	তুমি আগামীকাল খুব মন দিয়ে কাজ করবে।	তুমি আগামীকাল খুব মন দিয়ে কাজ করবি।
sva_00244	sva	p2_fam	p2_int		medium	fut	তুমি আগামীকাল একা একা কাজ করবে।	তুমি আগামীকাল একা একা কাজ করবি।
sva_00245	sva	p2_fam	p2_int		medium	fut	তুমি আগামীকাল বাড়ির কাজ শেষ করে কাজ করবে।	তুমি আগামীকাল বাড়ির কাজ শেষ করে কাজ করবি।
sva_00246	sva	p2_fam	p3_hon		long	fut	তুমি আগামীকাল বাড়ির সব কাজ শেষ করে বন্ধুদের সঙ্গে কাজ করবে।	তুমি আগামীকাল বাড়ির সব কাজ শেষ করে বন্ধুদের সঙ্গে কাজ করবেন।
sva_00247	sva	p2_fam	p2_hon		long	fut	তুমি কিছুদিন পরে দীর্ঘ ক্লান্তিকর পথ চলার শেষে একা একা কাজ করবে।	তুমি কিছুদিন পরে দীর্ঘ ক্লান্তিকর পথ চলার শেষে একা একা কাজ করবেন।
sva_00248	sva	p2_fam	p3_hon		long	fut	তুমি আগামীকাল পরীক্ষার প্রস্তুতির ফাঁকে অল্প সময়ের জন্য কাজ করবে।	তুমি আগামীকাল পরীক্ষার প্রস্তুতির ফাঁকে অল্প সময়ের জন্য কাজ করবেন।
sva_00249	sva	p2_fam	p2_hon		long	fut	তুমি কিছুদিন পরে সব রকমের ব্যস্ততার মধ্যেও খুব মন দিয়ে কাজ করবে।	তুমি কিছুদিন পরে সব রকমের ব্যস্ততার মধ্যেও খুব মন দিয়ে কাজ করবেন।
sva_00250	sva	p2_hon	p1		none	fut	আপনি কাজ করবেন।	আপনি কাজ করব।
sva_00251	sva	p2_hon	p2_fam		short	fut	আপনি আগামীকাল কাজ করবেন।	আপনি আগামীকাল কাজ করবে।
sva_00252	sva	p2_hon	p1		medium	fut	আপনি আগামী সপ্তাহে বন্ধুদের সঙ্গে কাজ করবেন।	আপনি আগামী সপ্তাহে বন্ধুদের সঙ্গে কাজ করব।
sva_00253	sva	p2_hon	p1		medium	fut	আপনি কিছুদিন পরে খুব মন দিয়ে কাজ করবেন।	আপনি কিছুদিন পরে খুব মন দিয়ে কাজ করব।
sva_00254	sva	p2_hon	p1		medium	fut	আপনি আগামী সপ্তাহে একা একা কাজ করবেন।	আপনি আগামী সপ্তাহে একা একা কাজ করব।
sva_00255	sva	p2_hon	p2_fam		medium	fut	আপনি আগামী সপ্তাহে বাড়ির কাজ শেষ করে কাজ করবেন।	আপনি আগামী সপ্তাহে বাড়ির কাজ শেষ করে কাজ করবে।
sva_00256	sva	p2_hon	p2_int		long	fut	আপনি আগামীকাল বাড়ির সব কাজ শেষ করে বন্ধুদের সঙ্গে কাজ করবেন।	আপনি আগামীকাল বাড়ির সব কাজ শেষ করে বন্ধুদের সঙ্গে কাজ করবি।
sva_00257	sva	p2_hon	p2_int		long	fut	আপনি আগামী সপ্তাহে দীর্ঘ ক্লান্তিকর পথ চলার শেষে একা একা কাজ করবেন।	আপনি আগামী সপ্তাহে দীর্ঘ ক্লান্তিকর পথ চলার শেষে একা একা কাজ করবি।
sva_00258	sva	p2_hon	p1		long	fut	আপনি কিছুদিন পরে পরীক্ষার প্রস্তুতির ফাঁকে অল্প সময়ের জন্য কাজ করবেন।	আপনি কিছুদিন পরে পরীক্ষার প্রস্তুতির ফাঁকে অল্প সময়ের জন্য কাজ করব।
sva_00259	sva	p2_hon	p2_int		long	fut	আপনি আগামীকাল সব রকমের ব্যস্ততার মধ্যেও খুব মন দিয়ে কাজ করবেন।	আপনি আগামীকাল সব রকমের ব্যস্ততার মধ্যেও খুব মন দিয়ে কাজ করবি।
sva_00260	sva	p3_ord	p2_int		none	fut	সে কাজ করবে।	সে কাজ করবি।
sva_00261	sva	p3_ord	p3_hon		short	fut	সে আগামী সপ্তাহে কাজ করবে।	সে আগামী সপ্তাহে কাজ করবেন।
sva_00262	sva	p3_ord	p2_hon		medium	fut	সে আগামীকাল বন্ধুদের সঙ্গে কাজ করবে।	সে আগামীকাল বন্ধুদের সঙ্গে কাজ করবেন।
sva_00263	sva	p3_ord	p3_hon		medium	fut	সে আগামী সপ্তাহে খুব মন দিয়ে কাজ করবে।	সে আগামী সপ্তাহে খুব মন দিয়ে কাজ করবেন।
sva_00264	sva	p3_ord	p2_int		medium	fut	সে আগামীকাল একা একা কাজ করবে।	সে আগামীকাল একা একা কাজ করবি।
sva_00265	sva	p3_ord	p3_hon		medium	fut	সে আগামী সপ্তাহে বাড়ির কাজ শেষ করে কাজ করবে।	সে আগামী সপ্তাহে বাড়ির কাজ শেষ করে কাজ করবেন।
sva_00266	sva	p3_ord	p2_hon		long	fut	সে আগামীকাল বাড়ির সব কাজ শেষ করে বন্ধুদের সঙ্গে কাজ করবে।	সে আগামীকাল বাড়ির সব কাজ শেষ করে বন্ধুদের সঙ্গে কাজ করবেন।
sva_00267	sva	p3_ord	p1		long	fut	সে কিছুদিন পরে দীর্ঘ ক্লান্তিকর পথ চলার শেষে একা একা কাজ করবে।	সে কিছুদিন পরে দীর্ঘ ক্লান্তিকর পথ চলার শেষে একা একা কাজ করব।
sva_00268	sva	p3_ord	p3_hon		long	fut	সে আগামী সপ্তাহে পরীক্ষার প্রস্তুতির ফাঁকে অল্প সময়ের জন্য কাজ করবে।	সে আগামী সপ্তাহে পরীক্ষার প্রস্তুতির ফাঁকে অল্প সময়ের জন্য কাজ করবেন।
sva_00269	sva	p3_ord	p1		long	fut	সে কিছুদিন পরে সব রকমের ব্যস্ততার মধ্যেও খুব মন দিয়ে কাজ করবে।	সে কিছুদিন পরে সব রকমের ব্যস্ততার মধ্যেও খুব মন দিয়ে কাজ করব।
sva_00270	sva	p3_ord	p3_hon		none	fut	ছেলেটি কাজ করবে।	ছেলেটি কাজ করবেন।
sva_00271	sva	p3_ord	p3_hon		short	fut	ছেলেটি আগামী সপ্তাহে কাজ করবে।	ছেলেটি আগামী সপ্তাহে কাজ করবেন।
sva_00272	sva	p3_ord	p2_hon		medium	fut	ছেলেটি আগামী সপ্তাহে বন্ধুদের সঙ্গে কাজ করবে।	ছেলেটি আগামী সপ্তাহে বন্ধুদের সঙ্গে কাজ করবেন।
sva_00273	sva	p3_ord	p2_int		medium	fut	ছেলেটি কিছুদিন পরে খুব মন দিয়ে কাজ করবে।	ছেলেটি কিছুদিন পরে খুব মন দিয়ে কাজ করবি।
sva_00274	sva	p3_ord	p3_hon		medium	fut	ছেলেটি আগামী সপ্তাহে একা একা কাজ করবে।	ছেলেটি আগামী সপ্তাহে একা একা কাজ করবেন।
sva_00275	sva	p3_ord	p3_hon		medium	fut	ছেলেটি আগামী সপ্তাহে বাড়ির কাজ শেষ করে কাজ করবে।	ছেলেটি আগামী সপ্তাহে বাড়ির কাজ শেষ করে কাজ করবেন।
sva_00276	sva	p3_ord	p1		long	fut	ছেলেটি আগামীকাল বাড়ির সব কাজ শেষ করে বন্ধুদের সঙ্গে কাজ করবে।	ছেলেটি আগামীকাল বাড়ির সব কাজ শেষ করে বন্ধুদের সঙ্গে কাজ করব।
sva_00277	sva	p3_ord	p1		long	fut	ছেলেটি আগামীকাল দীর্ঘ ক্লান্তিকর পথ চলার শেষে একা একা কাজ করবে।	ছেলেটি আগামীকাল দীর্ঘ ক্লান্তিকর পথ চলার শেষে একা একা কাজ করব।
sva_00278	sva	p3_ord	p2_hon		long	fut	ছেলেটি আগামীকাল পরীক্ষার প্রস্তুতির ফাঁকে অল্প সময়ের জন্য কাজ করবে।	ছেলেটি আগামীকাল পরীক্ষার প্রস্তুতির ফাঁকে অল্প সময়ের জন্য কাজ করবেন।
sva_00279	sva	p3_ord	p1		long	fut	ছেলেটি আগামী সপ্তাহে সব রকমের ব্যস্ততার মধ্যেও খুব মন দিয়ে কাজ করবে।	ছেলেটি আগামী সপ্তাহে সব রকমের ব্যস্ততার মধ্যেও খুব মন দিয়ে কাজ করব।
sva_00280	sva	p3_ord	p1		none	fut	মেয়েটি কাজ করবে।	মেয়েটি কাজ করব।
sva_00281	sva	p3_ord	p2_int		short	fut	মেয়েটি কিছুদিন পরে কাজ করবে।	মেয়েটি কিছুদিন পরে কাজ করবি।
sva_00282	sva	p3_ord	p1		medium	fut	মেয়েটি আগামী সপ্তাহে বন্ধুদের সঙ্গে কাজ করবে।	মেয়েটি আগামী সপ্তাহে বন্ধুদের সঙ্গে কাজ করব।
sva_00283	sva	p3_ord	p3_hon		medium	fut	মেয়েটি আগামী সপ্তাহে খুব মন দিয়ে কাজ করবে।	মেয়েটি আগামী সপ্তাহে খুব মন দিয়ে কাজ করবেন।
sva_00284	sva	p3_ord	p1		medium	fut	মেয়েটি আগামী সপ্তাহে একা একা কাজ করবে।	মেয়েটি আগামী সপ্তাহে একা একা কাজ করব।
sva_00285	sva	p3_ord	p3_hon		medium	fut	মেয়েটি আগামীকাল বাড়ির কাজ শেষ করে কাজ করবে।	মেয়েটি আগামীকাল বাড়ির কাজ শেষ করে কাজ করবেন।
sva_00286	sva	p3_ord	p3_hon		long	fut	মেয়েটি কিছুদিন পরে বাড়ির সব কাজ শেষ করে বন্ধুদের সঙ্গে কাজ করবে।	মেয়েটি কিছুদিন পরে বাড়ির সব কাজ শেষ করে বন্ধুদের সঙ্গে কাজ করবেন।
sva_00287	sva	p3_ord	p1		long	fut	মেয়েটি কিছুদিন পরে দীর্ঘ ক্লান্তিকর পথ চলার শেষে একা একা কাজ করবে।	মেয়েটি কিছুদিন পরে দীর্ঘ ক্লান্তিকর পথ চলার শেষে একা একা কাজ করব।
sva_00288	sva	p3_ord	p1		long	fut	মেয়েটি আগামীকাল পরীক্ষার প্রস্তুতির ফাঁকে অল্প সময়ের জন্য কাজ করবে।	মেয়েটি আগামীকাল পরীক্ষার প্রস্তুতির ফাঁকে অল্প সময়ের জন্য কাজ করব।
sva_00289	sva	p3_ord	p1		long	fut	মেয়েটি আগামীকাল সব রকমের ব্যস্ততার মধ্যেও খুব মন দিয়ে কাজ করবে।	মেয়েটি আগামীকাল সব রকমের ব্যস্ততার মধ্যেও খুব মন দিয়ে কাজ করব।
sva_00290	sva	p3_ord	p2_int		none	fut	আমার বন্ধু কাজ করবে।	আমার বন্ধু কাজ করবি।
sva_00291	sva	p3_ord	p1		short	fut	আমার বন্ধু কিছুদিন পরে কাজ করবে।	আমার বন্ধু কিছুদিন পরে কাজ করব।
sva_00292	sva	p3_ord	p2_hon		medium	fut	আমার বন্ধু আগামীকাল বন্ধুদের সঙ্গে কাজ করবে।	আমার বন্ধু আগামীকাল বন্ধুদের সঙ্গে কাজ করবেন।
sva_00293	sva	p3_ord	p2_hon		medium	fut	আমার বন্ধু কিছুদিন পরে খুব মন দিয়ে কাজ করবে।	আমার বন্ধু কিছুদিন পরে খুব মন দিয়ে কাজ করবেন।
sva_00294	sva	p3_ord	p2_hon		medium	fut	আমার বন্ধু আগামী সপ্তাহে একা একা কাজ করবে।	আমার বন্ধু আগামী সপ্তাহে একা একা কাজ করবেন।
sva_00295	sva	p3_ord	p2_hon		medium	fut	আমার বন্ধু কিছুদিন পরে বাড়ির কাজ শেষ করে কাজ করবে।	আমার বন্ধু কিছুদিন পরে বাড়ির কাজ শেষ করে কাজ করবেন।
sva_00296	sva	p3_ord	p2_int		long	fut	আমার বন্ধু আগামীকাল বাড়ির সব কাজ শেষ করে বন্ধুদের সঙ্গে কাজ করবে।	আমার বন্ধু আগামীকাল বাড়ির সব কাজ শেষ করে বন্ধুদের সঙ্গে কাজ করবি।
sva_00297	sva	p3_ord	p2_int		long	fut	আমার বন্ধু কিছুদিন পরে দীর্ঘ ক্লান্তিকর পথ চলার শেষে একা একা কাজ করবে।	আমার বন্ধু কিছুদিন পরে দীর্ঘ ক্লান্তিকর পথ চলার শেষে একা একা কাজ করবি।
sva_00298	sva	p3_ord	p2_int		long	fut	আমার বন্ধু আগামীকাল পরীক্ষার প্রস্তুতির ফাঁকে অল্প সময়ের জন্য কাজ করবে।	আমার বন্ধু আগামীকাল পরীক্ষার প্রস্তুতির ফাঁকে অল্প সময়ের জন্য কাজ করবি।
sva_00299	sva	p3_ord	p3_hon		long	fut	আমার বন্ধু আগামী সপ্তাহে সব রকমের ব্যস্ততার মধ্যেও খুব মন দিয়ে কাজ করবে।	আমার বন্ধু আগামী সপ্তাহে সব রকমের ব্যস্ততার মধ্যেও খুব মন দিয়ে কাজ করবেন।
sva_00300	sva	p3_ord	p2_hon		none	fut	রহিম কাজ করবে।	রহিম কাজ করবেন।
sva_00301	sva	p3_ord	p3_hon		short	fut	রহিম কিছুদিন পরে কাজ করবে।	রহিম কিছুদিন পরে কাজ করবেন।
sva_00302	sva	p3_ord	p2_hon		medium	fut	রহিম কিছুদিন পরে বন্ধুদের সঙ্গে কাজ করবে।	রহিম কিছুদিন পরে বন্ধুদের সঙ্গে কাজ করবেন।
sva_00303	sva	p3_ord	p2_hon		medium	fut	রহিম কিছুদিন পরে খুব মন দিয়ে কাজ করবে।	রহিম কিছুদিন পরে খুব মন দিয়ে কাজ করবেন।
sva_00304	sva	p3_ord	p2_hon		medium	fut	রহিম আগামীকাল একা একা কাজ করবে।	রহিম আগামীকাল একা একা কাজ করবেন।
sva_00305	sva	p3_ord	p2_hon		medium	fut	রহিম আগামী সপ্তাহে বাড়ির কাজ শেষ করে কাজ করবে।	রহিম আগামী সপ্তাহে বাড়ির কাজ শেষ করে কাজ করবেন।
sva_00306	sva	p3_ord	p1		long	fut	রহিম আগামী সপ্তাহে বাড়ির সব কাজ শেষ করে বন্ধুদের সঙ্গে কাজ করবে।	রহিম আগামী সপ্তাহে বাড়ির সব কাজ শেষ করে বন্ধুদের সঙ্গে কাজ করব।
sva_00307	sva	p3_ord	p2_int		long	fut	রহিম কিছুদিন পরে দীর্ঘ ক্লান্তিকর পথ চলার শেষে একা একা কাজ করবে।	রহিম কিছুদিন পরে দীর্ঘ ক্লান্তিকর পথ চলার শেষে একা একা কাজ করবি।
sva_00308	sva	p3_ord	p2_hon		long	fut	রহিম আগামীকাল পরীক্ষার প্রস্তুতির ফাঁকে অল্প সময়ের জন্য কাজ করবে।	রহিম আগামীকাল পরীক্ষার প্রস্তুতির ফাঁকে অল্প সময়ের জন্য কাজ করবেন।
sva_00309	sva	p3_ord	p1		long	fut	রহিম আগামী সপ্তাহে সব রকমের ব্যস্ততার মধ্যেও খুব মন দিয়ে কাজ করবে।	রহিম আগামী সপ্তাহে সব রকমের ব্যস্ততার মধ্যেও খুব মন দিয়ে কাজ করব।
sva_00310	sva	p3_hon	p2_int		none	fut	তিনি কাজ করবেন।	তিনি কাজ করবি।
sva_00311	sva	p3_hon	p2_int		short	fut	তিনি কিছুদিন পরে কাজ করবেন।	তিনি কিছুদিন পরে কাজ করবি।
sva_00312	sva	p3_hon	p3_ord		medium	fut	তিনি আগামীকাল বন্ধুদের সঙ্গে কাজ করবেন।	তিনি আগামীকাল বন্ধুদের সঙ্গে কাজ করবে।
sva_00313	sva	p3_hon	p2_int		medium	fut	তিনি আগামী সপ্তাহে খুব মন দিয়ে কাজ করবেন।	তিনি আগামী সপ্তাহে খুব মন দিয়ে কাজ করবি।
sva_00314	sva	p3_hon	p3_ord		medium	fut	তিনি কিছুদিন পরে একা একা কাজ করবেন।	তিনি কিছুদিন পরে একা একা কাজ করবে।
sva_00315	sva	p3_hon	p3_ord		medium	fut	তিনি আগামীকাল বাড়ির কাজ শেষ করে কাজ করবেন।	তিনি আগামীকাল বাড়ির কাজ শেষ করে কাজ করবে।
sva_00316	sva	p3_hon	p2_fam		long	fut	তিনি আগামী সপ্তাহে বাড়ির সব কাজ শেষ করে বন্ধুদের সঙ্গে কাজ করবেন।	তিনি আগামী সপ্তাহে বাড়ির সব কাজ শেষ করে বন্ধুদের সঙ্গে কাজ করবে।
sva_00317	sva	p3_hon	p2_int		long	fut	তিনি আগামী সপ্তাহে দীর্ঘ ক্লান্তিকর পথ চলার শেষে একা একা কাজ করবেন।	তিনি আগামী সপ্তাহে দীর্ঘ ক্লান্তিকর পথ চলার শেষে একা একা কাজ করবি।
sva_00318	sva	p3_hon	p2_int		long	fut	তিনি আগামীকাল পরীক্ষার প্রস্তুতির ফাঁকে অল্প সময়ের জন্য কাজ করবেন।	তিনি আগামীকাল পরীক্ষার প্রস্তুতির ফাঁকে অল্প সময়ের জন্য কাজ করবি।
sva_00319	sva	p3_hon	p1		long	fut	তিনি আগামীকাল সব রকমের ব্যস্ততার মধ্যেও খুব মন দিয়ে কাজ করবেন।	তিনি আগামীকাল সব রকমের ব্যস্ততার মধ্যেও খুব মন দিয়ে কাজ করব।
sva_00320	sva	p3_hon	p1		none	fut	উনি কাজ করবেন।	উনি কাজ করব।
sva_00321	sva	p3_hon	p3_ord		short	fut	উনি কিছুদিন পরে কাজ করবেন।	উনি কিছুদিন পরে কাজ করবে।
sva_00322	sva	p3_hon	p1		medium	fut	উনি আগামীকাল বন্ধুদের সঙ্গে কাজ করবেন।	উনি আগামীকাল বন্ধুদের সঙ্গে কাজ করব।
sva_00323	sva	p3_hon	p2_int		medium	fut	উনি আগামী সপ্তাহে খুব মন দিয়ে কাজ করবেন।	উনি আগামী সপ্তাহে খুব মন দিয়ে কাজ করবি।
sva_00324	sva	p3_hon	p1		medium	fut	উনি কিছুদিন পরে একা একা কাজ করবেন।	উনি কিছুদিন পরে একা একা কাজ করব।
sva_00325	sva	p3_hon	p1		medium	fut	উনি আগামীকাল বাড়ির কাজ শেষ করে কাজ করবেন।	উনি আগামীকাল বাড়ির কাজ শেষ করে কাজ করব।
sva_00326	sva	p3_hon	p2_fam		long	fut	উনি আগামী সপ্তাহে বাড়ির সব কাজ শেষ করে বন্ধুদের সঙ্গে কাজ করবেন।	উনি আগামী সপ্তাহে বাড়ির সব কাজ শেষ করে বন্ধুদের সঙ্গে কাজ করবে।
sva_00327	sva	p3_hon	p1		long	fut	উনি আগামীকাল দীর্ঘ ক্লান্তিকর পথ চলার শেষে একা একা কাজ করবেন।	উনি আগামীকাল দীর্ঘ ক্লান্তিকর পথ চলার শেষে একা একা কাজ করব।
sva_00328	sva	p3_hon	p2_int		long	fut	উনি আগামী সপ্তাহে পরীক্ষার প্রস্তুতির ফাঁকে অল্প সময়ের জন্য কাজ করবেন।	উনি আগামী সপ্তাহে পরীক্ষার প্রস্তুতির ফাঁকে অল্প সময়ের জন্য কাজ করবি।
sva_00329	sva	p3_hon	p3_ord		long	fut	উনি কিছুদিন পরে সব রকমের ব্যস্ততার মধ্যেও খুব মন দিয়ে কাজ করবেন।	উনি কিছুদিন পরে সব রকমের ব্যস্ততার মধ্যেও খুব মন দিয়ে কাজ করবে।
sva_00330	sva	p1	p3_hon		none	pres	আমি স্কুলে যাই।	আমি স্কুলে যান।
sva_00331	sva	p1	p3_ord		short	pres	আমি সাধারণত স্কুলে যাই।	আমি সাধারণত স্কুলে যায়।
sva_00332	sva	p1	p3_ord		medium	pres	আমি প্রায়ই বন্ধুদের সঙ্গে স্কুলে যাই।	আমি প্রায়ই বন্ধুদের সঙ্গে স্কুলে যায়।
sva_00333	sva	p1	p3_hon		medium	pres	আমি সাধারণত খুব মন দিয়ে স্কুলে যাই।	আমি সাধারণত খুব মন দিয়ে স্কুলে যান।
sva_00334	sva	p1	p2_hon		medium	pres	আমি সাধারণত একা একা স্কুলে যাই।	আমি সাধারণত একা একা স্কুলে যান।
sva_00335	sva	p1	p3_hon		medium	pres	আমি সাধারণত বাড়ির কাজ শেষ করে স্কুলে যাই।	আমি সাধারণত বাড়ির কাজ শেষ করে স্কুলে যান।
sva_00336	sva	p1	p2_hon		long	pres	আমি সাধারণত বাড়ির সব কাজ শেষ করে বন্ধুদের সঙ্গে স্কুলে যাই।	আমি সাধারণত বাড়ির সব কাজ শেষ করে বন্ধুদের সঙ্গে স্কুলে যান।
sva_00337	sva	p1	p2_fam		long	pres	আমি সাধারণত দীর্ঘ ক্লান্তিকর পথ চলার শেষে একা একা স্কুলে যাই।	আমি সাধারণত দীর্ঘ ক্লান্তিকর পথ চলার শেষে একা একা স্কুলে যাও।
sva_00338	sva	p1	p3_hon		long	pres	আমি প্রায়ই পরীক্ষার প্রস্তুতির ফাঁকে অল্প সময়ের জন্য স্কুলে যাই।	আমি প্রায়ই পরীক্ষার প্রস্তুতির ফাঁকে অল্প সময়ের জন্য স্কুলে যান।
sva_00339	sva	p1	p2_hon		long	pres	আমি সাধারণত সব রকমের ব্যস্ততার মধ্যেও খুব মন দিয়ে স্কুলে যাই।	আমি সাধারণত সব রকমের ব্যস্ততার মধ্যেও খুব মন দিয়ে স্কুলে যান।
sva_00340	sva	p2_int	p2_fam		none	pres	তুই স্কুলে যাস।	তুই স্কুলে যাও।
sva_00341	sva	p2_int	p2_fam		short	pres	তুই সাধারণত স্কুলে যাস।	তুই সাধারণত স্কুলে যাও।
sva_00342	sva	p2_int	p3_hon		medium	pres	তুই সাধারণত বন্ধুদের সঙ্গে স্কুলে যাস।	তুই সাধারণত বন্ধুদের সঙ্গে স্কুলে যান।
sva_00343	sva	p2_int	p2_fam		medium	pres	তুই সাধারণত খুব মন দিয়ে স্কুলে যাস।	তুই সাধারণত খুব মন দিয়ে স্কুলে যাও।
sva_00344	sva	p2_int	p2_hon		medium	pres	তুই প্রায়ই একা একা স্কুলে যাস।	তুই প্রায়ই একা একা স্কুলে যান।
sva_00345	sva	p2_int	p3_ord		medium	pres	তুই সাধারণত বাড়ির কাজ শেষ করে স্কুলে যাস।	তুই সাধারণত বাড়ির কাজ শেষ করে স্কুলে যায়।
sva_00346	sva	p2_int	p3_hon		long	pres	তুই প্রতিদিন বাড়ির সব কাজ শেষ করে বন্ধুদের সঙ্গে স্কুলে যাস।	তুই প্রতিদিন বাড়ির সব কাজ শেষ করে বন্ধুদের সঙ্গে স্কুলে যান।
sva_00347	sva	p2_int	p2_hon		long	pres	তুই প্রতিদিন দীর্ঘ ক্লান্তিকর পথ চলার শেষে একা একা স্কুলে যাস।	তুই প্রতিদিন দীর্ঘ ক্লান্তিকর পথ চলার শেষে একা একা স্কুলে যান।
sva_00348	sva	p2_int	p2_hon		long	pres	তুই প্রতিদিন পরীক্ষার প্রস্তুতির ফাঁকে অল্প সময়ের জন্য স্কুলে যাস।	তুই প্রতিদিন পরীক্ষার প্রস্তুতির ফাঁকে অল্প সময়ের জন্য স্কুলে যান।
sva_00349	sva	p2_int	p3_hon		long	pres	তুই প্রতিদিন সব রকমের ব্যস্ততার মধ্যেও খুব মন দিয়ে স্কুলে যাস।	তুই প্রতিদিন সব রকমের ব্যস্ততার মধ্যেও খুব মন দিয়ে স্কুলে যান।
sva_00350	sva	p2_fam	p3_ord		none	pres	তুমি স্কুলে যাও।	তুমি স্কুলে যায়।
sva_00351	sva	p2_fam	p2_hon		short	pres	তুমি প্রতিদিন স্কুলে যাও।	তুমি প্রতিদিন স্কুলে যান।
sva_00352	sva	p2_fam	p3_hon		medium	pres	তুমি প্রতিদিন বন্ধুদের সঙ্গে স্কুলে যাও।	তুমি প্রতিদিন বন্ধুদের সঙ্গে স্কুলে যান।
sva_00353	sva	p2_fam	p3_ord		medium	pres	তুমি প্রায়ই খুব মন দিয়ে স্কুলে যাও।	তুমি প্রায়ই খুব মন দিয়ে স্কুলে যায়।
sva_00354	sva	p2_fam	p1		medium	pres	তুমি সাধারণত একা একা স্কুলে যাও।	তুমি সাধারণত একা একা স্কুলে যাই।
sva_00355	sva	p2_fam	p3_ord		medium	pres	তুমি প্রায়ই বাড়ির কাজ শেষ করে স্কুলে যাও।	তুমি প্রায়ই বাড়ির কাজ শেষ করে স্কুলে যায়।
sva_00356	sva	p2_fam	p3_ord		long	pres	তুমি প্রায়ই বাড়ির সব কাজ শেষ করে বন্ধুদের সঙ্গে স্কুলে যাও।	তুমি প্রায়ই বাড়ির সব কাজ শেষ করে বন্ধুদের সঙ্গে স্কুলে যায়।
sva_00357	sva	p2_fam	p2_hon		long	pres	তুমি সাধারণত দীর্ঘ ক্লান্তিকর পথ চলার শেষে একা একা স্কুলে যাও।	তুমি সাধারণত দীর্ঘ ক্লান্তিকর পথ চলার শেষে একা একা স্কুলে যান।
sva_00358	sva	p2_fam	p3_ord		long	pres	তুমি সাধারণত পরীক্ষার প্রস্তুতির ফাঁকে অল্প সময়ের জন্য স্কুলে যাও।	তুমি সাধারণত পরীক্ষার প্রস্তুতির ফাঁকে অল্প সময়ের জন্য স্কুলে যায়।
sva_00359	sva	p2_fam	p2_hon		long	pres	তুমি প্রায়ই সব রকমের ব্যস্ততার মধ্যেও খুব মন দিয়ে স্কুলে যাও।	তুমি প্রায়ই সব রকমের ব্যস্ততার মধ্যেও খুব মন দিয়ে স্কুলে যান।
sva_00360	sva	p2_hon	p3_ord		none	pres	আপনি স্কুলে যান।	আপনি স্কুলে যায়।
sva_00361	sva	p2_hon	p2_int		short	pres	আপনি প্রায়ই স্কুলে যান।	আপনি প্রায়ই স্কুলে যাস।
sva_00362	sva	p2_hon	p1		medium	pres	আপনি প্রায়ই বন্ধুদের সঙ্গে স্কুলে যান।	আপনি প্রায়ই বন্ধুদের সঙ্গে স্কুলে যাই।
sva_00363	sva	p2_hon	p3_ord		medium	pres	আপনি সাধারণত খুব মন দিয়ে স্কুলে যান।	আপনি সাধারণত খুব মন দিয়ে স্কুলে যায়।
sva_00364	sva	p2_hon	p2_fam		medium	pres	আপনি প্রায়ই একা একা স্কুলে যান।	আপনি প্রায়ই একা একা স্কুলে যাও।
sva_00365	sva	p2_hon	p2_fam		medium	pres	আপনি সাধারণত বাড়ির কাজ শেষ করে স্কুলে যান।	আপনি সাধারণত বাড়ির কাজ শেষ করে স্কুলে যাও।
sva_00366	sva	p2_hon	p1		long	pres	আপনি প্রায়ই বাড়ির সব কাজ শেষ করে বন্ধুদের সঙ্গে স্কুলে যান।	আপনি প্রায়ই বাড়ির সব কাজ শেষ করে বন্ধুদের সঙ্গে স্কুলে যাই।
sva_00367	sva	p2_hon	p2_fam		long	pres	আপনি প্রায়ই দীর্ঘ ক্লান্তিকর পথ চলার শেষে একা একা স্কুলে যান।	আপনি প্রায়ই দীর্ঘ ক্লান্তিকর পথ চলার শেষে একা একা স্কুলে যাও।
sva_00368	sva	p2_hon	p2_fam		long	pres	আপনি প্রতিদিন পরীক্ষার প্রস্তুতির ফাঁকে অল্প সময়ের জন্য স্কুলে যান।	আপনি প্রতিদিন পরীক্ষার প্রস্তুতির ফাঁকে অল্প সময়ের জন্য স্কুলে যাও।
sva_00369	sva	p2_hon	p2_fam		long	pres	আপনি প্রতিদিন সব রকমের ব্যস্ততার মধ্যেও খুব মন দিয়ে স্কুলে যান।	আপনি প্রতিদিন সব রকমের ব্যস্ততার মধ্যেও খুব মন দিয়ে স্কুলে যাও।
sva_00370	sva	p3_ord	p2_hon		none	pres	সে স্কুলে যায়।	সে স্কুলে যান।
sva_00371	sva	p3_ord	p2_hon		short	pres	সে সাধারণত স্কুলে যায়।	সে সাধারণত স্কুলে যান।
sva_00372	sva	p3_ord	p3_hon		medium	pres	সে সাধারণত বন্ধুদের সঙ্গে স্কুলে যায়।	সে সাধারণত বন্ধুদের সঙ্গে স্কুলে যান।
sva_00373	sva	p3_ord	p3_hon		medium	pres	সে সাধারণত খুব মন দিয়ে স্কুলে যায়।	সে সাধারণত খুব মন দিয়ে স্কুলে যান।
sva_00374	sva	p3_ord	p2_int		medium	pres	সে প্রতিদিন একা একা স্কুলে যায়।	সে প্রতিদিন একা একা স্কুলে যাস।
sva_00375	sva	p3_ord	p3_hon		medium	pres	সে প্রায়ই বাড়ির কাজ শেষ করে স্কুলে যায়।	সে প্রায়ই বাড়ির কাজ শেষ করে স্কুলে যান।
sva_00376	sva	p3_ord	p1		long	pres	সে সাধারণত বাড়ির সব কাজ শেষ করে বন্ধুদের সঙ্গে স্কুলে যায়।	সে সাধারণত বাড়ির সব কাজ শেষ করে বন্ধুদের সঙ্গে স্কুলে যাই।
sva_00377	sva	p3_ord	p2_hon		long	pres	সে প্রায়ই দীর্ঘ ক্লান্তিকর পথ চলার শেষে একা একা স্কুলে যায়।	সে প্রায়ই দীর্ঘ ক্লান্তিকর পথ চলার শেষে একা একা স্কুলে যান।
sva_00378	sva	p3_ord	p2_fam		long	pres	সে সাধারণত পরীক্ষার প্রস্তুতির ফাঁকে অল্প সময়ের জন্য স্কুলে যায়।	সে সাধারণত পরীক্ষার প্রস্তুতির ফাঁকে অল্প সময়ের জন্য স্কুলে যাও।
sva_00379	sva	p3_ord	p3_hon		long	pres	সে প্রতিদিন সব রকমের ব্যস্ততার মধ্যেও খুব মন দিয়ে স্কুলে যায়।	সে প্রতিদিন সব রকমের ব্যস্ততার মধ্যেও খুব মন দিয়ে স্কুলে যান।
sva_00380	sva	p3_ord	p2_hon		none	pres	ছেলেটি স্কুলে যায়।	ছেলেটি স্কুলে যান।
sva_00381	sva	p3_ord	p2_int		short	pres	ছেলেটি প্রায়ই স্কুলে যায়।	ছেলেটি প্রায়ই স্কুলে যাস।
sva_00382	sva	p3_ord	p2_hon		medium	pres	ছেলেটি সাধারণত বন্ধুদের সঙ্গে স্কুলে যায়।	ছেলেটি সাধারণত বন্ধুদের সঙ্গে স্কুলে যান।
sva_00383	sva	p3_ord	p2_fam		medium	pres	ছেলেটি প্রতিদিন খুব মন দিয়ে স্কুলে যায়।	ছেলেটি প্রতিদিন খুব মন দিয়ে স্কুলে যাও।
sva_00384	sva	p3_ord	p2_int		medium	pres	ছেলেটি প্রায়ই একা একা স্কুলে যায়।	ছেলেটি প্রায়ই একা একা স্কুলে যাস।
sva_00385	sva	p3_ord	p1		medium	pres	ছেলেটি প্রায়ই বাড়ির কাজ শেষ করে স্কুলে যায়।	ছেলেটি প্রায়ই বাড়ির কাজ শেষ করে স্কুলে যাই।
sva_00386	sva	p3_ord	p2_int		long	pres	ছেলেটি সাধারণত বাড়ির সব কাজ শেষ করে বন্ধুদের সঙ্গে স্কুলে যায়।	ছেলেটি সাধারণত বাড়ির সব কাজ শেষ করে বন্ধুদের সঙ্গে স্কুলে যাস।
sva_00387	sva	p3_ord	p3_hon		long	pres	ছেলেটি সাধারণত দীর্ঘ ক্লান্তিকর পথ চলার শেষে একা একা স্কুলে যায়।	ছেলেটি সাধারণত দীর্ঘ ক্লান্তিকর পথ চলার শেষে একা একা স্কুলে যান।
sva_00388	sva	p3_ord	p2_hon		long	pres	ছেলেটি প্রতিদিন পরীক্ষার প্রস্তুতির ফাঁকে অল্প সময়ের জন্য স্কুলে যায়।	ছেলেটি প্রতিদিন পরীক্ষার প্রস্তুতির ফাঁকে অল্প সময়ের জন্য স্কুলে যান।
sva_00389	sva	p3_ord	p2_int		long	pres	ছেলেটি প্রায়ই সব রকমের ব্যস্ততার মধ্যেও খুব মন দিয়ে স্কুলে যায়।	ছেলেটি প্রায়ই সব রকমের ব্যস্ততার মধ্যেও খুব মন দিয়ে স্কুলে যাস।
sva_00390	sva	p3_ord	p2_fam		none	pres	মেয়েটি স্কুলে যায়।	মেয়েটি স্কুলে যাও।
sva_00391	sva	p3_ord	p2_hon		short	pres	মেয়েটি সাধারণত স্কুলে যায়।	মেয়েটি সাধারণত স্কুলে যান।
sva_00392	sva	p3_ord	p2_int		medium	pres	মেয়েটি প্রতিদিন বন্ধুদের সঙ্গে স্কুলে যায়।	মেয়েটি প্রতিদিন বন্ধুদের সঙ্গে স্কুলে যাস।
sva_00393	sva	p3_ord	p3_hon		medium	pres	মেয়েটি প্রতিদিন খুব মন দিয়ে স্কুলে যায়।	মেয়েটি প্রতিদিন খুব মন দিয়ে স্কুলে যান।
sva_00394	sva	p3_ord	p1		medium	pres	মেয়েটি প্রতিদিন একা একা স্কুলে যায়।	মেয়েটি প্রতিদিন একা একা স্কুলে যাই।
sva_00395	sva	p3_ord	p2_int		medium	pres	মেয়েটি প্রায়ই বাড়ির কাজ শেষ করে স্কুলে যায়।	মেয়েটি প্রায়ই বাড়ির কাজ শেষ করে স্কুলে যাস।
sva_00396	sva	p3_ord	p2_int		long	pres	মেয়েটি প্রায়ই বাড়ির সব কাজ শেষ করে বন্ধুদের সঙ্গে স্কুলে যায়।	মেয়েটি প্রায়ই বাড়ির সব কাজ শেষ করে বন্ধুদের সঙ্গে স্কুলে যাস।
sva_00397	sva	p3_ord	p2_int		long	pres	মেয়েটি প্রায়ই দীর্ঘ ক্লান্তিকর পথ চলার শেষে একা একা স্কুলে যায়।	মেয়েটি প্রায়ই দীর্ঘ ক্লান্তিকর পথ চলার শেষে একা একা স্কুলে যাস।
sva_00398	sva	p3_ord	p2_int		long	pres	মেয়েটি সাধারণত পরীক্ষার প্রস্তুতির ফাঁকে অল্প সময়ের জন্য স্কুলে যায়।	মেয়েটি সাধারণত পরীক্ষার প্রস্তুতির ফাঁকে অল্প সময়ের জন্য স্কুলে যাস।
sva_00399	sva	p3_ord	p2_hon		long	pres	মেয়েটি প্রতিদিন সব রকমের ব্যস্ততার মধ্যেও খুব মন দিয়ে স্কুলে যায়।	মেয়েটি প্রতিদিন সব রকমের ব্যস্ততার মধ্যেও খুব মন দিয়ে স্কুলে যান।
sva_00400	sva	p3_ord	p2_fam		none	pres	আমার বন্ধু স্কুলে যায়।	আমার বন্ধু স্কুলে যাও।
sva_00401	sva	p3_ord	p2_hon		short	pres	আমার বন্ধু প্রতিদিন স্কুলে যায়।	আমার বন্ধু প্রতিদিন স্কুলে যান।
sva_00402	sva	p3_ord	p2_hon		medium	pres	আমার বন্ধু সাধারণত বন্ধুদের সঙ্গে স্কুলে যায়।	আমার বন্ধু সাধারণত বন্ধুদের সঙ্গে স্কুলে যান।
sva_00403	sva	p3_ord	p2_fam		medium	pres	আমার বন্ধু প্রতিদিন খুব মন দিয়ে স্কুলে যায়।	আমার বন্ধু প্রতিদিন খুব মন দিয়ে স্কুলে যাও।
sva_00404	sva	p3_ord	p2_int		medium	pres	আমার বন্ধু প্রতিদিন একা একা স্কুলে যায়।	আমার বন্ধু প্রতিদিন একা একা স্কুলে যাস।
sva_00405	sva	p3_ord	p2_int		medium	pres	আমার বন্ধু প্রায়ই বাড়ির কাজ শেষ করে স্কুলে যায়।	আমার বন্ধু প্রায়ই বাড়ির কাজ শেষ করে স্কুলে যাস।
sva_00406	sva	p3_ord	p2_fam		long	pres	আমার বন্ধু প্রতিদিন বাড়ির সব কাজ শেষ করে বন্ধুদের সঙ্গে স্কুলে যায়।	আমার বন্ধু প্রতিদিন বাড়ির সব কাজ শেষ করে বন্ধুদের সঙ্গে স্কুলে যাও।
sva_00407	sva	p3_ord	p2_fam		long	pres	আমার বন্ধু প্রায়ই দীর্ঘ ক্লান্তিকর পথ চলার শেষে একা একা স্কুলে যায়।	আমার বন্ধু প্রায়ই দীর্ঘ ক্লান্তিকর পথ চলার শেষে একা একা স্কুলে যাও।
sva_00408	sva	p3_ord	p2_fam		long	pres	আমার বন্ধু সাধারণত পরীক্ষার প্রস্তুতির ফাঁকে অল্প সময়ের জন্য স্কুলে যায়।	আমার বন্ধু সাধারণত পরীক্ষার প্রস্তুতির ফাঁকে অল্প সময়ের জন্য স্কুলে যাও।
sva_00409	sva	p3_ord	p2_fam		long	pres	আমার বন্ধু প্রতিদিন সব রকমের ব্যস্ততার মধ্যেও খুব মন দিয়ে স্কুলে যায়।	আমার বন্ধু প্রতিদিন সব রকমের ব্যস্ততার মধ্যেও খুব মন দিয়ে স্কুলে যাও।
sva_00410	sva	p3_ord	p1		none	pres	রহিম স্কুলে যায়।	রহিম স্কুলে যাই।
sva_00411	sva	p3_ord	p2_int		short	pres	রহিম প্রতিদিন স্কুলে যায়।	রহিম প্রতিদিন স্কুলে যাস।
sva_00412	sva	p3_ord	p1		medium	pres	রহিম প্রতিদিন বন্ধুদের সঙ্গে স্কুলে যায়।	রহিম প্রতিদিন বন্ধুদের সঙ্গে স্কুলে যাই।
sva_00413	sva	p3_ord	p2_hon		medium	pres	রহিম প্রতিদিন খুব মন দিয়ে স্কুলে যায়।	রহিম প্রতিদিন খুব মন দিয়ে স্কুলে যান।
sva_00414	sva	p3_ord	p2_hon		medium	pres	রহিম সাধারণত একা একা স্কুলে যায়।	রহিম সাধারণত একা একা স্কুলে যান।
sva_00415	sva	p3_ord	p1		medium	pres	রহিম সাধারণত বাড়ির কাজ শেষ করে স্কুলে যায়।	রহিম সাধারণত বাড়ির কাজ শেষ করে স্কুলে যাই।
sva_00416	sva	p3_ord	p3_hon		long	pres	রহিম সাধারণত বাড়ির সব কাজ শেষ করে বন্ধুদের সঙ্গে স্কুলে যায়।	রহিম সাধারণত বাড়ির সব কাজ শেষ করে বন্ধুদের সঙ্গে স্কুলে যান।
sva_00417	sva	p3_ord	p1		long	pres	রহিম সাধারণত দীর্ঘ ক্লান্তিকর পথ চলার শেষে একা একা স্কুলে যায়।	রহিম সাধারণত দীর্ঘ ক্লান্তিকর পথ চলার শেষে একা একা স্কুলে যাই।
sva_00418	sva	p3_ord	p1		long	pres	রহিম প্রায়ই পরীক্ষার প্রস্তুতির ফাঁকে অল্প সময়ের জন্য স্কুলে যায়।	রহিম প্রায়ই পরীক্ষার প্রস্তুতির ফাঁকে অল্প সময়ের জন্য স্কুলে যাই।
sva_00419	sva	p3_ord	p1		long	pres	রহিম সাধারণত সব রকমের ব্যস্ততার মধ্যেও খুব মন দিয়ে স্কুলে যায়।	রহিম সাধারণত সব রকমের ব্যস্ততার মধ্যেও খুব মন দিয়ে স্কুলে যাই।
sva_00420	sva	p3_hon	p2_fam		none	pres	তিনি স্কুলে যান।	তিনি স্কুলে যাও।
sva_00421	sva	p3_hon	p2_fam		short	pres	তিনি প্রায়ই স্কুলে যান।	তিনি প্রায়ই স্কুলে যাও।
sva_00422	sva	p3_hon	p3_ord		medium	pres	তিনি প্রতিদিন বন্ধুদের সঙ্গে স্কুলে যান।	তিনি প্রতিদিন বন্ধুদের সঙ্গে স্কুলে যায়।
sva_00423	sva	p3_hon	p2_int		medium	pres	তিনি প্রায়ই খুব মন দিয়ে স্কুলে যান।	তিনি প্রায়ই খুব মন দিয়ে স্কুলে যাস।
sva_00424	sva	p3_hon	p2_fam		medium	pres	তিনি প্রায়ই একা একা স্কুলে যান।	তিনি প্রায়ই একা একা স্কুলে যাও।
sva_00425	sva	p3_hon	p3_ord		medium	pres	তিনি সাধারণত বাড়ির কাজ শেষ করে স্কুলে যান।	তিনি সাধারণত বাড়ির কাজ শেষ করে স্কুলে যায়।
sva_00426	sva	p3_hon	p3_ord		long	pres	তিনি সাধারণত বাড়ির সব কাজ শেষ করে বন্ধুদের সঙ্গে স্কুলে যান।	তিনি সাধারণত বাড়ির সব কাজ শেষ করে বন্ধুদের সঙ্গে স্কুলে যায়।
sva_00427	sva	p3_hon	p3_ord		long	pres	তিনি প্রতিদিন দীর্ঘ ক্লান্তিকর পথ চলার শেষে একা একা স্কুলে যান।	তিনি প্রতিদিন দীর্ঘ ক্লান্তিকর পথ চলার শেষে একা একা স্কুলে যায়।
sva_00428	sva	p3_hon	p3_ord		long	pres	তিনি সাধারণত পরীক্ষার প্রস্তুতির ফাঁকে অল্প সময়ের জন্য স্কুলে যান।	তিনি সাধারণত পরীক্ষার প্রস্তুতির ফাঁকে অল্প সময়ের জন্য স্কুলে যায়।
sva_00429	sva	p3_hon	p1		long	pres	তিনি প্রতিদিন সব রকমের ব্যস্ততার মধ্যেও খুব মন দিয়ে স্কুলে যান।	তিনি প্রতিদিন সব রকমের ব্যস্ততার মধ্যেও খুব মন দিয়ে স্কুলে যাই।
sva_00430	sva	p3_hon	p3_ord		none	pres	উনি স্কুলে যান।	উনি স্কুলে যায়।
sva_00431	sva	p3_hon	p1		short	pres	উনি প্রায়ই স্কুলে যান।	উনি প্রায়ই স্কুলে যাই।
sva_00432	sva	p3_hon	p3_ord		medium	pres	উনি সাধারণত বন্ধুদের সঙ্গে স্কুলে যান।	উনি সাধারণত বন্ধুদের সঙ্গে স্কুলে যায়।
sva_00433	sva	p3_hon	p2_int		medium	pres	উনি প্রতিদিন খুব মন দিয়ে স্কুলে যান।	উনি প্রতিদিন খুব মন দিয়ে স্কুলে যাস।
sva_00434	sva	p3_hon	p3_ord		medium	pres	উনি প্রায়ই একা একা স্কুলে যান।	উনি প্রায়ই একা একা স্কুলে যায়।
sva_00435	sva	p3_hon	p3_ord		medium	pres	উনি সাধারণত বাড়ির কাজ শেষ করে স্কুলে যান।	উনি সাধারণত বাড়ির কাজ শেষ করে স্কুলে যায়।
sva_00436	sva	p3_hon	p2_int		long	pres	উনি প্রায়ই বাড়ির সব কাজ শেষ করে বন্ধুদের সঙ্গে স্কুলে যান।	উনি প্রায়ই বাড়ির সব কাজ শেষ করে বন্ধুদের সঙ্গে স্কুলে যাস।
sva_00437	sva	p3_hon	p1		long	pres	উনি সাধারণত দীর্ঘ ক্লান্তিকর পথ চলার শেষে একা একা স্কুলে যান।	উনি সাধারণত দীর্ঘ ক্লান্তিকর পথ চলার শেষে একা একা স্কুলে যাই।
sva_00438	sva	p3_hon	p1		long	pres	উনি প্রায়ই পরীক্ষার প্রস্তুতির ফাঁকে অল্প সময়ের জন্য স্কুলে যান।	উনি প্রায়ই পরীক্ষার প্রস্তুতির ফাঁকে অল্প সময়ের জন্য স্কুলে যাই।
sva_00439	sva	p3_hon	p3_ord		long	pres	উনি প্রায়ই সব রকমের ব্যস্ততার মধ্যেও খুব মন দিয়ে স্কুলে যান।	উনি প্রায়ই সব রকমের ব্যস্ততার মধ্যেও খুব মন দিয়ে স্কুলে যায়।
sva_00440	sva	p1	p2_hon		none	past	আমি স্কুলে গেলাম।	আমি স্কুলে গেলেন।
sva_00441	sva	p1	p2_fam		short	past	আমি গতকাল স্কুলে গেলাম।	আমি গতকাল স্কুলে গেলে।
sva_00442	sva	p1	p2_int		medium	past	আমি কাল সন্ধ্যায় বন্ধুদের সঙ্গে স্কুলে গেলাম।	আমি কাল সন্ধ্যায় বন্ধুদের সঙ্গে স্কুলে গেলি।
sva_00443	sva	p1	p2_int		medium	past	আমি গত সপ্তাহে খুব মন দিয়ে স্কুলে গেলাম।	আমি গত সপ্তাহে খুব মন দিয়ে স্কুলে গেলি।
sva_00444	sva	p1	p2_int		medium	past	আমি কাল সন্ধ্যায় একা একা স্কুলে গেলাম।	আমি কাল সন্ধ্যায় একা একা স্কুলে গেলি।
sva_00445	sva	p1	p2_int		medium	past	আমি কাল সন্ধ্যায় বাড়ির কাজ শেষ করে স্কুলে গেলাম।	আমি কাল সন্ধ্যায় বাড়ির কাজ শেষ করে স্কুলে গেলি।
sva_00446	sva	p1	p3_ord		long	past	আমি গত সপ্তাহে বাড়ির সব কাজ শেষ করে বন্ধুদের সঙ্গে স্কুলে গেলাম।	আমি গত সপ্তাহে বাড়ির সব কাজ শেষ করে বন্ধুদের সঙ্গে স্কুলে গেলো।
sva_00447	sva	p1	p3_ord		long	past	আমি গতকাল দীর্ঘ ক্লান্তিকর পথ চলার শেষে একা একা স্কুলে গেলাম।	আমি গতকাল দীর্ঘ ক্লান্তিকর পথ চলার শেষে একা একা স্কুলে গেলো।
sva_00448	sva	p1	p2_hon		long	past	আমি গতকাল পরীক্ষার প্রস্তুতির ফাঁকে অল্প সময়ের জন্য স্কুলে গেলাম।	আমি গতকাল পরীক্ষার প্রস্তুতির ফাঁকে অল্প সময়ের জন্য স্কুলে গেলেন।
sva_00449	sva	p1	p3_ord		long	past	আমি গতকাল সব রকমের ব্যস্ততার মধ্যেও খুব মন দিয়ে স্কুলে গেলাম।	আমি গতকাল সব রকমের ব্যস্ততার মধ্যেও খুব মন দিয়ে স্কুলে গেলো।
sva_00450	sva	p2_int	p2_hon		none	past	তুই স্কুলে গেলি।	তুই স্কুলে গেলেন।
sva_00451	sva	p2_int	p2_fam		short	past	তুই গত সপ্তাহে স্কুলে গেলি।	তুই গত সপ্তাহে স্কুলে গেলে।
sva_00452	sva	p2_int	p3_hon		medium	past	তুই গতকাল বন্ধুদের সঙ্গে স্কুলে গেলি।	তুই গতকাল বন্ধুদের সঙ্গে স্কুলে গেলেন।
sva_00453	sva	p2_int	p3_hon		medium	past	তুই গতকাল খুব মন দিয়ে স্কুলে গেলি।	তুই গতকাল খুব মন দিয়ে স্কুলে গেলেন।
sva_00454	sva	p2_int	p2_fam		medium	past	তুই গত সপ্তাহে একা একা স্কুলে গেলি।	তুই গত সপ্তাহে একা একা স্কুলে গেলে।
sva_00455	sva	p2_int	p2_hon		medium	past	তুই গত সপ্তাহে বাড়ির কাজ শেষ করে স্কুলে গেলি।	তুই গত সপ্তাহে বাড়ির কাজ শেষ করে স্কুলে গেলেন।
sva_00456	sva	p2_int	p3_ord		long	past	তুই গত সপ্তাহে বাড়ির সব কাজ শেষ করে বন্ধুদের সঙ্গে স্কুলে গেলি।	তুই গত সপ্তাহে বাড়ির সব কাজ শেষ করে বন্ধুদের সঙ্গে স্কুলে গেলো।
sva_00457	sva	p2_int	p1		long	past	তুই গত সপ্তাহে দীর্ঘ ক্লান্তিকর পথ চলার শেষে একা একা স্কুলে গেলি।	তুই গত সপ্তাহে দীর্ঘ ক্লান্তিকর পথ চলার শেষে একা একা স্কুলে গেলাম।
sva_00458	sva	p2_int	p3_ord		long	past	তুই কাল সন্ধ্যায় পরীক্ষার প্রস্তুতির ফাঁকে অল্প সময়ের জন্য স্কুলে গেলি।	তুই কাল সন্ধ্যায় পরীক্ষার প্রস্তুতির ফাঁকে অল্প সময়ের জন্য স্কুলে গেলো।
sva_00459	sva	p2_int	p2_fam		long	past	তুই কাল সন্ধ্যায় সব রকমের ব্যস্ততার মধ্যেও খুব মন দিয়ে স্কুলে গেলি।	তুই কাল সন্ধ্যায় সব রকমের ব্যস্ততার মধ্যেও খুব মন দিয়ে স্কুলে গেলে।
sva_00460	sva	p2_fam	p2_int		none	past	তুমি স্কুলে গেলে।	তুমি স্কুলে গেলি।
sva_00461	sva	p2_fam	p2_int		short	past	তুমি গতকাল স্কুলে গেলে।	তুমি গতকাল স্কুলে গেলি।
sva_00462	sva	p2_fam	p1		medium	past	তুমি কাল সন্ধ্যায় বন্ধুদের সঙ্গে স্কুলে গেলে।	তুমি কাল সন্ধ্যায় বন্ধুদের সঙ্গে স্কুলে গেলাম।
sva_00463	sva	p2_fam	p2_int		medium	past	তুমি কাল সন্ধ্যায় খুব মন দিয়ে স্কুলে গেলে।	তুমি কাল সন্ধ্যায় খুব মন দিয়ে স্কুলে গেলি।
sva_00464	sva	p2_fam	p3_hon		medium	past	তুমি গতকাল একা একা স্কুলে গেলে।	তুমি গতকাল একা একা স্কুলে গেলেন।
sva_00465	sva	p2_fam	p3_hon		medium	past	তুমি কাল সন্ধ্যায় বাড়ির কাজ শেষ করে স্কুলে গেলে।	তুমি কাল সন্ধ্যায় বাড়ির কাজ শেষ করে স্কুলে গেলেন।
sva_00466	sva	p2_fam	p2_hon		long	past	তুমি কাল সন্ধ্যায় বাড়ির সব কাজ শেষ করে বন্ধুদের সঙ্গে স্কুলে গেলে।	তুমি কাল সন্ধ্যায় বাড়ির সব কাজ শেষ করে বন্ধুদের সঙ্গে স্কুলে গেলেন।
sva_00467	sva	p2_fam	p3_ord		long	past	তুমি গতকাল দীর্ঘ ক্লান্তিকর পথ চলার শেষে একা একা স্কুলে গেলে।	তুমি গতকাল দীর্ঘ ক্লান্তিকর পথ চলার শেষে একা একা স্কুলে গেলো।
sva_00468	sva	p2_fam	p1		long	past	তুমি গত সপ্তাহে পরীক্ষার প্রস্তুতির ফাঁকে অল্প সময়ের জন্য স্কুলে গেলে।	তুমি গত সপ্তাহে পরীক্ষার প্রস্তুতির ফাঁকে অল্প সময়ের জন্য স্কুলে গেলাম।
sva_00469	sva	p2_fam	p2_hon		long	past	তুমি গত সপ্তাহে সব রকমের ব্যস্ততার মধ্যেও খুব মন দিয়ে স্কুলে গেলে।	তুমি গত সপ্তাহে সব রকমের ব্যস্ততার মধ্যেও খুব মন দিয়ে স্কুলে গেলেন।
sva_00470	sva	p2_hon	p1		none	past	আপনি স্কুলে গেলেন।	আপনি স্কুলে গেলাম।
sva_00471	sva	p2_hon	p3_ord		short	past	আপনি গত সপ্তাহে স্কুলে গেলেন।	আপনি গত সপ্তাহে স্কুলে গেলো।
sva_00472	sva	p2_hon	p2_fam		medium	past	আপনি গত সপ্তাহে বন্ধুদের সঙ্গে স্কুলে গেলেন।	আপনি গত সপ্তাহে বন্ধুদের সঙ্গে স্কুলে গেলে।
sva_00473	sva	p2_hon	p1		medium	past	আপনি গত সপ্তাহে খুব মন দিয়ে স্কুলে গেলেন।	আপনি গত সপ্তাহে খুব মন দিয়ে স্কুলে গেলাম।
sva_00474	sva	p2_hon	p3_ord		medium	past	আপনি গত সপ্তাহে একা একা স্কুলে গেলেন।	আপনি গত সপ্তাহে একা একা স্কুলে গেলো।
sva_00475	sva	p2_hon	p1		medium	past	আপনি কাল সন্ধ্যায় বাড়ির কাজ শেষ করে স্কুলে গেলেন।	আপনি কাল সন্ধ্যায় বাড়ির কাজ শেষ করে স্কুলে গেলাম।
sva_00476	sva	p2_hon	p1		long	past	আপনি গত সপ্তাহে বাড়ির সব কাজ শেষ করে বন্ধুদের সঙ্গে স্কুলে গেলেন।	আপনি গত সপ্তাহে বাড়ির সব কাজ শেষ করে বন্ধুদের সঙ্গে স্কুলে গেলাম।
sva_00477	sva	p2_hon	p2_int		long	past	আপনি গত সপ্তাহে দীর্ঘ ক্লান্তিকর পথ চলার শেষে একা একা স্কুলে গেলেন।	আপনি গত সপ্তাহে দীর্ঘ ক্লান্তিকর পথ চলার শেষে একা একা স্কুলে গেলি।
sva_00478	sva	p2_hon	p2_fam		long	past	আপনি কাল সন্ধ্যায় পরীক্ষার প্রস্তুতির ফাঁকে অল্প সময়ের জন্য স্কুলে গেলেন।	আপনি কাল সন্ধ্যায় পরীক্ষার প্রস্তুতির ফাঁকে অল্প সময়ের জন্য স্কুলে গেলে।
sva_00479	sva	p2_hon	p3_ord		long	past	আপনি গতকাল সব রকমের ব্যস্ততার মধ্যেও খুব মন দিয়ে স্কুলে গেলেন।	আপনি গতকাল সব রকমের ব্যস্ততার মধ্যেও খুব মন দিয়ে স্কুলে গেলো।
sva_00480	sva	p3_ord	p1		none	past	সে স্কুলে গেলো।	সে স্কুলে গেলাম।
sva_00481	sva	p3_ord	p2_hon		short	past	সে কাল সন্ধ্যায় স্কুলে গেলো।	সে কাল সন্ধ্যায় স্কুলে গেলেন।
sva_00482	sva	p3_ord	p2_int		medium	past	সে গত সপ্তাহে বন্ধুদের সঙ্গে স্কুলে গেলো।	সে গত সপ্তাহে বন্ধুদের সঙ্গে স্কুলে গেলি।
sva_00483	sva	p3_ord	p3_hon		medium	past	সে গত সপ্তাহে খুব মন দিয়ে স্কুলে গেলো।	সে গত সপ্তাহে খুব মন দিয়ে স্কুলে গেলেন।
sva_00484	sva	p3_ord	p1		medium	past	সে গতকাল একা একা স্কুলে গেলো।	সে গতকাল একা একা স্কুলে গেলাম।
sva_00485	sva	p3_ord	p2_fam		medium	past	সে গত সপ্তাহে বাড়ির কাজ শেষ করে স্কুলে গেলো।	সে গত সপ্তাহে বাড়ির কাজ শেষ করে স্কুলে গেলে।
sva_00486	sva	p3_ord	p3_hon		long	past	সে কাল সন্ধ্যায় বাড়ির সব কাজ শেষ করে বন্ধুদের সঙ্গে স্কুলে গেলো।	সে কাল সন্ধ্যায় বাড়ির সব কাজ শেষ করে বন্ধুদের সঙ্গে স্কুলে গেলেন।
sva_00487	sva	p3_ord	p2_fam		long	past	সে কাল সন্ধ্যায় দীর্ঘ ক্লান্তিকর পথ চলার শেষে একা একা স্কুলে গেলো।	সে কাল সন্ধ্যায় দীর্ঘ ক্লান্তিকর পথ চলার শেষে একা একা স্কুলে গেলে।
sva_00488	sva	p3_ord	p2_int		long	past	সে কাল সন্ধ্যায় পরীক্ষার প্রস্তুতির ফাঁকে অল্প সময়ের জন্য স্কুলে গেলো।	সে কাল সন্ধ্যায় পরীক্ষার প্রস্তুতির ফাঁকে অল্প সময়ের জন্য স্কুলে গেলি।
sva_00489	sva	p3_ord	p3_hon		long	past	সে গত সপ্তাহে সব রকমের ব্যস্ততার মধ্যেও খুব মন দিয়ে স্কুলে গেলো।	সে গত সপ্তাহে সব রকমের ব্যস্ততার মধ্যেও খুব মন দিয়ে স্কুলে গেলেন।
sva_00490	sva	p3_ord	p2_fam		none	past	ছেলেটি স্কুলে গেলো।	ছেলেটি স্কুলে গেলে।
sva_00491	sva	p3_ord	p3_hon		short	past	ছেলেটি গত সপ্তাহে স্কুলে গেলো।	ছেলেটি গত সপ্তাহে স্কুলে গেলেন।
sva_00492	sva	p3_ord	p2_fam		medium	past	ছেলেটি গত সপ্তাহে বন্ধুদের সঙ্গে স্কুলে গেলো।	ছেলেটি গত সপ্তাহে বন্ধুদের সঙ্গে স্কুলে গেলে।
sva_00493	sva	p3_ord	p2_fam		medium	past	ছেলেটি কাল সন্ধ্যায় খুব মন দিয়ে স্কুলে গেলো।	ছেলেটি কাল সন্ধ্যায় খুব মন দিয়ে স্কুলে গেলে।
sva_00494	sva	p3_ord	p2_fam		medium	past	ছেলেটি গতকাল একা একা স্কুলে গেলো।	ছেলেটি গতকাল একা একা স্কুলে গেলে।
sva_00495	sva	p3_ord	p2_hon		medium	past	ছেলেটি কাল সন্ধ্যায় বাড়ির কাজ শেষ করে স্কুলে গেলো।	ছেলেটি কাল সন্ধ্যায় বাড়ির কাজ শেষ করে স্কুলে গেলেন।
sva_00496	sva	p3_ord	p2_int		long	past	ছেলেটি কাল সন্ধ্যায় বাড়ির সব কাজ শেষ করে বন্ধুদের সঙ্গে স্কুলে গেলো।	ছেলেটি কাল সন্ধ্যায় বাড়ির সব কাজ শেষ করে বন্ধুদের সঙ্গে স্কুলে গেলি।
sva_00497	sva	p3_ord	p1		long	past	ছেলেটি কাল সন্ধ্যায় দীর্ঘ ক্লান্তিকর পথ চলার শেষে একা একা স্কুলে গেলো।	ছেলেটি কাল সন্ধ্যায় দীর্ঘ ক্লান্তিকর পথ চলার শেষে একা একা স্কুলে গেলাম।
sva_00498	sva	p3_ord	p1		long	past	ছেলেটি গতকাল পরীক্ষার প্রস্তুতির ফাঁকে অল্প সময়ের জন্য স্কুলে গেলো।	ছেলেটি গতকাল পরীক্ষার প্রস্তুতির ফাঁকে অল্প সময়ের জন্য স্কুলে গেলাম।
sva_00499	sva	p3_ord	p2_int		long	past	ছেলেটি গত সপ্তাহে সব রকমের ব্যস্ততার মধ্যেও খুব মন দিয়ে স্কুলে গেলো।	ছেলেটি গত সপ্তাহে সব রকমের ব্যস্ততার মধ্যেও খুব মন দিয়ে স্কুলে গেলি।
sva_00500	sva	p3_ord	p3_hon		none	past	মেয়েটি স্কুলে গেলো।	মেয়েটি স্কুলে গেলেন।
sva_00501	sva	p3_ord	p1		short	past	মেয়েটি কাল সন্ধ্যায় স্কুলে গেলো।	মেয়েটি কাল সন্ধ্যায় স্কুলে গেলাম।
sva_00502	sva	p3_ord	p1		medium	past	মেয়েটি কাল সন্ধ্যায় বন্ধুদের সঙ্গে স্কুলে গেলো।	মেয়েটি কাল সন্ধ্যায় বন্ধুদের সঙ্গে স্কুলে গেলাম।
sva_00503	sva	p3_ord	p2_int		medium	past	মেয়েটি গতকাল খুব মন দিয়ে স্কুলে গেলো।	মেয়েটি গতকাল খুব মন দিয়ে স্কুলে গেলি।
sva_00504	sva	p3_ord	p2_fam		medium	past	মেয়েটি গতকাল একা একা স্কুলে গেলো।	মেয়েটি গতকাল একা একা স্কুলে গেলে।
sva_00505	sva	p3_ord	p2_hon		medium	past	মেয়েটি গতকাল বাড়ির কাজ শেষ করে স্কুলে গেলো।	মেয়েটি গতকাল বাড়ির কাজ শেষ করে স্কুলে গেলেন।
sva_00506	sva	p3_ord	p1		long	past	মেয়েটি কাল সন্ধ্যায় বাড়ির সব কাজ শেষ করে বন্ধুদের সঙ্গে স্কুলে গেলো।	মেয়েটি কাল সন্ধ্যায় বাড়ির সব কাজ শেষ করে বন্ধুদের সঙ্গে স্কুলে গেলাম।
sva_00507	sva	p3_ord	p2_hon		long	past	মেয়েটি গত সপ্তাহে দীর্ঘ ক্লান্তিকর পথ চলার শেষে একা একা স্কুলে গেলো।	মেয়েটি গত সপ্তাহে দীর্ঘ ক্লান্তিকর পথ চলার শেষে একা একা স্কুলে গেলেন।
sva_00508	sva	p3_ord	p2_int		long	past	মেয়েটি গতকাল পরীক্ষার প্রস্তুতির ফাঁকে অল্প সময়ের জন্য স্কুলে গেলো।	মেয়েটি গতকাল পরীক্ষার প্রস্তুতির ফাঁকে অল্প সময়ের জন্য স্কুলে গেলি।
sva_00509	sva	p3_ord	p2_fam		long	past	মেয়েটি গতকাল সব রকমের ব্যস্ততার মধ্যেও খুব মন দিয়ে স্কুলে গেলো।	মেয়েটি গতকাল সব রকমের ব্যস্ততার মধ্যেও খুব মন দিয়ে স্কুলে গেলে।
sva_00510	sva	p3_ord	p2_fam		none	past	আমার বন্ধু স্কুলে গেলো।	আমার বন্ধু স্কুলে গেলে।
sva_00511	sva	p3_ord	p2_fam		short	past	আমার বন্ধু গতকাল স্কুলে গেলো।	আমার বন্ধু গতকাল স্কুলে গেলে।
sva_00512	sva	p3_ord	p2_fam		medium	past	আমার বন্ধু কাল সন্ধ্যায় বন্ধুদের সঙ্গে স্কুলে গেলো।	আমার বন্ধু কাল সন্ধ্যায় বন্ধুদের সঙ্গে স্কুলে গেলে।
sva_00513	sva	p3_ord	p2_int		medium	past	আমার বন্ধু গতকাল খুব মন দিয়ে স্কুলে গেলো।	আমার বন্ধু গতকাল খুব মন দিয়ে স্কুলে গেলি।
sva_00514	sva	p3_ord	p2_fam		medium	past	আমার বন্ধু কাল সন্ধ্যায় একা একা স্কুলে গেলো।	আমার বন্ধু কাল সন্ধ্যায় একা একা স্কুলে গেলে।
sva_00515	sva	p3_ord	p2_fam		medium	past	আমার বন্ধু কাল সন্ধ্যায় বাড়ির কাজ শেষ করে স্কুলে গেলো।	আমার বন্ধু কাল সন্ধ্যায় বাড়ির কাজ শেষ করে স্কুলে গেলে।
sva_00516	sva	p3_ord	p2_fam		long	past	আমার বন্ধু গতকাল বাড়ির সব কাজ শেষ করে বন্ধুদের সঙ্গে স্কুলে গেলো।	আমার বন্ধু গতকাল বাড়ির সব কাজ শেষ করে বন্ধুদের সঙ্গে স্কুলে গেলে।
sva_00517	sva	p3_ord	p2_fam		long	past	আমার বন্ধু কাল সন্ধ্যায় দীর্ঘ ক্লান্তিকর পথ চলার শেষে একা একা স্কুলে গেলো।	আমার বন্ধু কাল সন্ধ্যায় দীর্ঘ ক্লান্তিকর পথ চলার শেষে একা একা স্কুলে গেলে।
sva_00518	sva	p3_ord	p3_hon		long	past	আমার বন্ধু কাল সন্ধ্যায় পরীক্ষার প্রস্তুতির ফাঁকে অল্প সময়ের জন্য স্কুলে গেলো।	আমার বন্ধু কাল সন্ধ্যায় পরীক্ষার প্রস্তুতির ফাঁকে অল্প সময়ের জন্য স্কুলে গেলেন।
sva_00519	sva	p3_ord	p2_fam		long	past	আমার বন্ধু গতকাল সব রকমের ব্যস্ততার মধ্যেও খুব মন দিয়ে স্কুলে গেলো।	আমার বন্ধু গতকাল সব রকমের ব্যস্ততার মধ্যেও খুব মন দিয়ে স্কুলে গেলে।
sva_00520	sva	p3_ord	p1		none	past	রহিম স্কুলে গেলো।	রহিম স্কুলে গেলাম।
sva_00521	sva	p3_ord	p2_hon		short	past	রহিম গতকাল স্কুলে গেলো।	রহিম গতকাল স্কুলে গেলেন।
sva_00522	sva	p3_ord	p2_fam		medium	past	রহিম গত সপ্তাহে বন্ধুদের সঙ্গে স্কুলে গেলো।	রহিম গত সপ্তাহে বন্ধুদের সঙ্গে স্কুলে গেলে।
sva_00523	sva	p3_ord	p2_int		medium	past	রহিম কাল সন্ধ্যায় খুব মন দিয়ে স্কুলে গেলো।	রহিম কাল সন্ধ্যায় খুব মন দিয়ে স্কুলে গেলি।
sva_00524	sva	p3_ord	p2_fam		medium	past	রহিম গত সপ্তাহে একা একা স্কুলে গেলো।	রহিম গত সপ্তাহে একা একা স্কুলে গেলে।
sva_00525	sva	p3_ord	p2_hon		medium	past	রহিম কাল সন্ধ্যায় বাড়ির কাজ শেষ করে স্কুলে গেলো।	রহিম কাল সন্ধ্যায় বাড়ির কাজ শেষ করে স্কুলে গেলেন।
sva_00526	sva	p3_ord	p3_hon		long	past	রহিম গত সপ্তাহে বাড়ির সব কাজ শেষ করে বন্ধুদের সঙ্গে স্কুলে গেলো।	রহিম গত সপ্তাহে বাড়ির সব কাজ শেষ করে বন্ধুদের সঙ্গে স্কুলে গেলেন।
sva_00527	sva	p3_ord	p2_hon		long	past	রহিম কাল সন্ধ্যায় দীর্ঘ ক্লান্তিকর পথ চলার শেষে একা একা স্কুলে গেলো।	রহিম কাল সন্ধ্যায় দীর্ঘ ক্লান্তিকর পথ চলার শেষে একা একা স্কুলে গেলেন।
sva_00528	sva	p3_ord	p1		long	past	রহিম গতকাল পরীক্ষার প্রস্তুতির ফাঁকে অল্প সময়ের জন্য স্কুলে গেলো।	রহিম গতকাল পরীক্ষার প্রস্তুতির ফাঁকে অল্প সময়ের জন্য স্কুলে গেলাম।
sva_00529	sva	p3_ord	p1		long	past	রহিম গত সপ্তাহে সব রকমের ব্যস্ততার মধ্যেও খুব মন দিয়ে স্কুলে গেলো।	রহিম গত সপ্তাহে সব রকমের ব্যস্ততার মধ্যেও খুব মন দিয়ে স্কুলে গেলাম।
sva_00530	sva	p3_hon	p1		none	past	তিনি স্কুলে গেলেন।	তিনি স্কুলে গেলাম।
sva_00531	sva	p3_hon	p2_fam		short	past	তিনি কাল সন্ধ্যায় স্কুলে গেলেন।	তিনি কাল সন্ধ্যায় স্কুলে গেলে।
sva_00532	sva	p3_hon	p3_ord		medium	past	তিনি কাল সন্ধ্যায় বন্ধুদের সঙ্গে স্কুলে গেলেন।	তিনি কাল সন্ধ্যায় বন্ধুদের সঙ্গে স্কুলে গেলো।
sva_00533	sva	p3_hon	p2_int		medium	past	তিনি কাল সন্ধ্যায় খুব মন দিয়ে স্কুলে গেলেন।	তিনি কাল সন্ধ্যায় খুব মন দিয়ে স্কুলে গেলি।
sva_00534	sva	p3_hon	p3_ord		medium	past	তিনি গতকাল একা একা স্কুলে গেলেন।	তিনি গতকাল একা একা স্কুলে গেলো।
sva_00535	sva	p3_hon	p2_int		medium	past	তিনি গত সপ্তাহে বাড়ির কাজ শেষ করে স্কুলে গেলেন।	তিনি গত সপ্তাহে বাড়ির কাজ শেষ করে স্কুলে গেলি।
sva_00536	sva	p3_hon	p2_int		long	past	তিনি কাল সন্ধ্যায় বাড়ির সব কাজ শেষ করে বন্ধুদের সঙ্গে স্কুলে গেলেন।	তিনি কাল সন্ধ্যায় বাড়ির সব কাজ শেষ করে বন্ধুদের সঙ্গে স্কুলে গেলি।
sva_00537	sva	p3_hon	p2_int		long	past	তিনি কাল সন্ধ্যায় দীর্ঘ ক্লান্তিকর পথ চলার শেষে একা একা স্কুলে গেলেন।	তিনি কাল সন্ধ্যায় দীর্ঘ ক্লান্তিকর পথ চলার শেষে একা একা স্কুলে গেলি।
sva_00538	sva	p3_hon	p2_int		long	past	তিনি কাল সন্ধ্যায় পরীক্ষার প্রস্তুতির ফাঁকে অল্প সময়ের জন্য স্কুলে গেলেন।	তিনি কাল সন্ধ্যায় পরীক্ষার প্রস্তুতির ফাঁকে অল্প সময়ের জন্য স্কুলে গেলি।
sva_00539	sva	p3_hon	p2_int		long	past	তিনি গতকাল সব রকমের ব্যস্ততার মধ্যেও খুব মন দিয়ে স্কুলে গেলেন।	তিনি গতকাল সব রকমের ব্যস্ততার মধ্যেও খুব মন দিয়ে স্কুলে গেলি।
sva_00540	sva	p3_hon	p1		none	past	উনি স্কুলে গেলেন।	উনি স্কুলে গেলাম।
sva_00541	sva	p3_hon	p1		short	past	উনি কাল সন্ধ্যায় স্কুলে গেলেন।	উনি কাল সন্ধ্যায় স্কুলে গেলাম।
sva_00542	sva	p3_hon	p2_fam		medium	past	উনি কাল সন্ধ্যায় বন্ধুদের সঙ্গে স্কুলে গেলেন।	উনি কাল সন্ধ্যায় বন্ধুদের সঙ্গে স্কুলে গেলে।
sva_00543	sva	p3_hon	p2_fam		medium	past	উনি গতকাল খুব মন দিয়ে স্কুলে গেলেন।	উনি গতকাল খুব মন দিয়ে স্কুলে গেলে।
sva_00544	sva	p3_hon	p2_fam		medium	past	উনি কাল সন্ধ্যায় একা একা স্কুলে গেলেন।	উনি কাল সন্ধ্যায় একা একা স্কুলে গেলে।
sva_00545	sva	p3_hon	p1		medium	past	উনি গত সপ্তাহে বাড়ির কাজ শেষ করে স্কুলে গেলেন।	উনি গত সপ্তাহে বাড়ির কাজ শেষ করে স্কুলে গেলাম।
sva_00546	sva	p3_hon	p1		long	past	উনি গত সপ্তাহে বাড়ির সব কাজ শেষ করে বন্ধুদের সঙ্গে স্কুলে গেলেন।	উনি গত সপ্তাহে বাড়ির সব কাজ শেষ করে বন্ধুদের সঙ্গে স্কুলে গেলাম।
sva_00547	sva	p3_hon	p1		long	past	উনি গতকাল দীর্ঘ ক্লান্তিকর পথ চলার শেষে একা একা স্কুলে গেলেন।	উনি গতকাল দীর্ঘ ক্লান্তিকর পথ চলার শেষে একা একা স্কুলে গেলাম।
sva_00548	sva	p3_hon	p1		long	past	উনি গতকাল পরীক্ষার প্রস্তুতির ফাঁকে অল্প সময়ের জন্য স্কুলে গেলেন।	উনি গতকাল পরীক্ষার প্রস্তুতির ফাঁকে অল্প সময়ের জন্য স্কুলে গেলাম।
sva_00549	sva	p3_hon	p1		long	past	উনি গতকাল সব রকমের ব্যস্ততার মধ্যেও খুব মন দিয়ে স্কুলে গেলেন।	উনি গতকাল সব রকমের ব্যস্ততার মধ্যেও খুব মন দিয়ে স্কুলে গেলাম।
sva_00550	sva	p1	p3_hon		none	fut	আমি স্কুলে যাব।	আমি স্কুলে যাবেন।
sva_00551	sva	p1	p2_hon		short	fut	আমি কিছুদিন পরে স্কুলে যাব।	আমি কিছুদিন পরে স্কুলে যাবেন।
sva_00552	sva	p1	p3_hon		medium	fut	আমি আগামীকাল বন্ধুদের সঙ্গে স্কুলে যাব।	আমি আগামীকাল বন্ধুদের সঙ্গে স্কুলে যাবেন।
sva_00553	sva	p1	p3_hon		medium	fut	আমি আগামীকাল খুব মন দিয়ে স্কুলে যাব।	আমি আগামীকাল খুব মন দিয়ে স্কুলে যাবেন।
sva_00554	sva	p1	p3_hon		medium	fut	আমি আগামীকাল একা একা স্কুলে যাব।	আমি আগামীকাল একা একা স্কুলে যাবেন।
sva_00555	sva	p1	p3_ord		medium	fut	আমি আগামীকাল বাড়ির কাজ শেষ করে স্কুলে যাব।	আমি আগামীকাল বাড়ির কাজ শেষ করে স্কুলে যাবে।
sva_00556	sva	p1	p3_hon		long	fut	আমি আগামীকাল বাড়ির সব কাজ শেষ করে বন্ধুদের সঙ্গে স্কুলে যাব।	আমি আগামীকাল বাড়ির সব কাজ শেষ করে বন্ধুদের সঙ্গে স্কুলে যাবেন।
sva_00557	sva	p1	p3_hon		long	fut	আমি কিছুদিন পরে দীর্ঘ ক্লান্তিকর পথ চলার শেষে একা একা স্কুলে যাব।	আমি কিছুদিন পরে দীর্ঘ ক্লান্তিকর পথ চলার শেষে একা একা স্কুলে যাবেন।
sva_00558	sva	p1	p2_fam		long	fut	আমি আগামী সপ্তাহে পরীক্ষার প্রস্তুতির ফাঁকে অল্প সময়ের জন্য স্কুলে যাব।	আমি আগামী সপ্তাহে পরীক্ষার প্রস্তুতির ফাঁকে অল্প সময়ের জন্য স্কুলে যাবে।
sva_00559	sva	p1	p3_hon		long	fut	আমি কিছুদিন পরে সব রকমের ব্যস্ততার মধ্যেও খুব মন দিয়ে স্কুলে যাব।	আমি কিছুদিন পরে সব রকমের ব্যস্ততার মধ্যেও খুব মন দিয়ে স্কুলে যাবেন।
sva_00560	sva	p2_int	p2_hon		none	fut	তুই স্কুলে যাবি।	তুই স্কুলে যাবেন।
sva_00561	sva	p2_int	p2_fam		short	fut	তুই আগামীকাল স্কুলে যাবি।	তুই আগামীকাল স্কুলে যাবে।
sva_00562	sva	p2_int	p2_hon		medium	fut	তুই কিছুদিন পরে বন্ধুদের সঙ্গে স্কুলে যাবি।	তুই কিছুদিন পরে বন্ধুদের সঙ্গে স্কুলে যাবেন।
sva_00563	sva	p2_int	p2_hon		medium	fut	তুই আগামীকাল খুব মন দিয়ে স্কুলে যাবি।	তুই আগামীকাল খুব মন দিয়ে স্কুলে যাবেন।
sva_00564	sva	p2_int	p2_hon		medium	fut	তুই কিছুদিন পরে একা একা স্কুলে যাবি।	তুই কিছুদিন পরে একা একা স্কুলে যাবেন।
sva_00565	sva	p2_int	p3_hon		medium	fut	তুই আগামীকাল বাড়ির কাজ শেষ করে স্কুলে যাবি।	তুই আগামীকাল বাড়ির কাজ শেষ করে স্কুলে যাবেন।
sva_00566	sva	p2_int	p3_hon		long	fut	তুই আগামী সপ্তাহে বাড়ির সব কাজ শেষ করে বন্ধুদের সঙ্গে স্কুলে যাবি।	তুই আগামী সপ্তাহে বাড়ির সব কাজ শেষ করে বন্ধুদের সঙ্গে স্কুলে যাবেন।
sva_00567	sva	p2_int	p3_hon		long	fut	তুই আগামী সপ্তাহে দীর্ঘ ক্লান্তিকর পথ চলার শেষে একা একা স্কুলে যাবি।	তুই আগামী সপ্তাহে দীর্ঘ ক্লান্তিকর পথ চলার শেষে একা একা স্কুলে যাবেন।
sva_00568	sva	p2_int	p2_fam		long	fut	তুই আগামীকাল পরীক্ষার প্রস্তুতির ফাঁকে অল্প সময়ের জন্য স্কুলে যাবি।	তুই আগামীকাল পরীক্ষার প্রস্তুতির ফাঁকে অল্প সময়ের জন্য স্কুলে যাবে।
sva_00569	sva	p2_int	p2_fam		long	fut	তুই আগামী সপ্তাহে সব রকমের ব্যস্ততার মধ্যেও খুব মন দিয়ে স্কুলে যাবি।	তুই আগামী সপ্তাহে সব রকমের ব্যস্ততার মধ্যেও খুব মন দিয়ে স্কুলে যাবে।
sva_00570	sva	p2_fam	p2_int		none	fut	তুমি স্কুলে যাবে।	তুমি স্কুলে যাবি।
sva_00571	sva	p2_fam	p2_int		short	fut	তুমি আগামী সপ্তাহে স্কুলে যাবে।	তুমি আগামী সপ্তাহে স্কুলে যাবি।
sva_00572	sva	p2_fam	p3_hon		medium	fut	তুমি কিছুদিন পরে বন্ধুদের সঙ্গে স্কুলে যাবে।	তুমি কিছুদিন পরে বন্ধুদের সঙ্গে স্কুলে যাবেন।
sva_00573	sva	p2_fam	p2_int		medium	fut	তুমি কিছুদিন পরে খুব মন দিয়ে স্কুলে যাবে।	তুমি কিছুদিন পরে খুব মন দিয়ে স্কুলে যাবি।
sva_00574	sva	p2_fam	p3_hon		medium	fut	তুমি আগামীকাল একা একা স্কুলে যাবে।	তুমি আগামীকাল একা একা স্কুলে যাবেন।
sva_00575	sva	p2_fam	p2_int		medium	fut	তুমি আগামী সপ্তাহে বাড়ির কাজ শেষ করে স্কুলে যাবে।	তুমি আগামী সপ্তাহে বাড়ির কাজ শেষ করে স্কুলে যাবি।
sva_00576	sva	p2_fam	p2_int		long	fut	তুমি আগামীকাল বাড়ির সব কাজ শেষ করে বন্ধুদের সঙ্গে স্কুলে যাবে।	তুমি আগামীকাল বাড়ির সব কাজ শেষ করে বন্ধুদের সঙ্গে স্কুলে যাবি।
sva_00577	sva	p2_fam	p2_int		long	fut	তুমি আগামী সপ্তাহে দীর্ঘ ক্লান্তিকর পথ চলার শেষে একা একা স্কুলে যাবে।	তুমি আগামী সপ্তাহে দীর্ঘ ক্লান্তিকর পথ চলার শেষে একা একা স্কুলে যাবি।
sva_00578	sva	p2_fam	p1		long	fut	তুমি আগামীকাল পরীক্ষার প্রস্তুতির ফাঁকে অল্প সময়ের জন্য স্কুলে যাবে।	তুমি আগামীকাল পরীক্ষার প্রস্তুতির ফাঁকে অল্প সময়ের জন্য স্কুলে যাব।
sva_00579	sva	p2_fam	p2_int		long	fut	তুমি কিছুদিন পরে সব রকমের ব্যস্ততার মধ্যেও খুব মন দিয়ে স্কুলে যাবে।	তুমি কিছুদিন পরে সব রকমের ব্যস্ততার মধ্যেও খুব মন দিয়ে স্কুলে যাবি।
sva_00580	sva	p2_hon	p2_fam		none	fut	আপনি স্কুলে যাবেন।	আপনি স্কুলে যাবে।
sva_00581	sva	p2_hon	p2_int		short	fut	আপনি কিছুদিন পরে স্কুলে যাবেন।	আপনি কিছুদিন পরে স্কুলে যাবি।
sva_00582	sva	p2_hon	p2_fam		medium	fut	আপনি আগামী সপ্তাহে বন্ধুদের সঙ্গে স্কুলে যাবেন।	আপনি আগামী সপ্তাহে বন্ধুদের সঙ্গে স্কুলে যাবে।
sva_00583	sva	p2_hon	p1		medium	fut	আপনি কিছুদিন পরে খুব মন দিয়ে স্কুলে যাবেন।	আপনি কিছুদিন পরে খুব মন দিয়ে স্কুলে যাব।
sva_00584	sva	p2_hon	p2_fam		medium	fut	আপনি কিছুদিন পরে একা একা স্কুলে যাবেন।	আপনি কিছুদিন পরে একা একা স্কুলে যাবে।
sva_00585	sva	p2_hon	p1		medium	fut	আপনি কিছুদিন পরে বাড়ির কাজ শেষ করে স্কুলে যাবেন।	আপনি কিছুদিন পরে বাড়ির কাজ শেষ করে স্কুলে যাব।
sva_00586	sva	p2_hon	p2_int		long	fut	আপনি কিছুদিন পরে বাড়ির সব কাজ শেষ করে বন্ধুদের সঙ্গে স্কুলে যাবেন।	আপনি কিছুদিন পরে বাড়ির সব কাজ শেষ করে বন্ধুদের সঙ্গে স্কুলে যাবি।
sva_00587	sva	p2_hon	p2_fam		long	fut	আপনি আগামীকাল দীর্ঘ ক্লান্তিকর পথ চলার শেষে একা একা স্কুলে যাবেন।	আপনি আগামীকাল দীর্ঘ ক্লান্তিকর পথ চলার শেষে একা একা স্কুলে যাবে।
sva_00588	sva	p2_hon	p2_fam		long	fut	আপনি কিছুদিন পরে পরীক্ষার প্রস্তুতির ফাঁকে অল্প সময়ের জন্য স্কুলে যাবেন।	আপনি কিছুদিন পরে পরীক্ষার প্রস্তুতির ফাঁকে অল্প সময়ের জন্য স্কুলে যাবে।
sva_00589	sva	p2_hon	p1		long	fut	আপনি আগামীকাল সব রকমের ব্যস্ততার মধ্যেও খুব মন দিয়ে স্কুলে যাবেন।	আপনি আগামীকাল সব রকমের ব্যস্ততার মধ্যেও খুব মন দিয়ে স্কুলে যাব।
sva_00590	sva	p3_ord	p1		none	fut	সে স্কুলে যাবে।	সে স্কুলে যাব।
sva_00591	sva	p3_ord	p3_hon		short	fut	সে কিছুদিন পরে স্কুলে যাবে।	সে কিছুদিন পরে স্কুলে যাবেন।
sva_00592	sva	p3_ord	p1		medium	fut	সে কিছুদিন পরে বন্ধুদের সঙ্গে স্কুলে যাবে।	সে কিছুদিন পরে বন্ধুদের সঙ্গে স্কুলে যাব।
sva_00593	sva	p3_ord	p2_int		medium	fut	সে আগামীকাল খুব মন দিয়ে স্কুলে যাবে।	সে আগামীকাল খুব মন দিয়ে স্কুলে যাবি।
sva_00594	sva	p3_ord	p2_hon		medium	fut	সে কিছুদিন পরে একা একা স্কুলে যাবে।	সে কিছুদিন পরে একা একা স্কুলে যাবেন।
sva_00595	sva	p3_ord	p2_hon		medium	fut	সে আগামী সপ্তাহে বাড়ির কাজ শেষ করে স্কুলে যাবে।	সে আগামী সপ্তাহে বাড়ির কাজ শেষ করে স্কুলে যাবেন।
sva_00596	sva	p3_ord	p2_int		long	fut	সে আগামীকাল বাড়ির সব কাজ শেষ করে বন্ধুদের সঙ্গে স্কুলে যাবে।	সে আগামীকাল বাড়ির সব কাজ শেষ করে বন্ধুদের সঙ্গে স্কুলে যাবি।
sva_00597	sva	p3_ord	p2_int		long	fut	সে কিছুদিন পরে দীর্ঘ ক্লান্তিকর পথ চলার শেষে একা একা স্কুলে যাবে।	সে কিছুদিন পরে দীর্ঘ ক্লান্তিকর পথ চলার শেষে একা একা স্কুলে যাবি।
sva_00598	sva	p3_ord	p3_hon		long	fut	সে কিছুদিন পরে পরীক্ষার প্রস্তুতির ফাঁকে অল্প সময়ের জন্য স্কুলে যাবে।	সে কিছুদিন পরে পরীক্ষার প্রস্তুতির ফাঁকে অল্প সময়ের জন্য স্কুলে যাবেন।
sva_00599	sva	p3_ord	p1		long	fut	সে আগামী সপ্তাহে সব রকমের ব্যস্ততার মধ্যেও খুব মন দিয়ে স্কুলে যাবে।	সে আগামী সপ্তাহে সব রকমের ব্যস্ততার মধ্যেও খুব মন দিয়ে স্কুলে যাব।
sva_00600	sva	p3_ord	p1		none	fut	ছেলেটি স্কুলে যাবে।	ছেলেটি স্কুলে যাব।
sva_00601	sva	p3_ord	p1		short	fut	ছেলেটি আগামী সপ্তাহে স্কুলে যাবে।	ছেলেটি আগামী সপ্তাহে স্কুলে যাব।
sva_00602	sva	p3_ord	p1		medium	fut	ছেলেটি আগামীকাল বন্ধুদের সঙ্গে স্কুলে যাবে।	ছেলেটি আগামীকাল বন্ধুদের সঙ্গে স্কুলে যাব।
sva_00603	sva	p3_ord	p2_int		medium	fut	ছেলেটি কিছুদিন পরে খুব মন দিয়ে স্কুলে যাবে।	ছেলেটি কিছুদিন পরে খুব মন দিয়ে স্কুলে যাবি।
sva_00604	sva	p3_ord	p2_hon		medium	fut	ছেলেটি কিছুদিন পরে একা একা স্কুলে যাবে।	ছেলেটি কিছুদিন পরে একা একা স্কুলে যাবেন।
sva_00605	sva	p3_ord	p3_hon		medium	fut	ছেলেটি আগামীকাল বাড়ির কাজ শেষ করে স্কুলে যাবে।	ছেলেটি আগামীকাল বাড়ির কাজ শেষ করে স্কুলে যাবেন।
sva_00606	sva	p3_ord	p1		long	fut	ছেলেটি আগামীকাল বাড়ির সব কাজ শেষ করে বন্ধুদের সঙ্গে স্কুলে যাবে।	ছেলেটি আগামীকাল বাড়ির সব কাজ শেষ করে বন্ধুদের সঙ্গে স্কুলে যাব।
sva_00607	sva	p3_ord	p3_hon		long	fut	ছেলেটি আগামীকাল দীর্ঘ ক্লান্তিকর পথ চলার শেষে একা একা স্কুলে যাবে।	ছেলেটি আগামীকাল দীর্ঘ ক্লান্তিকর পথ চলার শেষে একা একা স্কুলে যাবেন।
sva_00608	sva	p3_ord	p2_hon		long	fut	ছেলেটি আগামীকাল পরীক্ষার প্রস্তুতির ফাঁকে অল্প সময়ের জন্য স্কুলে যাবে।	ছেলেটি আগামীকাল পরীক্ষার প্রস্তুতির ফাঁকে অল্প সময়ের জন্য স্কুলে যাবেন।
sva_00609	sva	p3_ord	p2_hon		long	fut	ছেলেটি কিছুদিন পরে সব রকমের ব্যস্ততার মধ্যেও খুব মন দিয়ে স্কুলে যাবে।	ছেলেটি কিছুদিন পরে সব রকমের ব্যস্ততার মধ্যেও খুব মন দিয়ে স্কুলে যাবেন।
sva_00610	sva	p3_ord	p3_hon		none	fut	মেয়েটি স্কুলে যাবে।	মেয়েটি স্কুলে যাবেন।
sva_00611	sva	p3_ord	p2_hon		short	fut	মেয়েটি আগামীকাল স্কুলে যাবে।	মেয়েটি আগামীকাল স্কুলে যাবেন।
sva_00612	sva	p3_ord	p2_hon		medium	fut	মেয়েটি কিছুদিন পরে বন্ধুদের সঙ্গে স্কুলে যাবে।	মেয়েটি কিছুদিন পরে বন্ধুদের সঙ্গে স্কুলে যাবেন।
sva_00613	sva	p3_ord	p2_hon		medium	fut	মেয়েটি আগামীকাল খুব মন দিয়ে স্কুলে যাবে।	মেয়েটি আগামীকাল খুব মন দিয়ে স্কুলে যাবেন।
sva_00614	sva	p3_ord	p2_int		medium	fut	মেয়েটি আগামী সপ্তাহে একা একা স্কুলে যাবে।	মেয়েটি আগামী সপ্তাহে একা একা স্কুলে যাবি।
sva_00615	sva	p3_ord	p2_hon		medium	fut	মেয়েটি আগামীকাল বাড়ির কাজ শেষ করে স্কুলে যাবে।	মেয়েটি আগামীকাল বাড়ির কাজ শেষ করে স্কুলে যাবেন।
sva_00616	sva	p3_ord	p2_int		long	fut	মেয়েটি আগামীকাল বাড়ির সব কাজ শেষ করে বন্ধুদের সঙ্গে স্কুলে যাবে।	মেয়েটি আগামীকাল বাড়ির সব কাজ শেষ করে বন্ধুদের সঙ্গে স্কুলে যাবি।
sva_00617	sva	p3_ord	p1		long	fut	মেয়েটি কিছুদিন পরে দীর্ঘ ক্লান্তিকর পথ চলার শেষে একা একা স্কুলে যাবে।	মেয়েটি কিছুদিন পরে দীর্ঘ ক্লান্তিকর পথ চলার শেষে একা একা স্কুলে যাব।
sva_00618	sva	p3_ord	p2_int		long	fut	মেয়েটি কিছুদিন পরে পরীক্ষার প্রস্তুতির ফাঁকে অল্প সময়ের জন্য স্কুলে যাবে।	মেয়েটি কিছুদিন পরে পরীক্ষার প্রস্তুতির ফাঁকে অল্প সময়ের জন্য স্কুলে যাবি।
sva_00619	sva	p3_ord	p3_hon		long	fut	মেয়েটি আগামী সপ্তাহে সব রকমের ব্যস্ততার মধ্যেও খুব মন দিয়ে স্কুলে যাবে।	মেয়েটি আগামী সপ্তাহে সব রকমের ব্যস্ততার মধ্যেও খুব মন দিয়ে স্কুলে যাবেন।
sva_00620	sva	p3_ord	p2_hon		none	fut	আমার বন্ধু স্কুলে যাবে।	আমার বন্ধু স্কুলে যাবেন।
sva_00621	sva	p3_ord	p2_int		short	fut	আমার বন্ধু কিছুদিন পরে স্কুলে যাবে।	আমার বন্ধু কিছুদিন পরে স্কুলে যাবি।
sva_00622	sva	p3_ord	p2_int		medium	fut	আমার বন্ধু আগামীকাল বন্ধুদের সঙ্গে স্কুলে যাবে।	আমার বন্ধু আগামীকাল বন্ধুদের সঙ্গে স্কুলে যাবি।
sva_00623	sva	p3_ord	p1		medium	fut	আমার বন্ধু আগামী সপ্তাহে খুব মন দিয়ে স্কুলে যাবে।	আমার বন্ধু আগামী সপ্তাহে খুব মন দিয়ে স্কুলে যাব।
sva_00624	sva	p3_ord	p2_hon		medium	fut	আমার বন্ধু আগামীকাল একা একা স্কুলে যাবে।	আমার বন্ধু আগামীকাল একা একা স্কুলে যাবেন।
sva_00625	sva	p3_ord	p2_int		medium	fut	আমার বন্ধু কিছুদিন পরে বাড়ির কাজ শেষ করে স্কুলে যাবে।	আমার বন্ধু কিছুদিন পরে বাড়ির কাজ শেষ করে স্কুলে যাবি।
sva_00626	sva	p3_ord	p1		long	fut	আমার বন্ধু কিছুদিন পরে বাড়ির সব কাজ শেষ করে বন্ধুদের সঙ্গে স্কুলে যাবে।	আমার বন্ধু কিছুদিন পরে বাড়ির সব কাজ শেষ করে বন্ধুদের সঙ্গে স্কুলে যাব।
sva_00627	sva	p3_ord	p3_hon		long	fut	আমার বন্ধু কিছুদিন পরে দীর্ঘ ক্লান্তিকর পথ চলার শেষে একা একা স্কুলে যাবে।	আমার বন্ধু কিছুদিন পরে দীর্ঘ ক্লান্তিকর পথ চলার শেষে একা একা স্কুলে যাবেন।
sva_00628	sva	p3_ord	p1		long	fut	আমার বন্ধু আগামী সপ্তাহে পরীক্ষার প্রস্তুতির ফাঁকে অল্প সময়ের জন্য স্কুলে যাবে।	আমার বন্ধু আগামী সপ্তাহে পরীক্ষার প্রস্তুতির ফাঁকে অল্প সময়ের জন্য স্কুলে যাব।
sva_00629	sva	p3_ord	p2_hon		long	fut	আমার বন্ধু কিছুদিন পরে সব রকমের ব্যস্ততার মধ্যেও খুব মন দিয়ে স্কুলে যাবে।	আমার বন্ধু কিছুদিন পরে সব রকমের ব্যস্ততার মধ্যেও খুব মন দিয়ে স্কুলে যাবেন।
sva_00630	sva	p3_ord	p2_int		none	fut	রহিম স্কুলে যাবে।	রহিম স্কুলে যাবি।
sva_00631	sva	p3_ord	p2_int		short	fut	রহিম কিছুদিন পরে স্কুলে যাবে।	রহিম কিছুদিন পরে স্কুলে যাবি।
sva_00632	sva	p3_ord	p2_hon		medium	fut	রহিম আগামী সপ্তাহে বন্ধুদের সঙ্গে স্কুলে যাবে।	রহিম আগামী সপ্তাহে বন্ধুদের সঙ্গে স্কুলে যাবেন।
sva_00633	sva	p3_ord	p1		medium	fut	রহিম কিছুদিন পরে খুব মন দিয়ে স্কুলে যাবে।	রহিম কিছুদিন পরে খুব মন দিয়ে স্কুলে যাব।
sva_00634	sva	p3_ord	p3_hon		medium	fut	রহিম কিছুদিন পরে একা একা স্কুলে যাবে।	রহিম কিছুদিন পরে একা একা স্কুলে যাবেন।
sva_00635	sva	p3_ord	p2_int		medium	fut	রহিম আগামীকাল বাড়ির কাজ শেষ করে স্কুলে যাবে।	রহিম আগামীকাল বাড়ির কাজ শেষ করে স্কুলে যাবি।
sva_00636	sva	p3_ord	p1		long	fut	রহিম আগামীকাল বাড়ির সব কাজ শেষ করে বন্ধুদের সঙ্গে স্কুলে যাবে।	রহিম আগামীকাল বাড়ির সব কাজ শেষ করে বন্ধুদের সঙ্গে স্কুলে যাব।
sva_00637	sva	p3_ord	p2_hon		long	fut	রহিম আগামীকাল দীর্ঘ ক্লান্তিকর পথ চলার শেষে একা একা স্কুলে যাবে।	রহিম আগামীকাল দীর্ঘ ক্লান্তিকর পথ চলার শেষে একা একা স্কুলে যাবেন।
sva_00638	sva	p3_ord	p3_hon		long	fut	রহিম কিছুদিন পরে পরীক্ষার প্রস্তুতির ফাঁকে অল্প সময়ের জন্য স্কুলে যাবে।	রহিম কিছুদিন পরে পরীক্ষার প্রস্তুতির ফাঁকে অল্প সময়ের জন্য স্কুলে যাবেন।
sva_00639	sva	p3_ord	p2_hon		long	fut	রহিম আগামী সপ্তাহে সব রকমের ব্যস্ততার মধ্যেও খুব মন দিয়ে স্কুলে যাবে।	রহিম আগামী সপ্তাহে সব রকমের ব্যস্ততার মধ্যেও খুব মন দিয়ে স্কুলে যাবেন।
sva_00640	sva	p3_hon	p3_ord		none	fut	তিনি স্কুলে যাবেন।	তিনি স্কুলে যাবে।
sva_00641	sva	p3_hon	p1		short	fut	তিনি কিছুদিন পরে স্কুলে যাবেন।	তিনি কিছুদিন পরে স্কুলে যাব।
sva_00642	sva	p3_hon	p2_fam		medium	fut	তিনি আগামীকাল বন্ধুদের সঙ্গে স্কুলে যাবেন।	তিনি আগামীকাল বন্ধুদের সঙ্গে স্কুলে যাবে।
sva_00643	sva	p3_hon	p1		medium	fut	তিনি কিছুদিন পরে খুব মন দিয়ে স্কুলে যাবেন।	তিনি কিছুদিন পরে খুব মন দিয়ে স্কুলে যাব।
sva_00644	sva	p3_hon	p3_ord		medium	fut	তিনি আগামী সপ্তাহে একা একা স্কুলে যাবেন।	তিনি আগামী সপ্তাহে একা একা স্কুলে যাবে।
sva_00645	sva	p3_hon	p1		medium	fut	তিনি কিছুদিন পরে বাড়ির কাজ শেষ করে স্কুলে যাবেন।	তিনি কিছুদিন পরে বাড়ির কাজ শেষ করে স্কুলে যাব।
sva_00646	sva	p3_hon	p2_fam		long	fut	তিনি কিছুদিন পরে বাড়ির সব কাজ শেষ করে বন্ধুদের সঙ্গে স্কুলে যাবেন।	তিনি কিছুদিন পরে বাড়ির সব কাজ শেষ করে বন্ধুদের সঙ্গে স্কুলে যাবে।
sva_00647	sva	p3_hon	p1		long	fut	তিনি আগামী সপ্তাহে দীর্ঘ ক্লান্তিকর পথ চলার শেষে একা একা স্কুলে যাবেন।	তিনি আগামী সপ্তাহে দীর্ঘ ক্লান্তিকর পথ চলার শেষে একা একা স্কুলে যাব।
sva_00648	sva	p3_hon	p3_ord		long	fut	তিনি আগামীকাল পরীক্ষার প্রস্তুতির ফাঁকে অল্প সময়ের জন্য স্কুলে যাবেন।	তিনি আগামীকাল পরীক্ষার প্রস্তুতির ফাঁকে অল্প সময়ের জন্য স্কুলে যাবে।
sva_00649	sva	p3_hon	p1		long	fut	তিনি আগামী সপ্তাহে সব রকমের ব্যস্ততার মধ্যেও খুব মন দিয়ে স্কুলে যাবেন।	তিনি আগামী সপ্তাহে সব রকমের ব্যস্ততার মধ্যেও খুব মন দিয়ে স্কুলে যাব।
sva_00650	sva	p3_hon	p1		none	fut	উনি স্কুলে যাবেন।	উনি স্কুলে যাব।
sva_00651	sva	p3_hon	p2_fam		short	fut	উনি আগামীকাল স্কুলে যাবেন।	উনি আগামীকাল স্কুলে যাবে।
sva_00652	sva	p3_hon	p3_ord		medium	fut	উনি আগামীকাল বন্ধুদের সঙ্গে স্কুলে যাবেন।	উনি আগামীকাল বন্ধুদের সঙ্গে স্কুলে যাবে।
sva_00653	sva	p3_hon	p2_fam		medium	fut	উনি আগামী সপ্তাহে খুব মন দিয়ে স্কুলে যাবেন।	উনি আগামী সপ্তাহে খুব মন দিয়ে স্কুলে যাবে।
sva_00654	sva	p3_hon	p2_int		medium	fut	উনি কিছুদিন পরে একা একা স্কুলে যাবেন।	উনি কিছুদিন পরে একা একা স্কুলে যাবি।
sva_00655	sva	p3_hon	p2_fam		medium	fut	উনি আগামীকাল বাড়ির কাজ শেষ করে স্কুলে যাবেন।	উনি আগামীকাল বাড়ির কাজ শেষ করে স্কুলে যাবে।
sva_00656	sva	p3_hon	p2_fam		long	fut	উনি কিছুদিন পরে বাড়ির সব কাজ শেষ করে বন্ধুদের সঙ্গে স্কুলে যাবেন।	উনি কিছুদিন পরে বাড়ির সব কাজ শেষ করে বন্ধুদের সঙ্গে স্কুলে যাবে।
sva_00657	sva	p3_hon	p1		long	fut	উনি কিছুদিন পরে দীর্ঘ ক্লান্তিকর পথ চলার শেষে একা একা স্কুলে যাবেন।	উনি কিছুদিন পরে দীর্ঘ ক্লান্তিকর পথ চলার শেষে একা একা স্কুলে যাব।
sva_00658	sva	p3_hon	p2_int		long	fut	উনি কিছুদিন পরে পরীক্ষার প্রস্তুতির ফাঁকে অল্প সময়ের জন্য স্কুলে যাবেন।	উনি কিছুদিন পরে পরীক্ষার প্রস্তুতির ফাঁকে অল্প সময়ের জন্য স্কুলে যাবি।
sva_00659	sva	p3_hon	p2_int		long	fut	উনি আগামীকাল সব রকমের ব্যস্ততার মধ্যেও খুব মন দিয়ে স্কুলে যাবেন।	উনি আগামীকাল সব রকমের ব্যস্ততার মধ্যেও খুব মন দিয়ে স্কুলে যাবি।
sva_00660	sva	p1	p2_fam		none	pres	আমি ভাত খাই।	আমি ভাত খাও।
sva_00661	sva	p1	p3_hon		short	pres	আমি সাধারণত ভাত খাই।	আমি সাধারণত ভাত খান।
sva_00662	sva	p1	p2_hon		medium	pres	আমি প্রতিদিন বন্ধুদের সঙ্গে ভাত খাই।	আমি প্রতিদিন বন্ধুদের সঙ্গে ভাত খান।
sva_00663	sva	p1	p3_hon		medium	pres	আমি প্রতিদিন খুব মন দিয়ে ভাত খাই।	আমি প্রতিদিন খুব মন দিয়ে ভাত খান।
sva_00664	sva	p1	p2_fam		medium	pres	আমি প্রতিদিন একা একা ভাত খাই।	আমি প্রতিদিন একা একা ভাত খাও।
sva_00665	sva	p1	p3_hon		medium	pres	আমি প্রতিদিন বাড়ির কাজ শেষ করে ভাত খাই।	আমি প্রতিদিন বাড়ির কাজ শেষ করে ভাত খান।
sva_00666	sva	p1	p2_hon		long	pres	আমি প্রতিদিন বাড়ির সব কাজ শেষ করে বন্ধুদের সঙ্গে ভাত খাই।	আমি প্রতিদিন বাড়ির সব কাজ শেষ করে বন্ধুদের সঙ্গে ভাত খান।
sva_00667	sva	p1	p2_int		long	pres	আমি সাধারণত দীর্ঘ ক্লান্তিকর পথ চলার শেষে একা একা ভাত খাই।	আমি সাধারণত দীর্ঘ ক্লান্তিকর পথ চলার শেষে একা একা ভাত খাস।
sva_00668	sva	p1	p2_fam		long	pres	আমি প্রায়ই পরীক্ষার প্রস্তুতির ফাঁকে অল্প সময়ের জন্য ভাত খাই।	আমি প্রায়ই পরীক্ষার প্রস্তুতির ফাঁকে অল্প সময়ের জন্য ভাত খাও।
sva_00669	sva	p1	p2_fam		long	pres	আমি প্রায়ই সব রকমের ব্যস্ততার মধ্যেও খুব মন দিয়ে ভাত খাই।	আমি প্রায়ই সব রকমের ব্যস্ততার মধ্যেও খুব মন দিয়ে ভাত খাও।
sva_00670	sva	p2_int	p2_hon		none	pres	তুই ভাত খাস।	তুই ভাত খান।
sva_00671	sva	p2_int	p3_hon		short	pres	তুই প্রায়ই ভাত খাস।	তুই প্রায়ই ভাত খান।
sva_00672	sva	p2_int	p3_ord		medium	pres	তুই প্রায়ই বন্ধুদের সঙ্গে ভাত খাস।	তুই প্রায়ই বন্ধুদের সঙ্গে ভাত খায়।
sva_00673	sva	p2_int	p3_hon		medium	pres	তুই প্রতিদিন খুব মন দিয়ে ভাত খাস।	তুই প্রতিদিন খুব মন দিয়ে ভাত খান।
sva_00674	sva	p2_int	p1		medium	pres	তুই সাধারণত একা একা ভাত খাস।	তুই সাধারণত একা একা ভাত খাই।
sva_00675	sva	p2_int	p3_ord		medium	pres	তুই সাধারণত বাড়ির কাজ শেষ করে ভাত খাস।	তুই সাধারণত বাড়ির কাজ শেষ করে ভাত খায়।
sva_00676	sva	p2_int	p2_hon		long	pres	তুই প্রায়ই বাড়ির সব কাজ শেষ করে বন্ধুদের সঙ্গে ভাত খাস।	তুই প্রায়ই বাড়ির সব কাজ শেষ করে বন্ধুদের সঙ্গে ভাত খান।
sva_00677	sva	p2_int	p3_hon		long	pres	তুই প্রতিদিন দীর্ঘ ক্লান্তিকর পথ চলার শেষে একা একা ভাত খাস।	তুই প্রতিদিন দীর্ঘ ক্লান্তিকর পথ চলার শেষে একা একা ভাত খান।
sva_00678	sva	p2_int	p3_ord		long	pres	তুই সাধারণত পরীক্ষার প্রস্তুতির ফাঁকে অল্প সময়ের জন্য ভাত খাস।	তুই সাধারণত পরীক্ষার প্রস্তুতির ফাঁকে অল্প সময়ের জন্য ভাত খায়।
sva_00679	sva	p2_int	p1		long	pres	তুই প্রতিদিন সব রকমের ব্যস্ততার মধ্যেও খুব মন দিয়ে ভাত খাস।	তুই প্রতিদিন সব রকমের ব্যস্ততার মধ্যেও খুব মন দিয়ে ভাত খাই।
sva_00680	sva	p2_fam	p2_hon		none	pres	তুমি ভাত খাও।	তুমি ভাত খান।
sva_00681	sva	p2_fam	p2_hon		short	pres	তুমি সাধারণত ভাত খাও।	তুমি সাধারণত ভাত খান।
sva_00682	sva	p2_fam	p3_hon		medium	pres	তুমি প্রতিদিন বন্ধুদের সঙ্গে ভাত খাও।	তুমি প্রতিদিন বন্ধুদের সঙ্গে ভাত খান।
sva_00683	sva	p2_fam	p3_ord		medium	pres	তুমি প্রায়ই খুব মন দিয়ে ভাত খাও।	তুমি প্রায়ই খুব মন দিয়ে ভাত খায়।
sva_00684	sva	p2_fam	p3_ord		medium	pres	তুমি প্রায়ই একা একা ভাত খাও।	তুমি প্রায়ই একা একা ভাত খায়।
sva_00685	sva	p2_fam	p1		medium	pres	তুমি সাধারণত বাড়ির কাজ শেষ করে ভাত খাও।	তুমি সাধারণত বাড়ির কাজ শেষ করে ভাত খাই।
sva_00686	sva	p2_fam	p1		long	pres	তুমি সাধারণত বাড়ির সব কাজ শেষ করে বন্ধুদের সঙ্গে ভাত খাও।	তুমি সাধারণত বাড়ির সব কাজ শেষ করে বন্ধুদের সঙ্গে ভাত খাই।
sva_00687	sva	p2_fam	p3_ord		long	pres	তুমি প্রতিদিন দীর্ঘ ক্লান্তিকর পথ চলার শেষে একা একা ভাত খাও।	তুমি প্রতিদিন দীর্ঘ ক্লান্তিকর পথ চলার শেষে একা একা ভাত খায়।
sva_00688	sva	p2_fam	p1		long	pres	তুমি সাধারণত পরীক্ষার প্রস্তুতির ফাঁকে অল্প সময়ের জন্য ভাত খাও।	তুমি সাধারণত পরীক্ষার প্রস্তুতির ফাঁকে অল্প সময়ের জন্য ভাত খাই।
sva_00689	sva	p2_fam	p2_int		long	pres	তুমি প্রায়ই সব রকমের ব্যস্ততার মধ্যেও খুব মন দিয়ে ভাত খাও।	তুমি প্রায়ই সব রকমের ব্যস্ততার মধ্যেও খুব মন দিয়ে ভাত খাস।
sva_00690	sva	p2_hon	p2_int		none	pres	আপনি ভাত খান।	আপনি ভাত খাস।
sva_00691	sva	p2_hon	p1		short	pres	আপনি সাধারণত ভাত খান।	আপনি সাধারণত ভাত খাই।
sva_00692	sva	p2_hon	p2_fam		medium	pres	আপনি প্রায়ই বন্ধুদের সঙ্গে ভাত খান।	আপনি প্রায়ই বন্ধুদের সঙ্গে ভাত খাও।
sva_00693	sva	p2_hon	p3_ord		medium	pres	আপনি সাধারণত খুব মন দিয়ে ভাত খান।	আপনি সাধারণত খুব মন দিয়ে ভাত খায়।
sva_00694	sva	p2_hon	p2_int		medium	pres	আপনি প্রতিদিন একা একা ভাত খান।	আপনি প্রতিদিন একা একা ভাত খাস।
sva_00695	sva	p2_hon	p2_int		medium	pres	আপনি সাধারণত বাড়ির কাজ শেষ করে ভাত খান।	আপনি সাধারণত বাড়ির কাজ শেষ করে ভাত খাস।
sva_00696	sva	p2_hon	p2_int		long	pres	আপনি সাধারণত বাড়ির সব কাজ শেষ করে বন্ধুদের সঙ্গে ভাত খান।	আপনি সাধারণত বাড়ির সব কাজ শেষ করে বন্ধুদের সঙ্গে ভাত খাস।
sva_00697	sva	p2_hon	p1		long	pres	আপনি প্রতিদিন দীর্ঘ ক্লান্তিকর পথ চলার শেষে একা একা ভাত খান।	আপনি প্রতিদিন দীর্ঘ ক্লান্তিকর পথ চলার শেষে একা একা ভাত খাই।
sva_00698	sva	p2_hon	p2_fam		long	pres	আপনি প্রায়ই পরীক্ষার প্রস্তুতির ফাঁকে অল্প সময়ের জন্য ভাত খান।	আপনি প্রায়ই পরীক্ষার প্রস্তুতির ফাঁকে অল্প সময়ের জন্য ভাত খাও।
sva_00699	sva	p2_hon	p2_int		long	pres	আপনি সাধারণত সব রকমের ব্যস্ততার মধ্যেও খুব মন দিয়ে ভাত খান।	আপনি সাধারণত সব রকমের ব্যস্ততার মধ্যেও খুব মন দিয়ে ভাত খাস।
sva_00700	sva	p3_ord	p2_fam		none	pres	সে ভাত খায়।	সে ভাত খাও।
sva_00701	sva	p3_ord	p2_int		short	pres	সে প্রায়ই ভাত খায়।	সে প্রায়ই ভাত খাস।
sva_00702	sva	p3_ord	p2_hon		medium	pres	সে প্রতিদিন বন্ধুদের সঙ্গে ভাত খায়।	সে প্রতিদিন বন্ধুদের সঙ্গে ভাত খান।
sva_00703	sva	p3_ord	p2_int		medium	pres	সে প্রায়ই খুব মন দিয়ে ভাত খায়।	সে প্রায়ই খুব মন দিয়ে ভাত খাস।
sva_00704	sva	p3_ord	p1		medium	pres	সে সাধারণত একা একা ভাত খায়।	সে সাধারণত একা একা ভাত খাই।
sva_00705	sva	p3_ord	p3_hon		medium	pres	সে প্রায়ই বাড়ির কাজ শেষ করে ভাত খায়।	সে প্রায়ই বাড়ির কাজ শেষ করে ভাত খান।
sva_00706	sva	p3_ord	p1		long	pres	সে প্রতিদিন বাড়ির সব কাজ শেষ করে বন্ধুদের সঙ্গে ভাত খায়।	সে প্রতিদিন বাড়ির সব কাজ শেষ করে বন্ধুদের সঙ্গে ভাত খাই।
sva_00707	sva	p3_ord	p2_int		long	pres	সে সাধারণত দীর্ঘ ক্লান্তিকর পথ চলার শেষে একা একা ভাত খায়।	সে সাধারণত দীর্ঘ ক্লান্তিকর পথ চলার শেষে একা একা ভাত খাস।
sva_00708	sva	p3_ord	p2_hon		long	pres	সে প্রায়ই পরীক্ষার প্রস্তুতির ফাঁকে অল্প সময়ের জন্য ভাত খায়।	সে প্রায়ই পরীক্ষার প্রস্তুতির ফাঁকে অল্প সময়ের জন্য ভাত খান।
sva_00709	sva	p3_ord	p1		long	pres	সে সাধারণত সব রকমের ব্যস্ততার মধ্যেও খুব মন দিয়ে ভাত খায়।	সে সাধারণত সব রকমের ব্যস্ততার মধ্যেও খুব মন দিয়ে ভাত খাই।
sva_00710	sva	p3_ord	p2_hon		none	pres	ছেলেটি ভাত খায়।	ছেলেটি ভাত খান।
sva_00711	sva	p3_ord	p2_hon		short	pres	ছেলেটি সাধারণত ভাত খায়।	ছেলেটি সাধারণত ভাত খান।
sva_00712	sva	p3_ord	p1		medium	pres	ছেলেটি প্রতিদিন বন্ধুদের সঙ্গে ভাত খায়।	ছেলেটি প্রতিদিন বন্ধুদের সঙ্গে ভাত খাই।
sva_00713	sva	p3_ord	p2_int		medium	pres	ছেলেটি প্রায়ই খুব মন দিয়ে ভাত খায়।	ছেলেটি প্রায়ই খুব মন দিয়ে ভাত খাস।
sva_00714	sva	p3_ord	p1		medium	pres	ছেলেটি সাধারণত একা একা ভাত খায়।	ছেলেটি সাধারণত একা একা ভাত খাই।
sva_00715	sva	p3_ord	p1		medium	pres	ছেলেটি সাধারণত বাড়ির কাজ শেষ করে ভাত খায়।	ছেলেটি সাধারণত বাড়ির কাজ শেষ করে ভাত খাই।
sva_00716	sva	p3_ord	p2_hon		long	pres	ছেলেটি প্রতিদিন বাড়ির সব কাজ শেষ করে বন্ধুদের সঙ্গে ভাত খায়।	ছেলেটি প্রতিদিন বাড়ির সব কাজ শেষ করে বন্ধুদের সঙ্গে ভাত খান।
sva_00717	sva	p3_ord	p2_int		long	pres	ছেলেটি সাধারণত দীর্ঘ ক্লান্তিকর পথ চলার শেষে একা একা ভাত খায়।	ছেলেটি সাধারণত দীর্ঘ ক্লান্তিকর পথ চলার শেষে একা একা ভাত খাস।
sva_00718	sva	p3_ord	p3_hon		long	pres	ছেলেটি প্রায়ই পরীক্ষার প্রস্তুতির ফাঁকে অল্প সময়ের জন্য ভাত খায়।	ছেলেটি প্রায়ই পরীক্ষার প্রস্তুতির ফাঁকে অল্প সময়ের জন্য ভাত খান।
sva_00719	sva	p3_ord	p2_fam		long	pres	ছেলেটি সাধারণত সব রকমের ব্যস্ততার মধ্যেও খুব মন দিয়ে ভাত খায়।	ছেলেটি সাধারণত সব রকমের ব্যস্ততার মধ্যেও খুব মন দিয়ে ভাত খাও।
sva_00720	sva	p3_ord	p2_int		none	pres	মেয়েটি ভাত খায়।	মেয়েটি ভাত খাস।
sva_00721	sva	p3_ord	p3_hon		short	pres	মেয়েটি প্রায়ই ভাত খায়।	মেয়েটি প্রায়ই ভাত খান।
sva_00722	sva	p3_ord	p2_hon		medium	pres	মেয়েটি প্রতিদিন বন্ধুদের সঙ্গে ভাত খায়।	মেয়েটি প্রতিদিন বন্ধুদের সঙ্গে ভাত খান।
sva_00723	sva	p3_ord	p2_fam		medium	pres	মেয়েটি সাধারণত খুব মন দিয়ে ভাত খায়।	মেয়েটি সাধারণত খুব মন দিয়ে ভাত খাও।
sva_00724	sva	p3_ord	p3_hon		medium	pres	মেয়েটি সাধারণত একা একা ভাত খায়।	মেয়েটি সাধারণত একা একা ভাত খান।
sva_00725	sva	p3_ord	p3_hon		medium	pres	মেয়েটি প্রায়ই বাড়ির কাজ শেষ করে ভাত খায়।	মেয়েটি প্রায়ই বাড়ির কাজ শেষ করে ভাত খান।
sva_00726	sva	p3_ord	p2_fam		long	pres	মেয়েটি প্রায়ই বাড়ির সব কাজ শেষ করে বন্ধুদের সঙ্গে ভাত খায়।	মেয়েটি প্রায়ই বাড়ির সব কাজ শেষ করে বন্ধুদের সঙ্গে ভাত খাও।
sva_00727	sva	p3_ord	p3_hon		long	pres	মেয়েটি সাধারণত দীর্ঘ ক্লান্তিকর পথ চলার শেষে একা একা ভাত খায়।	মেয়েটি সাধারণত দীর্ঘ ক্লান্তিকর পথ চলার শেষে একা একা ভাত খান।
sva_00728	sva	p3_ord	p2_hon		long	pres	মেয়েটি প্রায়ই পরীক্ষার প্রস্তুতির ফাঁকে অল্প সময়ের জন্য ভাত খায়।	মেয়েটি প্রায়ই পরীক্ষার প্রস্তুতির ফাঁকে অল্প সময়ের জন্য ভাত খান।
sva_00729	sva	p3_ord	p2_hon		long	pres	মেয়েটি সাধারণত সব রকমের ব্যস্ততার মধ্যেও খুব মন দিয়ে ভাত খায়।	মেয়েটি সাধারণত সব রকমের ব্যস্ততার মধ্যেও খুব মন দিয়ে ভাত খান।
sva_00730	sva	p3_ord	p3_hon		none	pres	আমার বন্ধু ভাত খায়।	আমার বন্ধু ভাত খান।
sva_00731	sva	p3_ord	p2_hon		short	pres	আমার বন্ধু প্রতিদিন ভাত খায়।	আমার বন্ধু প্রতিদিন ভাত খান।
sva_00732	sva	p3_ord	p2_int		medium	pres	আমার বন্ধু প্রায়ই বন্ধুদের সঙ্গে ভাত খায়।	আমার বন্ধু প্রায়ই বন্ধুদের সঙ্গে ভাত খাস।
sva_00733	sva	p3_ord	p1		medium	pres	আমার বন্ধু সাধারণত খুব মন দিয়ে ভাত খায়।	আমার বন্ধু সাধারণত খুব মন দিয়ে ভাত খাই।
sva_00734	sva	p3_ord	p2_hon		medium	pres	আমার বন্ধু সাধারণত একা একা ভাত খায়।	আমার বন্ধু সাধারণত একা একা ভাত খান।
sva_00735	sva	p3_ord	p1		medium	pres	আমার বন্ধু সাধারণত বাড়ির কাজ শেষ করে ভাত খায়।	আমার বন্ধু সাধারণত বাড়ির কাজ শেষ করে ভাত খাই।
sva_00736	sva	p3_ord	p2_hon		long	pres	আমার বন্ধু প্রায়ই বাড়ির সব কাজ শেষ করে বন্ধুদের সঙ্গে ভাত খায়।	আমার বন্ধু প্রায়ই বাড়ির সব কাজ শেষ করে বন্ধুদের সঙ্গে ভাত খান।
sva_00737	sva	p3_ord	p1		long	pres	আমার বন্ধু প্রতিদিন দীর্ঘ ক্লান্তিকর পথ চলার শেষে একা একা ভাত খায়।	আমার বন্ধু প্রতিদিন দীর্ঘ ক্লান্তিকর পথ চলার শেষে একা একা ভাত খাই।
sva_00738	sva	p3_ord	p2_fam		long	pres	আমার বন্ধু প্রতিদিন পরীক্ষার প্রস্তুতির ফাঁকে অল্প সময়ের জন্য ভাত খায়।	আমার বন্ধু প্রতিদিন পরীক্ষার প্রস্তুতির ফাঁকে অল্প সময়ের জন্য ভাত খাও।
sva_00739	sva	p3_ord	p2_hon		long	pres	আমার বন্ধু প্রতিদিন সব রকমের ব্যস্ততার মধ্যেও খুব মন দিয়ে ভাত খায়।	আমার বন্ধু প্রতিদিন সব রকমের ব্যস্ততার মধ্যেও খুব মন দিয়ে ভাত খান।
sva_00740	sva	p3_ord	p2_hon		none	pres	রহিম ভাত খায়।	রহিম ভাত খান।
sva_00741	sva	p3_ord	p2_fam		short	pres	রহিম সাধারণত ভাত খায়।	রহিম সাধারণত ভাত খাও।
sva_00742	sva	p3_ord	p2_int		medium	pres	রহিম সাধারণত বন্ধুদের সঙ্গে ভাত খায়।	রহিম সাধারণত বন্ধুদের সঙ্গে ভাত খাস।
sva_00743	sva	p3_ord	p2_int		medium	pres	রহিম সাধারণত খুব মন দিয়ে ভাত খায়।	রহিম সাধারণত খুব মন দিয়ে ভাত খাস।
sva_00744	sva	p3_ord	p3_hon		medium	pres	রহিম প্রতিদিন একা একা ভাত খায়।	রহিম প্রতিদিন একা একা ভাত খান।
sva_00745	sva	p3_ord	p2_int		medium	pres	রহিম প্রায়ই বাড়ির কাজ শেষ করে ভাত খায়।	রহিম প্রায়ই বাড়ির কাজ শেষ করে ভাত খাস।
sva_00746	sva	p3_ord	p2_hon		long	pres	রহিম প্রতিদিন বাড়ির সব কাজ শেষ করে বন্ধুদের সঙ্গে ভাত খায়।	রহিম প্রতিদিন বাড়ির সব কাজ শেষ করে বন্ধুদের সঙ্গে ভাত খান।
sva_00747	sva	p3_ord	p3_hon		long	pres	রহিম প্রায়ই দীর্ঘ ক্লান্তিকর পথ চলার শেষে একা একা ভাত খায়।	রহিম প্রায়ই দীর্ঘ ক্লান্তিকর পথ চলার শেষে একা একা ভাত খান।
sva_00748	sva	p3_ord	p3_hon		long	pres	রহিম সাধারণত পরীক্ষার প্রস্তুতির ফাঁকে অল্প সময়ের জন্য ভাত খায়।	রহিম সাধারণত পরীক্ষার প্রস্তুতির ফাঁকে অল্প সময়ের জন্য ভাত খান।
sva_00749	sva	p3_ord	p2_fam		long	pres	রহিম প্রায়ই সব রকমের ব্যস্ততার মধ্যেও খুব মন দিয়ে ভাত খায়।	রহিম প্রায়ই সব রকমের ব্যস্ততার মধ্যেও খুব মন দিয়ে ভাত খাও।
sva_00750	sva	p3_hon	p3_ord		none	pres	তিনি ভাত খান।	তিনি ভাত খায়।
sva_00751	sva	p3_hon	p2_fam		short	pres	তিনি সাধারণত ভাত খান।	তিনি সাধারণত ভাত খাও।
sva_00752	sva	p3_hon	p3_ord		medium	pres	তিনি সাধারণত বন্ধুদের সঙ্গে ভাত খান।	তিনি সাধারণত বন্ধুদের সঙ্গে ভাত খায়।
sva_00753	sva	p3_hon	p1		medium	pres	তিনি প্রতিদিন খুব মন দিয়ে ভাত খান।	তিনি প্রতিদিন খুব মন দিয়ে ভাত খাই।
sva_00754	sva	p3_hon	p1		medium	pres	তিনি প্রায়ই একা একা ভাত খান।	তিনি প্রায়ই একা একা ভাত খাই।
sva_00755	sva	p3_hon	p3_ord		medium	pres	তিনি সাধারণত বাড়ির কাজ শেষ করে ভাত খান।	তিনি সাধারণত বাড়ির কাজ শেষ করে ভাত খায়।
sva_00756	sva	p3_hon	p2_fam		long	pres	তিনি সাধারণত বাড়ির সব কাজ শেষ করে বন্ধুদের সঙ্গে ভাত খান।	তিনি সাধারণত বাড়ির সব কাজ শেষ করে বন্ধুদের সঙ্গে ভাত খাও।
sva_00757	sva	p3_hon	p2_int		long	pres	তিনি সাধারণত দীর্ঘ ক্লান্তিকর পথ চলার শেষে একা একা ভাত খান।	তিনি সাধারণত দীর্ঘ ক্লান্তিকর পথ চলার শেষে একা একা ভাত খাস।
sva_00758	sva	p3_hon	p2_int		long	pres	তিনি প্রতিদিন পরীক্ষার প্রস্তুতির ফাঁকে অল্প সময়ের জন্য ভাত খান।	তিনি প্রতিদিন পরীক্ষার প্রস্তুতির ফাঁকে অল্প সময়ের জন্য ভাত খাস।
sva_00759	sva	p3_hon	p1		long	pres	তিনি প্রতিদিন সব রকমের ব্যস্ততার মধ্যেও খুব মন দিয়ে ভাত খান।	তিনি প্রতিদিন সব রকমের ব্যস্ততার মধ্যেও খুব মন দিয়ে ভাত খাই।
sva_00760	sva	p3_hon	p3_ord		none	pres	উনি ভাত খান।	উনি ভাত খায়।
sva_00761	sva	p3_hon	p2_int		short	pres	উনি সাধারণত ভাত খান।	উনি সাধারণত ভাত খাস।
sva_00762	sva	p3_hon	p3_ord		medium	pres	উনি প্রায়ই বন্ধুদের সঙ্গে ভাত খান।	উনি প্রায়ই বন্ধুদের সঙ্গে ভাত খায়।
sva_00763	sva	p3_hon	p2_int		medium	pres	উনি প্রায়ই খুব মন দিয়ে ভাত খান।	উনি প্রায়ই খুব মন দিয়ে ভাত খাস।
sva_00764	sva	p3_hon	p1		medium	pres	উনি সাধারণত একা একা ভাত খান।	উনি সাধারণত একা একা ভাত খাই।
sva_00765	sva	p3_hon	p3_ord		medium	pres	উনি সাধারণত বাড়ির কাজ শেষ করে ভাত খান।	উনি সাধারণত বাড়ির কাজ শেষ করে ভাত খায়।
sva_00766	sva	p3_hon	p1		long	pres	উনি প্রায়ই বাড়ির সব কাজ শেষ করে বন্ধুদের সঙ্গে ভাত খান।	উনি প্রায়ই বাড়ির সব কাজ শেষ করে বন্ধুদের সঙ্গে ভাত খাই।
sva_00767	sva	p3_hon	p2_int		long	pres	উনি প্রায়ই দীর্ঘ ক্লান্তিকর পথ চলার শেষে একা একা ভাত খান।	উনি প্রায়ই দীর্ঘ ক্লান্তিকর পথ চলার শেষে একা একা ভাত খাস।
sva_00768	sva	p3_hon	p2_int		long	pres	উনি প্রতিদিন পরীক্ষার প্রস্তুতির ফাঁকে অল্প সময়ের জন্য ভাত খান।	উনি প্রতিদিন পরীক্ষার প্রস্তুতির ফাঁকে অল্প সময়ের জন্য ভাত খাস।
sva_00769	sva	p3_hon	p1		long	pres	উনি প্রতিদিন সব রকমের ব্যস্ততার মধ্যেও খুব মন দিয়ে ভাত খান।	উনি প্রতিদিন সব রকমের ব্যস্ততার মধ্যেও খুব মন দিয়ে ভাত খাই।
sva_00770	sva	p1	p2_fam		none	past	আমি ভাত খেলাম।	আমি ভাত খেলে।
sva_00771	sva	p1	p2_int		short	past	আমি কাল সন্ধ্যায় ভাত খেলাম।	আমি কাল সন্ধ্যায় ভাত খেলি।
sva_00772	sva	p1	p3_hon		medium	past	আমি গত সপ্তাহে বন্ধুদের সঙ্গে ভাত খেলাম।	আমি গত সপ্তাহে বন্ধুদের সঙ্গে ভাত খেলেন।
sva_00773	sva	p1	p2_fam		medium	past	আমি গতকাল খুব মন দিয়ে ভাত খেলাম।	আমি গতকাল খুব মন দিয়ে ভাত খেলে।
sva_00774	sva	p1	p3_ord		medium	past	আমি কাল সন্ধ্যায় একা একা ভাত খেলাম।	আমি কাল সন্ধ্যায় একা একা ভাত খেলো।
sva_00775	sva	p1	p2_fam		medium	past	আমি গতকাল বাড়ির কাজ শেষ করে ভাত খেলাম।	আমি গতকাল বাড়ির কাজ শেষ করে ভাত খেলে।
sva_00776	sva	p1	p2_fam		long	past	আমি গত সপ্তাহে বাড়ির সব কাজ শেষ করে বন্ধুদের সঙ্গে ভাত খেলাম।	আমি গত সপ্তাহে বাড়ির সব কাজ শেষ করে বন্ধুদের সঙ্গে ভাত খেলে।
sva_00777	sva	p1	p3_ord		long	past	আমি গত সপ্তাহে দীর্ঘ ক্লান্তিকর পথ চলার শেষে একা একা ভাত খেলাম।	আমি গত সপ্তাহে দীর্ঘ ক্লান্তিকর পথ চলার শেষে একা একা ভাত খেলো।
sva_00778	sva	p1	p3_ord		long	past	আমি গত সপ্তাহে পরীক্ষার প্রস্তুতির ফাঁকে অল্প সময়ের জন্য ভাত খেলাম।	আমি গত সপ্তাহে পরীক্ষার প্রস্তুতির ফাঁকে অল্প সময়ের জন্য ভাত খেলো।
sva_00779	sva	p1	p2_hon		long	past	আমি গত সপ্তাহে সব রকমের ব্যস্ততার মধ্যেও খুব মন দিয়ে ভাত খেলাম।	আমি গত সপ্তাহে সব রকমের ব্যস্ততার মধ্যেও খুব মন দিয়ে ভাত খেলেন।
sva_00780	sva	p2_int	p2_fam		none	past	তুই ভাত খেলি।	তুই ভাত খেলে।
sva_00781	sva	p2_int	p2_fam		short	past	তুই কাল সন্ধ্যায় ভাত খেলি।	তুই কাল সন্ধ্যায় ভাত খেলে।
sva_00782	sva	p2_int	p3_hon		medium	past	তুই কাল সন্ধ্যায় বন্ধুদের সঙ্গে ভাত খেলি।	তুই কাল সন্ধ্যায় বন্ধুদের সঙ্গে ভাত খেলেন।
sva_00783	sva	p2_int	p1		medium	past	তুই কাল সন্ধ্যায় খুব মন দিয়ে ভাত খেলি।	তুই কাল সন্ধ্যায় খুব মন দিয়ে ভাত খেলাম।
sva_00784	sva	p2_int	p2_fam		medium	past	তুই গতকাল একা একা ভাত খেলি।	তুই গতকাল একা একা ভাত খেলে।
sva_00785	sva	p2_int	p2_hon		medium	past	তুই কাল সন্ধ্যায় বাড়ির কাজ শেষ করে ভাত খেলি।	তুই কাল সন্ধ্যায় বাড়ির কাজ শেষ করে ভাত খেলেন।
sva_00786	sva	p2_int	p3_hon		long	past	তুই গতকাল বাড়ির সব কাজ শেষ করে বন্ধুদের সঙ্গে ভাত খেলি।	তুই গতকাল বাড়ির সব কাজ শেষ করে বন্ধুদের সঙ্গে ভাত খেলেন।
sva_00787	sva	p2_int	p2_hon		long	past	তুই কাল সন্ধ্যায় দীর্ঘ ক্লান্তিকর পথ চলার শেষে একা একা ভাত খেলি।	তুই কাল সন্ধ্যায় দীর্ঘ ক্লান্তিকর পথ চলার শেষে একা একা ভাত খেলেন।
sva_00788	sva	p2_int	p2_fam		long	past	তুই গতকাল পরীক্ষার প্রস্তুতির ফাঁকে অল্প সময়ের জন্য ভাত খেলি।	তুই গতকাল পরীক্ষার প্রস্তুতির ফাঁকে অল্প সময়ের জন্য ভাত খেলে।
sva_00789	sva	p2_int	p2_fam		long	past	তুই কাল সন্ধ্যায় সব রকমের ব্যস্ততার মধ্যেও খুব মন দিয়ে ভাত খেলি।	তুই কাল সন্ধ্যায় সব রকমের ব্যস্ততার মধ্যেও খুব মন দিয়ে ভাত খেলে।
sva_00790	sva	p2_fam	p1		none	past	তুমি ভাত খেলে।	তুমি ভাত খেলাম।
sva_00791	sva	p2_fam	p2_int		short	past	তুমি কাল সন্ধ্যায় ভাত খেলে।	তুমি কাল সন্ধ্যায় ভাত খেলি।
sva_00792	sva	p2_fam	p2_int		medium	past	তুমি কাল সন্ধ্যায় বন্ধুদের সঙ্গে ভাত খেলে।	তুমি কাল সন্ধ্যায় বন্ধুদের সঙ্গে ভাত খেলি।
sva_00793	sva	p2_fam	p3_hon		medium	past	তুমি কাল সন্ধ্যায় খুব মন দিয়ে ভাত খেলে।	তুমি কাল সন্ধ্যায় খুব মন দিয়ে ভাত খেলেন।
sva_00794	sva	p2_fam	p3_ord		medium	past	তুমি কাল সন্ধ্যায় একা একা ভাত খেলে।	তুমি কাল সন্ধ্যায় একা একা ভাত খেলো।
sva_00795	sva	p2_fam	p1		medium	past	তুমি গতকাল বাড়ির কাজ শেষ করে ভাত খেলে।	তুমি গতকাল বাড়ির কাজ শেষ করে ভাত খেলাম।
sva_00796	sva	p2_fam	p2_int		long	past	তুমি গতকাল বাড়ির সব কাজ শেষ করে বন্ধুদের সঙ্গে ভাত খেলে।	তুমি গতকাল বাড়ির সব কাজ শেষ করে বন্ধুদের সঙ্গে ভাত খেলি।
sva_00797	sva	p2_fam	p3_hon		long	past	তুমি গতকাল দীর্ঘ ক্লান্তিকর পথ চলার শেষে একা একা ভাত খেলে।	তুমি গতকাল দীর্ঘ ক্লান্তিকর পথ চলার শেষে একা একা ভাত খেলেন।
sva_00798	sva	p2_fam	p3_hon		long	past	তুমি গতকাল পরীক্ষার প্রস্তুতির ফাঁকে অল্প সময়ের জন্য ভাত খেলে।	তুমি গতকাল পরীক্ষার প্রস্তুতির ফাঁকে অল্প সময়ের জন্য ভাত খেলেন।
sva_00799	sva	p2_fam	p3_ord		long	past	তুমি কাল সন্ধ্যায় সব রকমের ব্যস্ততার মধ্যেও খুব মন দিয়ে ভাত খেলে।	তুমি কাল সন্ধ্যায় সব রকমের ব্যস্ততার মধ্যেও খুব মন দিয়ে ভাত খেলো।
sva_00800	sva	p2_hon	p3_ord		none	past	আপনি ভাত খেলেন।	আপনি ভাত খেলো।
sva_00801	sva	p2_hon	p2_int		short	past	আপনি গত সপ্তাহে ভাত খেলেন।	আপনি গত সপ্তাহে ভাত খেলি।
sva_00802	sva	p2_hon	p2_int		medium	past	আপনি গত সপ্তাহে বন্ধুদের সঙ্গে ভাত খেলেন।	আপনি গত সপ্তাহে বন্ধুদের সঙ্গে ভাত খেলি।
sva_00803	sva	p2_hon	p1		medium	past	আপনি গতকাল খুব মন দিয়ে ভাত খেলেন।	আপনি গতকাল খুব মন দিয়ে ভাত খেলাম।
sva_00804	sva	p2_hon	p2_int		medium	past	আপনি গত সপ্তাহে একা একা ভাত খেলেন।	আপনি গত সপ্তাহে একা একা ভাত খেলি।
sva_00805	sva	p2_hon	p3_ord		medium	past	আপনি গতকাল বাড়ির কাজ শেষ করে ভাত খেলেন।	আপনি গতকাল বাড়ির কাজ শেষ করে ভাত খেলো।
sva_00806	sva	p2_hon	p2_fam		long	past	আপনি গত সপ্তাহে বাড়ির সব কাজ শেষ করে বন্ধুদের সঙ্গে ভাত খেলেন।	আপনি গত সপ্তাহে বাড়ির সব কাজ শেষ করে বন্ধুদের সঙ্গে ভাত খেলে।
sva_00807	sva	p2_hon	p2_fam		long	past	আপনি কাল সন্ধ্যায় দীর্ঘ ক্লান্তিকর পথ চলার শেষে একা একা ভাত খেলেন।	আপনি কাল সন্ধ্যায় দীর্ঘ ক্লান্তিকর পথ চলার শেষে একা একা ভাত খেলে।
sva_00808	sva	p2_hon	p2_fam		long	past	আপনি গতকাল পরীক্ষার প্রস্তুতির ফাঁকে অল্প সময়ের জন্য ভাত খেলেন।	আপনি গতকাল পরীক্ষার প্রস্তুতির ফাঁকে অল্প সময়ের জন্য ভাত খেলে।
sva_00809	sva	p2_hon	p2_fam		long	past	আপনি কাল সন্ধ্যায় সব রকমের ব্যস্ততার মধ্যেও খুব মন দিয়ে ভাত খেলেন।	আপনি কাল সন্ধ্যায় সব রকমের ব্যস্ততার মধ্যেও খুব মন দিয়ে ভাত খেলে।
sva_00810	sva	p3_ord	p2_hon		none	past	সে ভাত খেলো।	সে ভাত খেলেন।
sva_00811	sva	p3_ord	p1		short	past	সে কাল সন্ধ্যায় ভাত খেলো।	সে কাল সন্ধ্যায় ভাত খেলাম।
sva_00812	sva	p3_ord	p3_hon		medium	past	সে গতকাল বন্ধুদের সঙ্গে ভাত খেলো।	সে গতকাল বন্ধুদের সঙ্গে ভাত খেলেন।
sva_00813	sva	p3_ord	p2_hon		medium	past	সে কাল সন্ধ্যায় খুব মন দিয়ে ভাত খেলো।	সে কাল সন্ধ্যায় খুব মন দিয়ে ভাত খেলেন।
sva_00814	sva	p3_ord	p2_int		medium	past	সে কাল সন্ধ্যায় একা একা ভাত খেলো।	সে কাল সন্ধ্যায় একা একা ভাত খেলি।
sva_00815	sva	p3_ord	p2_int		medium	past	সে কাল সন্ধ্যায় বাড়ির কাজ শেষ করে ভাত খেলো।	সে কাল সন্ধ্যায় বাড়ির কাজ শেষ করে ভাত খেলি।
sva_00816	sva	p3_ord	p3_hon		long	past	সে গতকাল বাড়ির সব কাজ শেষ করে বন্ধুদের সঙ্গে ভাত খেলো।	সে গতকাল বাড়ির সব কাজ শেষ করে বন্ধুদের সঙ্গে ভাত খেলেন।
sva_00817	sva	p3_ord	p3_hon		long	past	সে কাল সন্ধ্যায় দীর্ঘ ক্লান্তিকর পথ চলার শেষে একা একা ভাত খেলো।	সে কাল সন্ধ্যায় দীর্ঘ ক্লান্তিকর পথ চলার শেষে একা একা ভাত খেলেন।
sva_00818	sva	p3_ord	p2_fam		long	past	সে গত সপ্তাহে পরীক্ষার প্রস্তুতির ফাঁকে অল্প সময়ের জন্য ভাত খেলো।	সে গত সপ্তাহে পরীক্ষার প্রস্তুতির ফাঁকে অল্প সময়ের জন্য ভাত খেলে।
sva_00819	sva	p3_ord	p1		long	past	সে কাল সন্ধ্যায় সব রকমের ব্যস্ততার মধ্যেও খুব মন দিয়ে ভাত খেলো।	সে কাল সন্ধ্যায় সব রকমের ব্যস্ততার মধ্যেও খুব মন দিয়ে ভাত খেলাম।
sva_00820	sva	p3_ord	p2_int		none	past	ছেলেটি ভাত খেলো।	ছেলেটি ভাত খেলি।
sva_00821	sva	p3_ord	p2_hon		short	past	ছেলেটি কাল সন্ধ্যায় ভাত খেলো।	ছেলেটি কাল সন্ধ্যায় ভাত খেলেন।
sva_00822	sva	p3_ord	p1		medium	past	ছেলেটি গত সপ্তাহে বন্ধুদের সঙ্গে ভাত খেলো।	ছেলেটি গত সপ্তাহে বন্ধুদের সঙ্গে ভাত খেলাম।
sva_00823	sva	p3_ord	p3_hon		medium	past	ছেলেটি গত সপ্তাহে খুব মন দিয়ে ভাত খেলো।	ছেলেটি গত সপ্তাহে খুব মন দিয়ে ভাত খেলেন।
sva_00824	sva	p3_ord	p3_hon		medium	past	ছেলেটি কাল সন্ধ্যায় একা একা ভাত খেলো।	ছেলেটি কাল সন্ধ্যায় একা একা ভাত খেলেন।
sva_00825	sva	p3_ord	p2_hon		medium	past	ছেলেটি গত সপ্তাহে বাড়ির কাজ শেষ করে ভাত খেলো।	ছেলেটি গত সপ্তাহে বাড়ির কাজ শেষ করে ভাত খেলেন।
sva_00826	sva	p3_ord	p1		long	past	ছেলেটি কাল সন্ধ্যায় বাড়ির সব কাজ শেষ করে বন্ধুদের সঙ্গে ভাত খেলো।	ছেলেটি কাল সন্ধ্যায় বাড়ির সব কাজ শেষ করে বন্ধুদের সঙ্গে ভাত খেলাম।
sva_00827	sva	p3_ord	p1		long	past	ছেলেটি গতকাল দীর্ঘ ক্লান্তিকর পথ চলার শেষে একা একা ভাত খেলো।	ছেলেটি গতকাল দীর্ঘ ক্লান্তিকর পথ চলার শেষে একা একা ভাত খেলাম।
sva_00828	sva	p3_ord	p1		long	past	ছেলেটি গতকাল পরীক্ষার প্রস্তুতির ফাঁকে অল্প সময়ের জন্য ভাত খেলো।	ছেলেটি গতকাল পরীক্ষার প্রস্তুতির ফাঁকে অল্প সময়ের জন্য ভাত খেলাম।
sva_00829	sva	p3_ord	p2_int		long	past	ছেলেটি গত সপ্তাহে সব রকমের ব্যস্ততার মধ্যেও খুব মন দিয়ে ভাত খেলো।	ছেলেটি গত সপ্তাহে সব রকমের ব্যস্ততার মধ্যেও খুব মন দিয়ে ভাত খেলি।
sva_00830	sva	p3_ord	p2_fam		none	past	মেয়েটি ভাত খেলো।	মেয়েটি ভাত খেলে।
sva_00831	sva	p3_ord	p3_hon		short	past	মেয়েটি কাল সন্ধ্যায় ভাত খেলো।	মেয়েটি কাল সন্ধ্যায় ভাত খেলেন।
sva_00832	sva	p3_ord	p2_fam		medium	past	মেয়েটি গতকাল বন্ধুদের সঙ্গে ভাত খেলো।	মেয়েটি গতকাল বন্ধুদের সঙ্গে ভাত খেলে।
sva_00833	sva	p3_ord	p3_hon		medium	past	মেয়েটি গত সপ্তাহে খুব মন দিয়ে ভাত খেলো।	মেয়েটি গত সপ্তাহে খুব মন দিয়ে ভাত খেলেন।
sva_00834	sva	p3_ord	p2_int		medium	past	মেয়েটি গতকাল একা একা ভাত খেলো।	মেয়েটি গতকাল একা একা ভাত খেলি।
sva_00835	sva	p3_ord	p2_hon		medium	past	মেয়েটি গতকাল বাড়ির কাজ শেষ করে ভাত খেলো।	মেয়েটি গতকাল বাড়ির কাজ শেষ করে ভাত খেলেন।
sva_00836	sva	p3_ord	p2_fam		long	past	মেয়েটি গতকাল বাড়ির সব কাজ শেষ করে বন্ধুদের সঙ্গে ভাত খেলো।	মেয়েটি গতকাল বাড়ির সব কাজ শেষ করে বন্ধুদের সঙ্গে ভাত খেলে।
sva_00837	sva	p3_ord	p1		long	past	মেয়েটি কাল সন্ধ্যায় দীর্ঘ ক্লান্তিকর পথ চলার শেষে একা একা ভাত খেলো।	মেয়েটি কাল সন্ধ্যায় দীর্ঘ ক্লান্তিকর পথ চলার শেষে একা একা ভাত খেলাম।
sva_00838	sva	p3_ord	p3_hon		long	past	মেয়েটি গত সপ্তাহে পরীক্ষার প্রস্তুতির ফাঁকে অল্প সময়ের জন্য ভাত খেলো।	মেয়েটি গত সপ্তাহে পরীক্ষার প্রস্তুতির ফাঁকে অল্প সময়ের জন্য ভাত খেলেন।
sva_00839	sva	p3_ord	p2_int		long	past	মেয়েটি গতকাল সব রকমের ব্যস্ততার মধ্যেও খুব মন দিয়ে ভাত খেলো।	মেয়েটি গতকাল সব রকমের ব্যস্ততার মধ্যেও খুব মন দিয়ে ভাত খেলি।
sva_00840	sva	p3_ord	p1		none	past	আমার বন্ধু ভাত খেলো।	আমার বন্ধু ভাত খেলাম।
sva_00841	sva	p3_ord	p3_hon		short	past	আমার বন্ধু গত সপ্তাহে ভাত খেলো।	আমার বন্ধু গত সপ্তাহে ভাত খেলেন।
sva_00842	sva	p3_ord	p1		medium	past	আমার বন্ধু গত সপ্তাহে বন্ধুদের সঙ্গে ভাত খেলো।	আমার বন্ধু গত সপ্তাহে বন্ধুদের সঙ্গে ভাত খেলাম।
sva_00843	sva	p3_ord	p3_hon		medium	past	আমার বন্ধু গতকাল খুব মন দিয়ে ভাত খেলো।	আমার বন্ধু গতকাল খুব মন দিয়ে ভাত খেলেন।
sva_00844	sva	p3_ord	p2_fam		medium	past	আমার বন্ধু গতকাল একা একা ভাত খেলো।	আমার বন্ধু গতকাল একা একা ভাত খেলে।
sva_00845	sva	p3_ord	p2_int		medium	past	আমার বন্ধু গত সপ্তাহে বাড়ির কাজ শেষ করে ভাত খেলো।	আমার বন্ধু গত সপ্তাহে বাড়ির কাজ শেষ করে ভাত খেলি।
sva_00846	sva	p3_ord	p3_hon		long	past	আমার বন্ধু গতকাল বাড়ির সব কাজ শেষ করে বন্ধুদের সঙ্গে ভাত খেলো।	আমার বন্ধু গতকাল বাড়ির সব কাজ শেষ করে বন্ধুদের সঙ্গে ভাত খেলেন।
sva_00847	sva	p3_ord	p2_fam		long	past	আমার বন্ধু গতকাল দীর্ঘ ক্লান্তিকর পথ চলার শেষে একা একা ভাত খেলো।	আমার বন্ধু গতকাল দীর্ঘ ক্লান্তিকর পথ চলার শেষে একা একা ভাত খেলে।
sva_00848	sva	p3_ord	p1		long	past	আমার বন্ধু কাল সন্ধ্যায় পরীক্ষার প্রস্তুতির ফাঁকে অল্প সময়ের জন্য ভাত খেলো।	আমার বন্ধু কাল সন্ধ্যায় পরীক্ষার প্রস্তুতির ফাঁকে অল্প সময়ের জন্য ভাত খেলাম।
sva_00849	sva	p3_ord	p2_int		long	past	আমার বন্ধু কাল সন্ধ্যায় সব রকমের ব্যস্ততার মধ্যেও খুব মন দিয়ে ভাত খেলো।	আমার বন্ধু কাল সন্ধ্যায় সব রকমের ব্যস্ততার মধ্যেও খুব মন দিয়ে ভাত খেলি।
sva_00850	sva	p3_ord	p1		none	past	রহিম ভাত খেলো।	রহিম ভাত খেলাম।
sva_00851	sva	p3_ord	p3_hon		short	past	রহিম গতকাল ভাত খেলো।	রহিম গতকাল ভাত খেলেন।
sva_00852	sva	p3_ord	p2_hon		medium	past	রহিম কাল সন্ধ্যায় বন্ধুদের সঙ্গে ভাত খেলো।	রহিম কাল সন্ধ্যায় বন্ধুদের সঙ্গে ভাত খেলেন।
sva_00853	sva	p3_ord	p2_int		medium	past	রহিম গত সপ্তাহে খুব মন দিয়ে ভাত খেলো।	রহিম গত সপ্তাহে খুব মন দিয়ে ভাত খেলি।
sva_00854	sva	p3_ord	p1		medium	past	রহিম কাল সন্ধ্যায় একা একা ভাত খেলো।	রহিম কাল সন্ধ্যায় একা একা ভাত খেলাম।
sva_00855	sva	p3_ord	p2_fam		medium	past	রহিম কাল সন্ধ্যায় বাড়ির কাজ শেষ করে ভাত খেলো।	রহিম কাল সন্ধ্যায় বাড়ির কাজ শেষ করে ভাত খেলে।
sva_00856	sva	p3_ord	p3_hon		long	past	রহিম গতকাল বাড়ির সব কাজ শেষ করে বন্ধুদের সঙ্গে ভাত খেলো।	রহিম গতকাল বাড়ির সব কাজ শেষ করে বন্ধুদের সঙ্গে ভাত খেলেন।
sva_00857	sva	p3_ord	p2_fam		long	past	রহিম কাল সন্ধ্যায় দীর্ঘ ক্লান্তিকর পথ চলার শেষে একা একা ভাত খেলো।	রহিম কাল সন্ধ্যায় দীর্ঘ ক্লান্তিকর পথ চলার শেষে একা একা ভাত খেলে।
sva_00858	sva	p3_ord	p1		long	past	রহিম গতকাল পরীক্ষার প্রস্তুতির ফাঁকে অল্প সময়ের জন্য ভাত খেলো।	রহিম গতকাল পরীক্ষার প্রস্তুতির ফাঁকে অল্প সময়ের জন্য ভাত খেলাম।
sva_00859	sva	p3_ord	p2_fam		long	past	রহিম গতকাল সব রকমের ব্যস্ততার মধ্যেও খুব মন দিয়ে ভাত খেলো।	রহিম গতকাল সব রকমের ব্যস্ততার মধ্যেও খুব মন দিয়ে ভাত খেলে।
sva_00860	sva	p3_hon	p2_fam		none	past	তিনি ভাত খেলেন।	তিনি ভাত খেলে।
sva_00861	sva	p3_hon	p2_fam		short	past	তিনি গত সপ্তাহে ভাত খেলেন।	তিনি গত সপ্তাহে ভাত খেলে।
sva_00862	sva	p3_hon	p1		medium	past	তিনি গত সপ্তাহে বন্ধুদের সঙ্গে ভাত খেলেন।	তিনি গত সপ্তাহে বন্ধুদের সঙ্গে ভাত খেলাম।
sva_00863	sva	p3_hon	p3_ord		medium	past	তিনি গত সপ্তাহে খুব মন দিয়ে ভাত খেলেন।	তিনি গত সপ্তাহে খুব মন দিয়ে ভাত খেলো।
sva_00864	sva	p3_hon	p2_fam		medium	past	তিনি গতকাল একা একা ভাত খেলেন।	তিনি গতকাল একা একা ভাত খেলে।
sva_00865	sva	p3_hon	p2_fam		medium	past	তিনি গতকাল বাড়ির কাজ শেষ করে ভাত খেলেন।	তিনি গতকাল বাড়ির কাজ শেষ করে ভাত খেলে।
sva_00866	sva	p3_hon	p2_fam		long	past	তিনি গত সপ্তাহে বাড়ির সব কাজ শেষ করে বন্ধুদের সঙ্গে ভাত খেলেন।	তিনি গত সপ্তাহে বাড়ির সব কাজ শেষ করে বন্ধুদের সঙ্গে ভাত খেলে।
sva_00867	sva	p3_hon	p3_ord		long	past	তিনি গত সপ্তাহে দীর্ঘ ক্লান্তিকর পথ চলার শেষে একা একা ভাত খেলেন।	তিনি গত সপ্তাহে দীর্ঘ ক্লান্তিকর পথ চলার শেষে একা একা ভাত খেলো।
sva_00868	sva	p3_hon	p2_int		long	past	তিনি গত সপ্তাহে পরীক্ষার প্রস্তুতির ফাঁকে অল্প সময়ের জন্য ভাত খেলেন।	তিনি গত সপ্তাহে পরীক্ষার প্রস্তুতির ফাঁকে অল্প সময়ের জন্য ভাত খেলি।
sva_00869	sva	p3_hon	p3_ord		long	past	তিনি গতকাল সব রকমের ব্যস্ততার মধ্যেও খুব মন দিয়ে ভাত খেলেন।	তিনি গতকাল সব রকমের ব্যস্ততার মধ্যেও খুব মন দিয়ে ভাত খেলো।
sva_00870	sva	p3_hon	p3_ord		none	past	উনি ভাত খেলেন।	উনি ভাত খেলো।
sva_00871	sva	p3_hon	p2_int		short	past	উনি গতকাল ভাত খেলেন।	উনি গতকাল ভাত খেলি।
sva_00872	sva	p3_hon	p2_fam		medium	past	উনি গতকাল বন্ধুদের সঙ্গে ভাত খেলেন।	উনি গতকাল বন্ধুদের সঙ্গে ভাত খেলে।
sva_00873	sva	p3_hon	p2_fam		medium	past	উনি গতকাল খুব মন দিয়ে ভাত খেলেন।	উনি গতকাল খুব মন দিয়ে ভাত খেলে।
sva_00874	sva	p3_hon	p2_int		medium	past	উনি গতকাল একা একা ভাত খেলেন।	উনি গতকাল একা একা ভাত খেলি।
sva_00875	sva	p3_hon	p1		medium	past	উনি কাল সন্ধ্যায় বাড়ির কাজ শেষ করে ভাত খেলেন।	উনি কাল সন্ধ্যায় বাড়ির কাজ শেষ করে ভাত খেলাম।
sva_00876	sva	p3_hon	p3_ord		long	past	উনি কাল সন্ধ্যায় বাড়ির সব কাজ শেষ করে বন্ধুদের সঙ্গে ভাত খেলেন।	উনি কাল সন্ধ্যায় বাড়ির সব কাজ শেষ করে বন্ধুদের সঙ্গে ভাত খেলো।
sva_00877	sva	p3_hon	p3_ord		long	past	উনি গতকাল দীর্ঘ ক্লান্তিকর পথ চলার শেষে একা একা ভাত খেলেন।	উনি গতকাল দীর্ঘ ক্লান্তিকর পথ চলার শেষে একা একা ভাত খেলো।
sva_00878	sva	p3_hon	p3_ord		long	past	উনি কাল সন্ধ্যায় পরীক্ষার প্রস্তুতির ফাঁকে অল্প সময়ের জন্য ভাত খেলেন।	উনি কাল সন্ধ্যায় পরীক্ষার প্রস্তুতির ফাঁকে অল্প সময়ের জন্য ভাত খেলো।
sva_00879	sva	p3_hon	p1		long	past	উনি গত সপ্তাহে সব রকমের ব্যস্ততার মধ্যেও খুব মন দিয়ে ভাত খেলেন।	উনি গত সপ্তাহে সব রকমের ব্যস্ততার মধ্যেও খুব মন দিয়ে ভাত খেলাম।
sva_00880	sva	p1	p2_hon		none	fut	আমি ভাত খাব।	আমি ভাত খাবেন।
sva_00881	sva	p1	p3_hon		short	fut	আমি কিছুদিন পরে ভাত খাব।	আমি কিছুদিন পরে ভাত খাবেন।
sva_00882	sva	p1	p3_ord		medium	fut	আমি কিছুদিন পরে বন্ধুদের সঙ্গে ভাত খাব।	আমি কিছুদিন পরে বন্ধুদের সঙ্গে ভাত খাবে।
sva_00883	sva	p1	p3_hon		medium	fut	আমি আগামীকাল খুব মন দিয়ে ভাত খাব।	আমি আগামীকাল খুব মন দিয়ে ভাত খাবেন।
sva_00884	sva	p1	p2_fam		medium	fut	আমি আগামী সপ্তাহে একা একা ভাত খাব।	আমি আগামী সপ্তাহে একা একা ভাত খাবে।
sva_00885	sva	p1	p2_hon		medium	fut	আমি আগামী সপ্তাহে বাড়ির কাজ শেষ করে ভাত খাব।	আমি আগামী সপ্তাহে বাড়ির কাজ শেষ করে ভাত খাবেন।
sva_00886	sva	p1	p3_hon		long	fut	আমি আগামী সপ্তাহে বাড়ির সব কাজ শেষ করে বন্ধুদের সঙ্গে ভাত খাব।	আমি আগামী সপ্তাহে বাড়ির সব কাজ শেষ করে বন্ধুদের সঙ্গে ভাত খাবেন।
sva_00887	sva	p1	p2_hon		long	fut	আমি কিছুদিন পরে দীর্ঘ ক্লান্তিকর পথ চলার শেষে একা একা ভাত খাব।	আমি কিছুদিন পরে দীর্ঘ ক্লান্তিকর পথ চলার শেষে একা একা ভাত খাবেন।
sva_00888	sva	p1	p2_int		long	fut	আমি আগামীকাল পরীক্ষার প্রস্তুতির ফাঁকে অল্প সময়ের জন্য ভাত খাব।	আমি আগামীকাল পরীক্ষার প্রস্তুতির ফাঁকে অল্প সময়ের জন্য ভাত খাবি।
sva_00889	sva	p1	p2_hon		long	fut	আমি আগামী সপ্তাহে সব রকমের ব্যস্ততার মধ্যেও খুব মন দিয়ে ভাত খাব।	আমি আগামী সপ্তাহে সব রকমের ব্যস্ততার মধ্যেও খুব মন দিয়ে ভাত খাবেন।
sva_00890	sva	p2_int	p3_ord		none	fut	তুই ভাত খাবি।	তুই ভাত খাবে।
sva_00891	sva	p2_int	p1		short	fut	তুই আগামীকাল ভাত খাবি।	তুই আগামীকাল ভাত খাব।
sva_00892	sva	p2_int	p3_ord		medium	fut	তুই কিছুদিন পরে বন্ধুদের সঙ্গে ভাত খাবি।	তুই কিছুদিন পরে বন্ধুদের সঙ্গে ভাত খাবে।
sva_00893	sva	p2_int	p3_hon		medium	fut	তুই আগামী সপ্তাহে খুব মন দিয়ে ভাত খাবি।	তুই আগামী সপ্তাহে খুব মন দিয়ে ভাত খাবেন।
sva_00894	sva	p2_int	p1		medium	fut	তুই আগামী সপ্তাহে একা একা ভাত খাবি।	তুই আগামী সপ্তাহে একা একা ভাত খাব।
sva_00895	sva	p2_int	p3_hon		medium	fut	তুই কিছুদিন পরে বাড়ির কাজ শেষ করে ভাত খাবি।	তুই কিছুদিন পরে বাড়ির কাজ শেষ করে ভাত খাবেন।
sva_00896	sva	p2_int	p2_fam		long	fut	তুই কিছুদিন পরে বাড়ির সব কাজ শেষ করে বন্ধুদের সঙ্গে ভাত খাবি।	তুই কিছুদিন পরে বাড়ির সব কাজ শেষ করে বন্ধুদের সঙ্গে ভাত খাবে।
sva_00897	sva	p2_int	p2_hon		long	fut	তুই কিছুদিন পরে দীর্ঘ ক্লান্তিকর পথ চলার শেষে একা একা ভাত খাবি।	তুই কিছুদিন পরে দীর্ঘ ক্লান্তিকর পথ চলার শেষে একা একা ভাত খাবেন।
sva_00898	sva	p2_int	p3_hon		long	fut	তুই আগামীকাল পরীক্ষার প্রস্তুতির ফাঁকে অল্প সময়ের জন্য ভাত খাবি।	তুই আগামীকাল পরীক্ষার প্রস্তুতির ফাঁকে অল্প সময়ের জন্য ভাত খাবেন।
sva_00899	sva	p2_int	p2_hon		long	fut	তুই আগামীকাল সব রকমের ব্যস্ততার মধ্যেও খুব মন দিয়ে ভাত খাবি।	তুই আগামীকাল সব রকমের ব্যস্ততার মধ্যেও খুব মন দিয়ে ভাত খাবেন।
sva_00900	sva	p2_fam	p3_hon		none	fut	তুমি ভাত খাবে।	তুমি ভাত খাবেন।
sva_00901	sva	p2_fam	p1		short	fut	তুমি আগামী সপ্তাহে ভাত খাবে।	তুমি আগামী সপ্তাহে ভাত খাব।
sva_00902	sva	p2_fam	p3_hon		medium	fut	তুমি আগামী সপ্তাহে বন্ধুদের সঙ্গে ভাত খাবে।	তুমি আগামী সপ্তাহে বন্ধুদের সঙ্গে ভাত খাবেন।
sva_00903	sva	p2_fam	p3_hon		medium	fut	তুমি আগামী সপ্তাহে খুব মন দিয়ে ভাত খাবে।	তুমি আগামী সপ্তাহে খুব মন দিয়ে ভাত খাবেন।
sva_00904	sva	p2_fam	p3_hon		medium	fut	তুমি আগামীকাল একা একা ভাত খাবে।	তুমি আগামীকাল একা একা ভাত খাবেন।
sva_00905	sva	p2_fam	p3_hon		medium	fut	তুমি কিছুদিন পরে বাড়ির কাজ শেষ করে ভাত খাবে।	তুমি কিছুদিন পরে বাড়ির কাজ শেষ করে ভাত খাবেন।
sva_00906	sva	p2_fam	p2_hon		long	fut	তুমি আগামী সপ্তাহে বাড়ির সব কাজ শেষ করে বন্ধুদের সঙ্গে ভাত খাবে।	তুমি আগামী সপ্তাহে বাড়ির সব কাজ শেষ করে বন্ধুদের সঙ্গে ভাত খাবেন।
sva_00907	sva	p2_fam	p2_hon		long	fut	তুমি আগামীকাল দীর্ঘ ক্লান্তিকর পথ চলার শেষে একা একা ভাত খাবে।	তুমি আগামীকাল দীর্ঘ ক্লান্তিকর পথ চলার শেষে একা একা ভাত খাবেন।
sva_00908	sva	p2_fam	p2_int		long	fut	তুমি আগামী সপ্তাহে পরীক্ষার প্রস্তুতির ফাঁকে অল্প সময়ের জন্য ভাত খাবে।	তুমি আগামী সপ্তাহে পরীক্ষার প্রস্তুতির ফাঁকে অল্প সময়ের জন্য ভাত খাবি।
sva_00909	sva	p2_fam	p3_hon		long	fut	তুমি আগামীকাল সব রকমের ব্যস্ততার মধ্যেও খুব মন দিয়ে ভাত খাবে।	তুমি আগামীকাল সব রকমের ব্যস্ততার মধ্যেও খুব মন দিয়ে ভাত খাবেন।
sva_00910	sva	p2_hon	p2_fam		none	fut	আপনি ভাত খাবেন।	আপনি ভাত খাবে।
sva_00911	sva	p2_hon	p2_fam		short	fut	আপনি আগামীকাল ভাত খাবেন।	আপনি আগামীকাল ভাত খাবে।
sva_00912	sva	p2_hon	p2_fam		medium	fut	আপনি কিছুদিন পরে বন্ধুদের সঙ্গে ভাত খাবেন।	আপনি কিছুদিন পরে বন্ধুদের সঙ্গে ভাত খাবে।
sva_00913	sva	p2_hon	p2_fam		medium	fut	আপনি কিছুদিন পরে খুব মন দিয়ে ভাত খাবেন।	আপনি কিছুদিন পরে খুব মন দিয়ে ভাত খাবে।
sva_00914	sva	p2_hon	p1		medium	fut	আপনি আগামীকাল একা একা ভাত খাবেন।	আপনি আগামীকাল একা একা ভাত খাব।
sva_00915	sva	p2_hon	p2_int		medium	fut	আপনি আগামীকাল বাড়ির কাজ শেষ করে ভাত খাবেন।	আপনি আগামীকাল বাড়ির কাজ শেষ করে ভাত খাবি।
sva_00916	sva	p2_hon	p1		long	fut	আপনি কিছুদিন পরে বাড়ির সব কাজ শেষ করে বন্ধুদের সঙ্গে ভাত খাবেন।	আপনি কিছুদিন পরে বাড়ির সব কাজ শেষ করে বন্ধুদের সঙ্গে ভাত খাব।
sva_00917	sva	p2_hon	p2_fam		long	fut	আপনি আগামী সপ্তাহে দীর্ঘ ক্লান্তিকর পথ চলার শেষে একা একা ভাত খাবেন।	আপনি আগামী সপ্তাহে দীর্ঘ ক্লান্তিকর পথ চলার শেষে একা একা ভাত খাবে।
sva_00918	sva	p2_hon	p3_ord		long	fut	আপনি আগামী সপ্তাহে পরীক্ষার প্রস্তুতির ফাঁকে অল্প সময়ের জন্য ভাত খাবেন।	আপনি আগামী সপ্তাহে পরীক্ষার প্রস্তুতির ফাঁকে অল্প সময়ের জন্য ভাত খাবে।
sva_00919	sva	p2_hon	p2_fam		long	fut	আপনি আগামীকাল সব রকমের ব্যস্ততার মধ্যেও খুব মন দিয়ে ভাত খাবেন।	আপনি আগামীকাল সব রকমের ব্যস্ততার মধ্যেও খুব মন দিয়ে ভাত খাবে।
sva_00920	sva	p3_ord	p3_hon		none	fut	সে ভাত খাবে।	সে ভাত খাবেন।
sva_00921	sva	p3_ord	p3_hon		short	fut	সে আগামীকাল ভাত খাবে।	সে আগামীকাল ভাত খাবেন।
sva_00922	sva	p3_ord	p3_hon		medium	fut	সে আগামী সপ্তাহে বন্ধুদের সঙ্গে ভাত খাবে।	সে আগামী সপ্তাহে বন্ধুদের সঙ্গে ভাত খাবেন।
sva_00923	sva	p3_ord	p3_hon		medium	fut	সে আগামী সপ্তাহে খুব মন দিয়ে ভাত খাবে।	সে আগামী সপ্তাহে খুব মন দিয়ে ভাত খাবেন।
sva_00924	sva	p3_ord	p3_hon		medium	fut	সে আগামীকাল একা একা ভাত খাবে।	সে আগামীকাল একা একা ভাত খাবেন।
sva_00925	sva	p3_ord	p2_int		medium	fut	সে আগামীকাল বাড়ির কাজ শেষ করে ভাত খাবে।	সে আগামীকাল বাড়ির কাজ শেষ করে ভাত খাবি।
sva_00926	sva	p3_ord	p3_hon		long	fut	সে আগামীকাল বাড়ির সব কাজ শেষ করে বন্ধুদের সঙ্গে ভাত খাবে।	সে আগামীকাল বাড়ির সব কাজ শেষ করে বন্ধুদের সঙ্গে ভাত খাবেন।
sva_00927	sva	p3_ord	p3_hon		long	fut	সে কিছুদিন পরে দীর্ঘ ক্লান্তিকর পথ চলার শেষে একা একা ভাত খাবে।	সে কিছুদিন পরে দীর্ঘ ক্লান্তিকর পথ চলার শেষে একা একা ভাত খাবেন।
sva_00928	sva	p3_ord	p2_hon		long	fut	সে কিছুদিন পরে পরীক্ষার প্রস্তুতির ফাঁকে অল্প সময়ের জন্য ভাত খাবে।	সে কিছুদিন পরে পরীক্ষার প্রস্তুতির ফাঁকে অল্প সময়ের জন্য ভাত খাবেন।
sva_00929	sva	p3_ord	p2_int		long	fut	সে কিছুদিন পরে সব রকমের ব্যস্ততার মধ্যেও খুব মন দিয়ে ভাত খাবে।	সে কিছুদিন পরে সব রকমের ব্যস্ততার মধ্যেও খুব মন দিয়ে ভাত খাবি।
sva_00930	sva	p3_ord	p1		none	fut	ছেলেটি ভাত খাবে।	ছেলেটি ভাত খাব।
sva_00931	sva	p3_ord	p1		short	fut	ছেলেটি কিছুদিন পরে ভাত খাবে।	ছেলেটি কিছুদিন পরে ভাত খাব।
sva_00932	sva	p3_ord	p1		medium	fut	ছেলেটি আগামীকাল বন্ধুদের সঙ্গে ভাত খাবে।	ছেলেটি আগামীকাল বন্ধুদের সঙ্গে ভাত খাব।
sva_00933	sva	p3_ord	p2_int		medium	fut	ছেলেটি আগামী সপ্তাহে খুব মন দিয়ে ভাত খাবে।	ছেলেটি আগামী সপ্তাহে খুব মন দিয়ে ভাত খাবি।
sva_00934	sva	p3_ord	p2_hon		medium	fut	ছেলেটি আগামীকাল একা একা ভাত খাবে।	ছেলেটি আগামীকাল একা একা ভাত খাবেন।
sva_00935	sva	p3_ord	p1		medium	fut	ছেলেটি কিছুদিন পরে বাড়ির কাজ শেষ করে ভাত খাবে।	ছেলেটি কিছুদিন পরে বাড়ির কাজ শেষ করে ভাত খাব।
sva_00936	sva	p3_ord	p2_int		long	fut	ছেলেটি আগামী সপ্তাহে বাড়ির সব কাজ শেষ করে বন্ধুদের সঙ্গে ভাত খাবে।	ছেলেটি আগামী সপ্তাহে বাড়ির সব কাজ শেষ করে বন্ধুদের সঙ্গে ভাত খাবি।
sva_00937	sva	p3_ord	p3_hon		long	fut	ছেলেটি আগামী সপ্তাহে দীর্ঘ ক্লান্তিকর পথ চলার শেষে একা একা ভাত খাবে।	ছেলেটি আগামী সপ্তাহে দীর্ঘ ক্লান্তিকর পথ চলার শেষে একা একা ভাত খাবেন।
sva_00938	sva	p3_ord	p3_hon		long	fut	ছেলেটি আগামী সপ্তাহে পরীক্ষার প্রস্তুতির ফাঁকে অল্প সময়ের জন্য ভাত খাবে।	ছেলেটি আগামী সপ্তাহে পরীক্ষার প্রস্তুতির ফাঁকে অল্প সময়ের জন্য ভাত খাবেন।
sva_00939	sva	p3_ord	p2_int		long	fut	ছেলেটি আগামীকাল সব রকমের ব্যস্ততার মধ্যেও খুব মন দিয়ে ভাত খাবে।	ছেলেটি আগামীকাল সব রকমের ব্যস্ততার মধ্যেও খুব মন দিয়ে ভাত খাবি।
sva_00940	sva	p3_ord	p2_int		none	fut	মেয়েটি ভাত খাবে।	মেয়েটি ভাত খাবি।
sva_00941	sva	p3_ord	p2_hon		short	fut	মেয়েটি কিছুদিন পরে ভাত খাবে।	মেয়েটি কিছুদিন পরে ভাত খাবেন।
sva_00942	sva	p3_ord	p1		medium	fut	মেয়েটি কিছুদিন পরে বন্ধুদের সঙ্গে ভাত খাবে।	মেয়েটি কিছুদিন পরে বন্ধুদের সঙ্গে ভাত খাব।
sva_00943	sva	p3_ord	p2_hon		medium	fut	মেয়েটি আগামীকাল খুব মন দিয়ে ভাত খাবে।	মেয়েটি আগামীকাল খুব মন দিয়ে ভাত খাবেন।
sva_00944	sva	p3_ord	p3_hon		medium	fut	মেয়েটি আগামী সপ্তাহে একা একা ভাত খাবে।	মেয়েটি আগামী সপ্তাহে একা একা ভাত খাবেন।
sva_00945	sva	p3_ord	p2_int		medium	fut	মেয়েটি আগামীকাল বাড়ির কাজ শেষ করে ভাত খাবে।	মেয়েটি আগামীকাল বাড়ির কাজ শেষ করে ভাত খাবি।
sva_00946	sva	p3_ord	p2_int		long	fut	মেয়েটি আগামী সপ্তাহে বাড়ির সব কাজ শেষ করে বন্ধুদের সঙ্গে ভাত খাবে।	মেয়েটি আগামী সপ্তাহে বাড়ির সব কাজ শেষ করে বন্ধুদের সঙ্গে ভাত খাবি।
sva_00947	sva	p3_ord	p2_hon		long	fut	মেয়েটি আগামীকাল দীর্ঘ ক্লান্তিকর পথ চলার শেষে একা একা ভাত খাবে।	মেয়েটি আগামীকাল দীর্ঘ ক্লান্তিকর পথ চলার শেষে একা একা ভাত খাবেন।
sva_00948	sva	p3_ord	p1		long	fut	মেয়েটি আগামী সপ্তাহে পরীক্ষার প্রস্তুতির ফাঁকে অল্প সময়ের জন্য ভাত খাবে।	মেয়েটি আগামী সপ্তাহে পরীক্ষার প্রস্তুতির ফাঁকে অল্প সময়ের জন্য ভাত খাব।
sva_00949	sva	p3_ord	p2_hon		long	fut	মেয়েটি আগামীকাল সব রকমের ব্যস্ততার মধ্যেও খুব মন দিয়ে ভাত খাবে।	মেয়েটি আগামীকাল সব রকমের ব্যস্ততার মধ্যেও খুব মন দিয়ে ভাত খাবেন।
sva_00950	sva	p3_ord	p1		none	fut	আমার বন্ধু ভাত খাবে।	আমার বন্ধু ভাত খাব।
sva_00951	sva	p3_ord	p3_hon		short	fut	আমার বন্ধু আগামী সপ্তাহে ভাত খাবে।	আমার বন্ধু আগামী সপ্তাহে ভাত খাবেন।
sva_00952	sva	p3_ord	p2_int		medium	fut	আমার বন্ধু আগামীকাল বন্ধুদের সঙ্গে ভাত খাবে।	আমার বন্ধু আগামীকাল বন্ধুদের সঙ্গে ভাত খাবি।
sva_00953	sva	p3_ord	p2_int		medium	fut	আমার বন্ধু আগামীকাল খুব মন দিয়ে ভাত খাবে।	আমার বন্ধু আগামীকাল খুব মন দিয়ে ভাত খাবি।
sva_00954	sva	p3_ord	p3_hon		medium	fut	আমার বন্ধু আগামী সপ্তাহে একা একা ভাত খাবে।	আমার বন্ধু আগামী সপ্তাহে একা একা ভাত খাবেন।
sva_00955	sva	p3_ord	p2_hon		medium	fut	আমার বন্ধু কিছুদিন পরে বাড়ির কাজ শেষ করে ভাত খাবে।	আমার বন্ধু কিছুদিন পরে বাড়ির কাজ শেষ করে ভাত খাবেন।
sva_00956	sva	p3_ord	p2_int		long	fut	আমার বন্ধু আগামীকাল বাড়ির সব কাজ শেষ করে বন্ধুদের সঙ্গে ভাত খাবে।	আমার বন্ধু আগামীকাল বাড়ির সব কাজ শেষ করে বন্ধুদের সঙ্গে ভাত খাবি।
sva_00957	sva	p3_ord	p3_hon		long	fut	আমার বন্ধু আগামীকাল দীর্ঘ ক্লান্তিকর পথ চলার শেষে একা একা ভাত খাবে।	আমার বন্ধু আগামীকাল দীর্ঘ ক্লান্তিকর পথ চলার শেষে একা একা ভাত খাবেন।
sva_00958	sva	p3_ord	p1		long	fut	আমার বন্ধু কিছুদিন পরে পরীক্ষার প্রস্তুতির ফাঁকে অল্প সময়ের জন্য ভাত খাবে।	আমার বন্ধু কিছুদিন পরে পরীক্ষার প্রস্তুতির ফাঁকে অল্প সময়ের জন্য ভাত খাব।
sva_00959	sva	p3_ord	p3_hon		long	fut	আমার বন্ধু আগামী সপ্তাহে সব রকমের ব্যস্ততার মধ্যেও খুব মন দিয়ে ভাত খাবে।	আমার বন্ধু আগামী সপ্তাহে সব রকমের ব্যস্ততার মধ্যেও খুব মন দিয়ে ভাত খাবেন।
sva_00960	sva	p3_ord	p3_hon		none	fut	রহিম ভাত খাবে।	রহিম ভাত খাবেন।
sva_00961	sva	p3_ord	p2_hon		short	fut	রহিম আগামীকাল ভাত খাবে।	রহিম আগামীকাল ভাত খাবেন।
sva_00962	sva	p3_ord	p1		medium	fut	রহিম কিছুদিন পরে বন্ধুদের সঙ্গে ভাত খাবে।	রহিম কিছুদিন পরে বন্ধুদের সঙ্গে ভাত খাব।
sva_00963	sva	p3_ord	p3_hon		medium	fut	রহিম কিছুদিন পরে খুব মন দিয়ে ভাত খাবে।	রহিম কিছুদিন পরে খুব মন দিয়ে ভাত খাবেন।
sva_00964	sva	p3_ord	p2_int		medium	fut	রহিম আগামীকাল একা একা ভাত খাবে।	রহিম আগামীকাল একা একা ভাত খাবি।
sva_00965	sva	p3_ord	p3_hon		medium	fut	রহিম কিছুদিন পরে বাড়ির কাজ শেষ করে ভাত খাবে।	রহিম কিছুদিন পরে বাড়ির কাজ শেষ করে ভাত খাবেন।
sva_00966	sva	p3_ord	p3_hon		long	fut	রহিম আগামীকাল বাড়ির সব কাজ শেষ করে বন্ধুদের সঙ্গে ভাত খাবে।	রহিম আগামীকাল বাড়ির সব কাজ শেষ করে বন্ধুদের সঙ্গে ভাত খাবেন।
sva_00967	sva	p3_ord	p1		long	fut	রহিম কিছুদিন পরে দীর্ঘ ক্লান্তিকর পথ চলার শেষে একা একা ভাত খাবে।	রহিম কিছুদিন পরে দীর্ঘ ক্লান্তিকর পথ চলার শেষে একা একা ভাত খাব।
sva_00968	sva	p3_ord	p3_hon		long	fut	রহিম কিছুদিন পরে পরীক্ষার প্রস্তুতির ফাঁকে অল্প সময়ের জন্য ভাত খাবে।	রহিম কিছুদিন পরে পরীক্ষার প্রস্তুতির ফাঁকে অল্প সময়ের জন্য ভাত খাবেন।
sva_00969	sva	p3_ord	p3_hon		long	fut	রহিম আগামীকাল সব রকমের ব্যস্ততার মধ্যেও খুব মন দিয়ে ভাত খাবে।	রহিম আগামীকাল সব রকমের ব্যস্ততার মধ্যেও খুব মন দিয়ে ভাত খাবেন।
sva_00970	sva	p3_hon	p2_int		none	fut	তিনি ভাত খাবেন।	তিনি ভাত খাবি।
sva_00971	sva	p3_hon	p1		short	fut	তিনি কিছুদিন পরে ভাত খাবেন।	তিনি কিছুদিন পরে ভাত খাব।
sva_00972	sva	p3_hon	p2_int		medium	fut	তিনি কিছুদিন পরে বন্ধুদের সঙ্গে ভাত খাবেন।	তিনি কিছুদিন পরে বন্ধুদের সঙ্গে ভাত খাবি।
sva_00973	sva	p3_hon	p2_fam		medium	fut	তিনি আগামীকাল খুব মন দিয়ে ভাত খাবেন।	তিনি আগামীকাল খুব মন দিয়ে ভাত খাবে।
sva_00974	sva	p3_hon	p3_ord		medium	fut	তিনি কিছুদিন পরে একা একা ভাত খাবেন।	তিনি কিছুদিন পরে একা একা ভাত খাবে।
sva_00975	sva	p3_hon	p3_ord		medium	fut	তিনি আগামী সপ্তাহে বাড়ির কাজ শেষ করে ভাত খাবেন।	তিনি আগামী সপ্তাহে বাড়ির কাজ শেষ করে ভাত খাবে।
sva_00976	sva	p3_hon	p3_ord		long	fut	তিনি আগামীকাল বাড়ির সব কাজ শেষ করে বন্ধুদের সঙ্গে ভাত খাবেন।	তিনি আগামীকাল বাড়ির সব কাজ শেষ করে বন্ধুদের সঙ্গে ভাত খাবে।
sva_00977	sva	p3_hon	p1		long	fut	তিনি কিছুদিন পরে দীর্ঘ ক্লান্তিকর পথ চলার শেষে একা একা ভাত খাবেন।	তিনি কিছুদিন পরে দীর্ঘ ক্লান্তিকর পথ চলার শেষে একা একা ভাত খাব।
sva_00978	sva	p3_hon	p2_int		long	fut	তিনি কিছুদিন পরে পরীক্ষার প্রস্তুতির ফাঁকে অল্প সময়ের জন্য ভাত খাবেন।	তিনি কিছুদিন পরে পরীক্ষার প্রস্তুতির ফাঁকে অল্প সময়ের জন্য ভাত খাবি।
sva_00979	sva	p3_hon	p1		long	fut	তিনি আগামীকাল সব রকমের ব্যস্ততার মধ্যেও খুব মন দিয়ে ভাত খাবেন।	তিনি আগামীকাল সব রকমের ব্যস্ততার মধ্যেও খুব মন দিয়ে ভাত খাব।
sva_00980	sva	p3_hon	p2_int		none	fut	উনি ভাত খাবেন।	উনি ভাত খাবি।
sva_00981	sva	p3_hon	p2_fam		short	fut	উনি আগামী সপ্তাহে ভাত খাবেন।	উনি আগামী সপ্তাহে ভাত খাবে।
sva_00982	sva	p3_hon	p2_int		medium	fut	উনি আগামীকাল বন্ধুদের সঙ্গে ভাত খাবেন।	উনি আগামীকাল বন্ধুদের সঙ্গে ভাত খাবি।
sva_00983	sva	p3_hon	p1		medium	fut	উনি কিছুদিন পরে খুব মন দিয়ে ভাত খাবেন।	উনি কিছুদিন পরে খুব মন দিয়ে ভাত খাব।
sva_00984	sva	p3_hon	p2_int		medium	fut	উনি আগামী সপ্তাহে একা একা ভাত খাবেন।	উনি আগামী সপ্তাহে একা একা ভাত খাবি।
sva_00985	sva	p3_hon	p1		medium	fut	উনি আগামী সপ্তাহে বাড়ির কাজ শেষ করে ভাত খাবেন।	উনি আগামী সপ্তাহে বাড়ির কাজ শেষ করে ভাত খাব।
sva_00986	sva	p3_hon	p1		long	fut	উনি আগামীকাল বাড়ির সব কাজ শেষ করে বন্ধুদের সঙ্গে ভাত খাবেন।	উনি আগামীকাল বাড়ির সব কাজ শেষ করে বন্ধুদের সঙ্গে ভাত খাব।
sva_00987	sva	p3_hon	p1		long	fut	উনি আগামীকাল দীর্ঘ ক্লান্তিকর পথ চলার শেষে একা একা ভাত খাবেন।	উনি আগামীকাল দীর্ঘ ক্লান্তিকর পথ চলার শেষে একা একা ভাত খাব।
sva_00988	sva	p3_hon	p1		long	fut	উনি কিছুদিন পরে পরীক্ষার প্রস্তুতির ফাঁকে অল্প সময়ের জন্য ভাত খাবেন।	উনি কিছুদিন পরে পরীক্ষার প্রস্তুতির ফাঁকে অল্প সময়ের জন্য ভাত খাব।
sva_00989	sva	p3_hon	p2_int		long	fut	উনি আগামী সপ্তাহে সব রকমের ব্যস্ততার মধ্যেও খুব মন দিয়ে ভাত খাবেন।	উনি আগামী সপ্তাহে সব রকমের ব্যস্ততার মধ্যেও খুব মন দিয়ে ভাত খাবি।
sva_00990	sva	p1	p2_hon		none	pres	আমি টেলিভিশন দেখি।	আমি টেলিভিশন দেখেন।
sva_00991	sva	p1	p3_ord		short	pres	আমি প্রায়ই টেলিভিশন দেখি।	আমি প্রায়ই টেলিভিশন দেখে।
sva_00992	sva	p1	p3_ord		medium	pres	আমি প্রায়ই বন্ধুদের সঙ্গে টেলিভিশন দেখি।	আমি প্রায়ই বন্ধুদের সঙ্গে টেলিভিশন দেখে।
sva_00993	sva	p1	p3_ord		medium	pres	আমি প্রতিদিন খুব মন দিয়ে টেলিভিশন দেখি।	আমি প্রতিদিন খুব মন দিয়ে টেলিভিশন দেখে।
sva_00994	sva	p1	p3_ord		medium	pres	আমি সাধারণত একা একা টেলিভিশন দেখি।	আমি সাধারণত একা একা টেলিভিশন দেখে।
sva_00995	sva	p1	p2_int		medium	pres	আমি প্রতিদিন বাড়ির কাজ শেষ করে টেলিভিশন দেখি।	আমি প্রতিদিন বাড়ির কাজ শেষ করে টেলিভিশন দেখিস।
sva_00996	sva	p1	p3_ord		long	pres	আমি প্রায়ই বাড়ির সব কাজ শেষ করে বন্ধুদের সঙ্গে টেলিভিশন দেখি।	আমি প্রায়ই বাড়ির সব কাজ শেষ করে বন্ধুদের সঙ্গে টেলিভিশন দেখে।
sva_00997	sva	p1	p2_int		long	pres	আমি প্রায়ই দীর্ঘ ক্লান্তিকর পথ চলার শেষে একা একা টেলিভিশন দেখি।	আমি প্রায়ই দীর্ঘ ক্লান্তিকর পথ চলার শেষে একা একা টেলিভিশন দেখিস।
sva_00998	sva	p1	p2_hon		long	pres	আমি প্রতিদিন পরীক্ষার প্রস্তুতির ফাঁকে অল্প সময়ের জন্য টেলিভিশন দেখি।	আমি প্রতিদিন পরীক্ষার প্রস্তুতির ফাঁকে অল্প সময়ের জন্য টেলিভিশন দেখেন।
sva_00999	sva	p1	p2_fam		long	pres	আমি সাধারণত সব রকমের ব্যস্ততার মধ্যেও খুব মন দিয়ে টেলিভিশন দেখি।	আমি সাধারণত সব রকমের ব্যস্ততার মধ্যেও খুব মন দিয়ে টেলিভিশন দেখো।
sva_01000	sva	p2_int	p3_ord		none	pres	তুই টেলিভিশন দেখিস।	তুই টেলিভিশন দেখে।
sva_01001	sva	p2_int	p2_hon		short	pres	তুই সাধারণত টেলিভিশন দেখিস।	তুই সাধারণত টেলিভিশন দেখেন।
sva_01002	sva	p2_int	p2_hon		medium	pres	তুই প্রায়ই বন্ধুদের সঙ্গে টেলিভিশন দেখিস।	তুই প্রায়ই বন্ধুদের সঙ্গে টেলিভিশন দেখেন।
sva_01003	sva	p2_int	p3_ord		medium	pres	তুই সাধারণত খুব মন দিয়ে টেলিভিশন দেখিস।	তুই সাধারণত খুব মন দিয়ে টেলিভিশন দেখে।
sva_01004	sva	p2_int	p1		medium	pres	তুই প্রতিদিন একা একা টেলিভিশন দেখিস।	তুই প্রতিদিন একা একা টেলিভিশন দেখি।
sva_01005	sva	p2_int	p1		medium	pres	তুই সাধারণত বাড়ির কাজ শেষ করে টেলিভিশন দেখিস।	তুই সাধারণত বাড়ির কাজ শেষ করে টেলিভিশন দেখি।
sva_01006	sva	p2_int	p2_hon		long	pres	তুই প্রায়ই বাড়ির সব কাজ শেষ করে বন্ধুদের সঙ্গে টেলিভিশন দেখিস।	তুই প্রায়ই বাড়ির সব কাজ শেষ করে বন্ধুদের সঙ্গে টেলিভিশন দেখেন।
sva_01007	sva	p2_int	p3_hon		long	pres	তুই প্রায়ই দীর্ঘ ক্লান্তিকর পথ চলার শেষে একা একা টেলিভিশন দেখিস।	তুই প্রায়ই দীর্ঘ ক্লান্তিকর পথ চলার শেষে একা একা টেলিভিশন দেখেন।
sva_01008	sva	p2_int	p2_hon		long	pres	তুই প্রায়ই পরীক্ষার প্রস্তুতির ফাঁকে অল্প সময়ের জন্য টেলিভিশন দেখিস।	তুই প্রায়ই পরীক্ষার প্রস্তুতির ফাঁকে অল্প সময়ের জন্য টেলিভিশন দেখেন।
sva_01009	sva	p2_int	p3_hon		long	pres	তুই প্রায়ই সব রকমের ব্যস্ততার মধ্যেও খুব মন দিয়ে টেলিভিশন দেখিস।	তুই প্রায়ই সব রকমের ব্যস্ততার মধ্যেও খুব মন দিয়ে টেলিভিশন দেখেন।
sva_01010	sva	p2_fam	p3_hon		none	pres	তুমি টেলিভিশন দেখো।	তুমি টেলিভিশন দেখেন।
sva_01011	sva	p2_fam	p3_hon		short	pres	তুমি প্রায়ই টেলিভিশন দেখো।	তুমি প্রায়ই টেলিভিশন দেখেন।
sva_01012	sva	p2_fam	p3_hon		medium	pres	তুমি প্রতিদিন বন্ধুদের সঙ্গে টেলিভিশন দেখো।	তুমি প্রতিদিন বন্ধুদের সঙ্গে টেলিভিশন দেখেন।
sva_01013	sva	p2_fam	p2_int		medium	pres	তুমি সাধারণত খুব মন দিয়ে টেলিভিশন দেখো।	তুমি সাধারণত খুব মন দিয়ে টেলিভিশন দেখিস।
sva_01014	sva	p2_fam	p1		medium	pres	তুমি সাধারণত একা একা টেলিভিশন দেখো।	তুমি সাধারণত একা একা টেলিভিশন দেখি।
sva_01015	sva	p2_fam	p1		medium	pres	তুমি প্রায়ই বাড়ির কাজ শেষ করে টেলিভিশন দেখো।	তুমি প্রায়ই বাড়ির কাজ শেষ করে টেলিভিশন দেখি।
sva_01016	sva	p2_fam	p1		long	pres	তুমি প্রতিদিন বাড়ির সব কাজ শেষ করে বন্ধুদের সঙ্গে টেলিভিশন দেখো।	তুমি প্রতিদিন বাড়ির সব কাজ শেষ করে বন্ধুদের সঙ্গে টেলিভিশন দেখি।
sva_01017	sva	p2_fam	p3_ord		long	pres	তুমি প্রায়ই দীর্ঘ ক্লান্তিকর পথ চলার শেষে একা একা টেলিভিশন দেখো।	তুমি প্রায়ই দীর্ঘ ক্লান্তিকর পথ চলার শেষে একা একা টেলিভিশন দেখে।
sva_01018	sva	p2_fam	p3_ord		long	pres	তুমি প্রায়ই পরীক্ষার প্রস্তুতির ফাঁকে অল্প সময়ের জন্য টেলিভিশন দেখো।	তুমি প্রায়ই পরীক্ষার প্রস্তুতির ফাঁকে অল্প সময়ের জন্য টেলিভিশন দেখে।
sva_01019	sva	p2_fam	p3_hon		long	pres	তুমি প্রায়ই সব রকমের ব্যস্ততার মধ্যেও খুব মন দিয়ে টেলিভিশন দেখো।	তুমি প্রায়ই সব রকমের ব্যস্ততার মধ্যেও খুব মন দিয়ে টেলিভিশন দেখেন।
sva_01020	sva	p2_hon	p3_ord		none	pres	আপনি টেলিভিশন দেখেন।	আপনি টেলিভিশন দেখে।
sva_01021	sva	p2_hon	p2_fam		short	pres	আপনি প্রতিদিন টেলিভিশন দেখেন।	আপনি প্রতিদিন টেলিভিশন দেখো।
sva_01022	sva	p2_hon	p3_ord		medium	pres	আপনি প্রতিদিন বন্ধুদের সঙ্গে টেলিভিশন দেখেন।	আপনি প্রতিদিন বন্ধুদের সঙ্গে টেলিভিশন দেখে।
sva_01023	sva	p2_hon	p1		medium	pres	আপনি প্রতিদিন খুব মন দিয়ে টেলিভিশন দেখেন।	আপনি প্রতিদিন খুব মন দিয়ে টেলিভিশন দেখি।
sva_01024	sva	p2_hon	p3_ord		medium	pres	আপনি প্রতিদিন একা একা টেলিভিশন দেখেন।	আপনি প্রতিদিন একা একা টেলিভিশন দেখে।
sva_01025	sva	p2_hon	p2_int		medium	pres	আপনি প্রতিদিন বাড়ির কাজ শেষ করে টেলিভিশন দেখেন।	আপনি প্রতিদিন বাড়ির কাজ শেষ করে টেলিভিশন দেখিস।
sva_01026	sva	p2_hon	p2_int		long	pres	আপনি সাধারণত বাড়ির সব কাজ শেষ করে বন্ধুদের সঙ্গে টেলিভিশন দেখেন।	আপনি সাধারণত বাড়ির সব কাজ শেষ করে বন্ধুদের সঙ্গে টেলিভিশন দেখিস।
sva_01027	sva	p2_hon	p3_ord		long	pres	আপনি প্রতিদিন দীর্ঘ ক্লান্তিকর পথ চলার শেষে একা একা টেলিভিশন দেখেন।	আপনি প্রতিদিন দীর্ঘ ক্লান্তিকর পথ চলার শেষে একা একা টেলিভিশন দেখে।
sva_01028	sva	p2_hon	p1		long	pres	আপনি প্রায়ই পরীক্ষার প্রস্তুতির ফাঁকে অল্প সময়ের জন্য টেলিভিশন দেখেন।	আপনি প্রায়ই পরীক্ষার প্রস্তুতির ফাঁকে অল্প সময়ের জন্য টেলিভিশন দেখি।
sva_01029	sva	p2_hon	p3_ord		long	pres	আপনি প্রায়ই সব রকমের ব্যস্ততার মধ্যেও খুব মন দিয়ে টেলিভিশন দেখেন।	আপনি প্রায়ই সব রকমের ব্যস্ততার মধ্যেও খুব মন দিয়ে টেলিভিশন দেখে।
sva_01030	sva	p3_ord	p1		none	pres	সে টেলিভিশন দেখে।	সে টেলিভিশন দেখি।
sva_01031	sva	p3_ord	p2_fam		short	pres	সে প্রতিদিন টেলিভিশন দেখে।	সে প্রতিদিন টেলিভিশন দেখো।
sva_01032	sva	p3_ord	p3_hon		medium	pres	সে সাধারণত বন্ধুদের সঙ্গে টেলিভিশন দেখে।	সে সাধারণত বন্ধুদের সঙ্গে টেলিভিশন দেখেন।
sva_01033	sva	p3_ord	p3_hon		medium	pres	সে সাধারণত খুব মন দিয়ে টেলিভিশন দেখে।	সে সাধারণত খুব মন দিয়ে টেলিভিশন দেখেন।
sva_01034	sva	p3_ord	p2_int		medium	pres	সে সাধারণত একা একা টেলিভিশন দেখে।	সে সাধারণত একা একা টেলিভিশন দেখিস।
sva_01035	sva	p3_ord	p2_hon		medium	pres	সে প্রায়ই বাড়ির কাজ শেষ করে টেলিভিশন দেখে।	সে প্রায়ই বাড়ির কাজ শেষ করে টেলিভিশন দেখেন।
sva_01036	sva	p3_ord	p3_hon		long	pres	সে প্রতিদিন বাড়ির সব কাজ শেষ করে বন্ধুদের সঙ্গে টেলিভিশন দেখে।	সে প্রতিদিন বাড়ির সব কাজ শেষ করে বন্ধুদের সঙ্গে টেলিভিশন দেখেন।
sva_01037	sva	p3_ord	p2_hon		long	pres	সে প্রতিদিন দীর্ঘ ক্লান্তিকর পথ চলার শেষে একা একা টেলিভিশন দেখে।	সে প্রতিদিন দীর্ঘ ক্লান্তিকর পথ চলার শেষে একা একা টেলিভিশন দেখেন।
sva_01038	sva	p3_ord	p2_int		long	pres	সে সাধারণত পরীক্ষার প্রস্তুতির ফাঁকে অল্প সময়ের জন্য টেলিভিশন দেখে।	সে সাধারণত পরীক্ষার প্রস্তুতির ফাঁকে অল্প সময়ের জন্য টেলিভিশন দেখিস।
sva_01039	sva	p3_ord	p2_fam		long	pres	সে সাধারণত সব রকমের ব্যস্ততার মধ্যেও খুব মন দিয়ে টেলিভিশন দেখে।	সে সাধারণত সব রকমের ব্যস্ততার মধ্যেও খুব মন দিয়ে টেলিভিশন দেখো।
sva_01040	sva	p3_ord	p1		none	pres	ছেলেটি টেলিভিশন দেখে।	ছেলেটি টেলিভিশন দেখি।
sva_01041	sva	p3_ord	p3_hon		short	pres	ছেলেটি প্রায়ই টেলিভিশন দেখে।	ছেলেটি প্রায়ই টেলিভিশন দেখেন।
sva_01042	sva	p3_ord	p2_fam		medium	pres	ছেলেটি প্রতিদিন বন্ধুদের সঙ্গে টেলিভিশন দেখে।	ছেলেটি প্রতিদিন বন্ধুদের সঙ্গে টেলিভিশন দেখো।
sva_01043	sva	p3_ord	p2_hon		medium	pres	ছেলেটি প্রায়ই খুব মন দিয়ে টেলিভিশন দেখে।	ছেলেটি প্রায়ই খুব মন দিয়ে টেলিভিশন দেখেন।
sva_01044	sva	p3_ord	p1		medium	pres	ছেলেটি সাধারণত একা একা টেলিভিশন দেখে।	ছেলেটি সাধারণত একা একা টেলিভিশন দেখি।
sva_01045	sva	p3_ord	p2_hon		medium	pres	ছেলেটি প্রায়ই বাড়ির কাজ শেষ করে টেলিভিশন দেখে।	ছেলেটি প্রায়ই বাড়ির কাজ শেষ করে টেলিভিশন দেখেন।
sva_01046	sva	p3_ord	p2_hon		long	pres	ছেলেটি প্রতিদিন বাড়ির সব কাজ শেষ করে বন্ধুদের সঙ্গে টেলিভিশন দেখে।	ছেলেটি প্রতিদিন বাড়ির সব কাজ শেষ করে বন্ধুদের সঙ্গে টেলিভিশন দেখেন।
sva_01047	sva	p3_ord	p2_hon		long	pres	ছেলেটি প্রতিদিন দীর্ঘ ক্লান্তিকর পথ চলার শেষে একা একা টেলিভিশন দেখে।	ছেলেটি প্রতিদিন দীর্ঘ ক্লান্তিকর পথ চলার শেষে একা একা টেলিভিশন দেখেন।
sva_01048	sva	p3_ord	p1		long	pres	ছেলেটি সাধারণত পরীক্ষার প্রস্তুতির ফাঁকে অল্প সময়ের জন্য টেলিভিশন দেখে।	ছেলেটি সাধারণত পরীক্ষার প্রস্তুতির ফাঁকে অল্প সময়ের জন্য টেলিভিশন দেখি।
sva_01049	sva	p3_ord	p2_int		long	pres	ছেলেটি প্রায়ই সব রকমের ব্যস্ততার মধ্যেও খুব মন দিয়ে টেলিভিশন দেখে।	ছেলেটি প্রায়ই সব রকমের ব্যস্ততার মধ্যেও খুব মন দিয়ে টেলিভিশন দেখিস।
sva_01050	sva	p3_ord	p2_int		none	pres	মেয়েটি টেলিভিশন দেখে।	মেয়েটি টেলিভিশন দেখিস।
sva_01051	sva	p3_ord	p3_hon		short	pres	মেয়েটি প্রতিদিন টেলিভিশন দেখে।	মেয়েটি প্রতিদিন টেলিভিশন দেখেন।
sva_01052	sva	p3_ord	p2_hon		medium	pres	মেয়েটি প্রায়ই বন্ধুদের সঙ্গে টেলিভিশন দেখে।	মেয়েটি প্রায়ই বন্ধুদের সঙ্গে টেলিভিশন দেখেন।
sva_01053	sva	p3_ord	p2_int		medium	pres	মেয়েটি প্রতিদিন খুব মন দিয়ে টেলিভিশন দেখে।	মেয়েটি প্রতিদিন খুব মন দিয়ে টেলিভিশন দেখিস।
sva_01054	sva	p3_ord	p2_int		medium	pres	মেয়েটি প্রতিদিন একা একা টেলিভিশন দেখে।	মেয়েটি প্রতিদিন একা একা টেলিভিশন দেখিস।
sva_01055	sva	p3_ord	p2_fam		medium	pres	মেয়েটি প্রতিদিন বাড়ির কাজ শেষ করে টেলিভিশন দেখে।	মেয়েটি প্রতিদিন বাড়ির কাজ শেষ করে টেলিভিশন দেখো।
sva_01056	sva	p3_ord	p2_fam		long	pres	মেয়েটি সাধারণত বাড়ির সব কাজ শেষ করে বন্ধুদের সঙ্গে টেলিভিশন দেখে।	মেয়েটি সাধারণত বাড়ির সব কাজ শেষ করে বন্ধুদের সঙ্গে টেলিভিশন দেখো।
sva_01057	sva	p3_ord	p2_fam		long	pres	মেয়েটি প্রায়ই দীর্ঘ ক্লান্তিকর পথ চলার শেষে একা একা টেলিভিশন দেখে।	মেয়েটি প্রায়ই দীর্ঘ ক্লান্তিকর পথ চলার শেষে একা একা টেলিভিশন দেখো।
sva_01058	sva	p3_ord	p3_hon		long	pres	মেয়েটি প্রতিদিন পরীক্ষার প্রস্তুতির ফাঁকে অল্প সময়ের জন্য টেলিভিশন দেখে।	মেয়েটি প্রতিদিন পরীক্ষার প্রস্তুতির ফাঁকে অল্প সময়ের জন্য টেলিভিশন দেখেন।
sva_01059	sva	p3_ord	p2_int		long	pres	মেয়েটি প্রতিদিন সব রকমের ব্যস্ততার মধ্যেও খুব মন দিয়ে টেলিভিশন দেখে।	মেয়েটি প্রতিদিন সব রকমের ব্যস্ততার মধ্যেও খুব মন দিয়ে টেলিভিশন দেখিস।
sva_01060	sva	p3_ord	p3_hon		none	pres	আমার বন্ধু টেলিভিশন দেখে।	আমার বন্ধু টেলিভিশন দেখেন।
sva_01061	sva	p3_ord	p2_int		short	pres	আমার বন্ধু সাধারণত টেলিভিশন দেখে।	আমার বন্ধু সাধারণত টেলিভিশন দেখিস।
sva_01062	sva	p3_ord	p2_fam		medium	pres	আমার বন্ধু সাধারণত বন্ধুদের সঙ্গে টেলিভিশন দেখে।	আমার বন্ধু সাধারণত বন্ধুদের সঙ্গে টেলিভিশন দেখো।
sva_01063	sva	p3_ord	p2_int		medium	pres	আমার বন্ধু প্রতিদিন খুব মন দিয়ে টেলিভিশন দেখে।	আমার বন্ধু প্রতিদিন খুব মন দিয়ে টেলিভিশন দেখিস।
sva_01064	sva	p3_ord	p2_fam		medium	pres	আমার বন্ধু সাধারণত একা একা টেলিভিশন দেখে।	আমার বন্ধু সাধারণত একা একা টেলিভিশন দেখো।
sva_01065	sva	p3_ord	p2_hon		medium	pres	আমার বন্ধু সাধারণত বাড়ির কাজ শেষ করে টেলিভিশন দেখে।	আমার বন্ধু সাধারণত বাড়ির কাজ শেষ করে টেলিভিশন দেখেন।
sva_01066	sva	p3_ord	p2_fam		long	pres	আমার বন্ধু সাধারণত বাড়ির সব কাজ শেষ করে বন্ধুদের সঙ্গে টেলিভিশন দেখে।	আমার বন্ধু সাধারণত বাড়ির সব কাজ শেষ করে বন্ধুদের সঙ্গে টেলিভিশন দেখো।
sva_01067	sva	p3_ord	p2_fam		long	pres	আমার বন্ধু সাধারণত দীর্ঘ ক্লান্তিকর পথ চলার শেষে একা একা টেলিভিশন দেখে।	আমার বন্ধু সাধারণত দীর্ঘ ক্লান্তিকর পথ চলার শেষে একা একা টেলিভিশন দেখো।
sva_01068	sva	p3_ord	p1		long	pres	আমার বন্ধু প্রায়ই পরীক্ষার প্রস্তুতির ফাঁকে অল্প সময়ের জন্য টেলিভিশন দেখে।	আমার বন্ধু প্রায়ই পরীক্ষার প্রস্তুতির ফাঁকে অল্প সময়ের জন্য টেলিভিশন দেখি।
sva_01069	sva	p3_ord	p2_int		long	pres	আমার বন্ধু প্রতিদিন সব রকমের ব্যস্ততার মধ্যেও খুব মন দিয়ে টেলিভিশন দেখে।	আমার বন্ধু প্রতিদিন সব রকমের ব্যস্ততার মধ্যেও খুব মন দিয়ে টেলিভিশন দেখিস।
sva_01070	sva	p3_ord	p2_fam		none	pres	রহিম টেলিভিশন দেখে।	রহিম টেলিভিশন দেখো।
sva_01071	sva	p3_ord	p3_hon		short	pres	রহিম সাধারণত টেলিভিশন দেখে।	রহিম সাধারণত টেলিভিশন দেখেন।
sva_01072	sva	p3_ord	p1		medium	pres	রহিম প্রতিদিন বন্ধুদের সঙ্গে টেলিভিশন দেখে।	রহিম প্রতিদিন বন্ধুদের সঙ্গে টেলিভিশন দেখি।
sva_01073	sva	p3_ord	p2_hon		medium	pres	রহিম প্রায়ই খুব মন দিয়ে টেলিভিশন দেখে।	রহিম প্রায়ই খুব মন দিয়ে টেলিভিশন দেখেন।
sva_01074	sva	p3_ord	p2_hon		medium	pres	রহিম প্রায়ই একা একা টেলিভিশন দেখে।	রহিম প্রায়ই একা একা টেলিভিশন দেখেন।
sva_01075	sva	p3_ord	p2_int		medium	pres	রহিম প্রায়ই বাড়ির কাজ শেষ করে টেলিভিশন দেখে।	রহিম প্রায়ই বাড়ির কাজ শেষ করে টেলিভিশন দেখিস।
sva_01076	sva	p3_ord	p1		long	pres	রহিম প্রতিদিন বাড়ির সব কাজ শেষ করে বন্ধুদের সঙ্গে টেলিভিশন দেখে।	রহিম প্রতিদিন বাড়ির সব কাজ শেষ করে বন্ধুদের সঙ্গে টেলিভিশন দেখি।
sva_01077	sva	p3_ord	p2_hon		long	pres	রহিম প্রায়ই দীর্ঘ ক্লান্তিকর পথ চলার শেষে একা একা টেলিভিশন দেখে।	রহিম প্রায়ই দীর্ঘ ক্লান্তিকর পথ চলার শেষে একা একা টেলিভিশন দেখেন।
sva_01078	sva	p3_ord	p1		long	pres	রহিম সাধারণত পরীক্ষার প্রস্তুতির ফাঁকে অল্প সময়ের জন্য টেলিভিশন দেখে।	রহিম সাধারণত পরীক্ষার প্রস্তুতির ফাঁকে অল্প সময়ের জন্য টেলিভিশন দেখি।
sva_01079	sva	p3_ord	p2_fam		long	pres	রহিম সাধারণত সব রকমের ব্যস্ততার মধ্যেও খুব মন দিয়ে টেলিভিশন দেখে।	রহিম সাধারণত সব রকমের ব্যস্ততার মধ্যেও খুব মন দিয়ে টেলিভিশন দেখো।
sva_01080	sva	p3_hon	p2_fam		none	pres	তিনি টেলিভিশন দেখেন।	তিনি টেলিভিশন দেখো।
sva_01081	sva	p3_hon	p1		short	pres	তিনি প্রতিদিন টেলিভিশন দেখেন।	তিনি প্রতিদিন টেলিভিশন দেখি।
sva_01082	sva	p3_hon	p3_ord		medium	pres	তিনি প্রতিদিন বন্ধুদের সঙ্গে টেলিভিশন দেখেন।	তিনি প্রতিদিন বন্ধুদের সঙ্গে টেলিভিশন দেখে।
sva_01083	sva	p3_hon	p3_ord		medium	pres	তিনি সাধারণত খুব মন দিয়ে টেলিভিশন দেখেন।	তিনি সাধারণত খুব মন দিয়ে টেলিভিশন দেখে।
sva_01084	sva	p3_hon	p2_int		medium	pres	তিনি প্রতিদিন একা একা টেলিভিশন দেখেন।	তিনি প্রতিদিন একা একা টেলিভিশন দেখিস।
sva_01085	sva	p3_hon	p3_ord		medium	pres	তিনি প্রায়ই বাড়ির কাজ শেষ করে টেলিভিশন দেখেন।	তিনি প্রায়ই বাড়ির কাজ শেষ করে টেলিভিশন দেখে।
sva_01086	sva	p3_hon	p3_ord		long	pres	তিনি প্রতিদিন বাড়ির সব কাজ শেষ করে বন্ধুদের সঙ্গে টেলিভিশন দেখেন।	তিনি প্রতিদিন বাড়ির সব কাজ শেষ করে বন্ধুদের সঙ্গে টেলিভিশন দেখে।
sva_01087	sva	p3_hon	p2_fam		long	pres	তিনি সাধারণত দীর্ঘ ক্লান্তিকর পথ চলার শেষে একা একা টেলিভিশন দেখেন।	তিনি সাধারণত দীর্ঘ ক্লান্তিকর পথ চলার শেষে একা একা টেলিভিশন দেখো।
sva_01088	sva	p3_hon	p2_fam		long	pres	তিনি প্রতিদিন পরীক্ষার প্রস্তুতির ফাঁকে অল্প সময়ের জন্য টেলিভিশন দেখেন।	তিনি প্রতিদিন পরীক্ষার প্রস্তুতির ফাঁকে অল্প সময়ের জন্য টেলিভিশন দেখো।
sva_01089	sva	p3_hon	p1		long	pres	তিনি প্রতিদিন সব রকমের ব্যস্ততার মধ্যেও খুব মন দিয়ে টেলিভিশন দেখেন।	তিনি প্রতিদিন সব রকমের ব্যস্ততার মধ্যেও খুব মন দিয়ে টেলিভিশন দেখি।
sva_01090	sva	p3_hon	p3_ord		none	pres	উনি টেলিভিশন দেখেন।	উনি টেলিভিশন দেখে।
sva_01091	sva	p3_hon	p3_ord		short	pres	উনি প্রায়ই টেলিভিশন দেখেন।	উনি প্রায়ই টেলিভিশন দেখে।
sva_01092	sva	p3_hon	p1		medium	pres	উনি প্রতিদিন বন্ধুদের সঙ্গে টেলিভিশন দেখেন।	উনি প্রতিদিন বন্ধুদের সঙ্গে টেলিভিশন দেখি।
sva_01093	sva	p3_hon	p3_ord		medium	pres	উনি সাধারণত খুব মন দিয়ে টেলিভিশন দেখেন।	উনি সাধারণত খুব মন দিয়ে টেলিভিশন দেখে।
sva_01094	sva	p3_hon	p1		medium	pres	উনি প্রতিদিন একা একা টেলিভিশন দেখেন।	উনি প্রতিদিন একা একা টেলিভিশন দেখি।
sva_01095	sva	p3_hon	p2_int		medium	pres	উনি সাধারণত বাড়ির কাজ শেষ করে টেলিভিশন দেখেন।	উনি সাধারণত বাড়ির কাজ শেষ করে টেলিভিশন দেখিস।
sva_01096	sva	p3_hon	p2_fam		long	pres	উনি সাধারণত বাড়ির সব কাজ শেষ করে বন্ধুদের সঙ্গে টেলিভিশন দেখেন।	উনি সাধারণত বাড়ির সব কাজ শেষ করে বন্ধুদের সঙ্গে টেলিভিশন দেখো।
sva_01097	sva	p3_hon	p2_int		long	pres	উনি প্রতিদিন দীর্ঘ ক্লান্তিকর পথ চলার শেষে একা একা টেলিভিশন দেখেন।	উনি প্রতিদিন দীর্ঘ ক্লান্তিকর পথ চলার শেষে একা একা টেলিভিশন দেখিস।
sva_01098	sva	p3_hon	p3_ord		long	pres	উনি প্রায়ই পরীক্ষার প্রস্তুতির ফাঁকে অল্প সময়ের জন্য টেলিভিশন দেখেন।	উনি প্রায়ই পরীক্ষার প্রস্তুতির ফাঁকে অল্প সময়ের জন্য টেলিভিশন দেখে।
sva_01099	sva	p3_hon	p3_ord		long	pres	উনি সাধারণত সব রকমের ব্যস্ততার মধ্যেও খুব মন দিয়ে টেলিভিশন দেখেন।	উনি সাধারণত সব রকমের ব্যস্ততার মধ্যেও খুব মন দিয়ে টেলিভিশন দেখে।
sva_01100	sva	p1	p3_hon		none	past	আমি টেলিভিশন দেখলাম।	আমি টেলিভিশন দেখলেন।
sva_01101	sva	p1	p2_hon		short	past	আমি কাল সন্ধ্যায় টেলিভিশন দেখলাম।	আমি কাল সন্ধ্যায় টেলিভিশন দেখলেন।
sva_01102	sva	p1	p3_hon		medium	past	আমি গতকাল বন্ধুদের সঙ্গে টেলিভিশন দেখলাম।	আমি গতকাল বন্ধুদের সঙ্গে টেলিভিশন দেখলেন।
sva_01103	sva	p1	p2_int		medium	past	আমি গতকাল খুব মন দিয়ে টেলিভিশন দেখলাম।	আমি গতকাল খুব মন দিয়ে টেলিভিশন দেখলি।
sva_01104	sva	p1	p2_hon		medium	past	আমি গত সপ্তাহে একা একা টেলিভিশন দেখলাম।	আমি গত সপ্তাহে একা একা টেলিভিশন দেখলেন।
sva_01105	sva	p1	p2_fam		medium	past	আমি কাল সন্ধ্যায় বাড়ির কাজ শেষ করে টেলিভিশন দেখলাম।	আমি কাল সন্ধ্যায় বাড়ির কাজ শেষ করে টেলিভিশন দেখলে।
sva_01106	sva	p1	p3_ord		long	past	আমি কাল সন্ধ্যায় বাড়ির সব কাজ শেষ করে বন্ধুদের সঙ্গে টেলিভিশন দেখলাম।	আমি কাল সন্ধ্যায় বাড়ির সব কাজ শেষ করে বন্ধুদের সঙ্গে টেলিভিশন দেখলো।
sva_01107	sva	p1	p3_ord		long	past	আমি গতকাল দীর্ঘ ক্লান্তিকর পথ চলার শেষে একা একা টেলিভিশন দেখলাম।	আমি গতকাল দীর্ঘ ক্লান্তিকর পথ চলার শেষে একা একা টেলিভিশন দেখলো।
sva_01108	sva	p1	p2_fam		long	past	আমি গতকাল পরীক্ষার প্রস্তুতির ফাঁকে অল্প সময়ের জন্য টেলিভিশন দেখলাম।	আমি গতকাল পরীক্ষার প্রস্তুতির ফাঁকে অল্প সময়ের জন্য টেলিভিশন দেখলে।
sva_01109	sva	p1	p2_fam		long	past	আমি গতকাল সব রকমের ব্যস্ততার মধ্যেও খুব মন দিয়ে টেলিভিশন দেখলাম।	আমি গতকাল সব রকমের ব্যস্ততার মধ্যেও খুব মন দিয়ে টেলিভিশন দেখলে।
sva_01110	sva	p2_int	p3_ord		none	past	তুই টেলিভিশন দেখলি।	তুই টেলিভিশন দেখলো।
sva_01111	sva	p2_int	p3_hon		short	past	তুই গত সপ্তাহে টেলিভিশন দেখলি।	তুই গত সপ্তাহে টেলিভিশন দেখলেন।
sva_01112	sva	p2_int	p1		medium	past	তুই কাল সন্ধ্যায় বন্ধুদের সঙ্গে টেলিভিশন দেখলি।	তুই কাল সন্ধ্যায় বন্ধুদের সঙ্গে টেলিভিশন দেখলাম।
sva_01113	sva	p2_int	p2_fam		medium	past	তুই কাল সন্ধ্যায় খুব মন দিয়ে টেলিভিশন দেখলি।	তুই কাল সন্ধ্যায় খুব মন দিয়ে টেলিভিশন দেখলে।
sva_01114	sva	p2_int	p3_ord		medium	past	তুই গত সপ্তাহে একা একা টেলিভিশন দেখলি।	তুই গত সপ্তাহে একা একা টেলিভিশন দেখলো।
sva_01115	sva	p2_int	p2_hon		medium	past	তুই কাল সন্ধ্যায় বাড়ির কাজ শেষ করে টেলিভিশন দেখলি।	তুই কাল সন্ধ্যায় বাড়ির কাজ শেষ করে টেলিভিশন দেখলেন।
sva_01116	sva	p2_int	p2_hon		long	past	তুই কাল সন্ধ্যায় বাড়ির সব কাজ শেষ করে বন্ধুদের সঙ্গে টেলিভিশন দেখলি।	তুই কাল সন্ধ্যায় বাড়ির সব কাজ শেষ করে বন্ধুদের সঙ্গে টেলিভিশন দেখলেন।
sva_01117	sva	p2_int	p3_hon		long	past	তুই কাল সন্ধ্যায় দীর্ঘ ক্লান্তিকর পথ চলার শেষে একা একা টেলিভিশন দেখলি।	তুই কাল সন্ধ্যায় দীর্ঘ ক্লান্তিকর পথ চলার শেষে একা একা টেলিভিশন দেখলেন।
sva_01118	sva	p2_int	p1		long	past	তুই গতকাল পরীক্ষার প্রস্তুতির ফাঁকে অল্প সময়ের জন্য টেলিভিশন দেখলি।	তুই গতকাল পরীক্ষার প্রস্তুতির ফাঁকে অল্প সময়ের জন্য টেলিভিশন দেখলাম।
sva_01119	sva	p2_int	p2_fam		long	past	তুই গতকাল সব রকমের ব্যস্ততার মধ্যেও খুব মন দিয়ে টেলিভিশন দেখলি।	তুই গতকাল সব রকমের ব্যস্ততার মধ্যেও খুব মন দিয়ে টেলিভিশন দেখলে।
sva_01120	sva	p2_fam	p2_int		none	past	তুমি টেলিভিশন দেখলে।	তুমি টেলিভিশন দেখলি।
sva_01121	sva	p2_fam	p3_ord		short	past	তুমি গত সপ্তাহে টেলিভিশন দেখলে।	তুমি গত সপ্তাহে টেলিভিশন দেখলো।
sva_01122	sva	p2_fam	p2_hon		medium	past	তুমি গতকাল বন্ধুদের সঙ্গে টেলিভিশন দেখলে।	তুমি গতকাল বন্ধুদের সঙ্গে টেলিভিশন দেখলেন।
sva_01123	sva	p2_fam	p1		medium	past	তুমি গতকাল খুব মন দিয়ে টেলিভিশন দেখলে।	তুমি গতকাল খুব মন দিয়ে টেলিভিশন দেখলাম।
sva_01124	sva	p2_fam	p2_int		medium	past	তুমি গত সপ্তাহে একা একা টেলিভিশন দেখলে।	তুমি গত সপ্তাহে একা একা টেলিভিশন দেখলি।
sva_01125	sva	p2_fam	p1		medium	past	তুমি গতকাল বাড়ির কাজ শেষ করে টেলিভিশন দেখলে।	তুমি গতকাল বাড়ির কাজ শেষ করে টেলিভিশন দেখলাম।
sva_01126	sva	p2_fam	p2_int		long	past	তুমি কাল সন্ধ্যায় বাড়ির সব কাজ শেষ করে বন্ধুদের সঙ্গে টেলিভিশন দেখলে।	তুমি কাল সন্ধ্যায় বাড়ির সব কাজ শেষ করে বন্ধুদের সঙ্গে টেলিভিশন দেখলি।
sva_01127	sva	p2_fam	p1		long	past	তুমি কাল সন্ধ্যায় দীর্ঘ ক্লান্তিকর পথ চলার শেষে একা একা টেলিভিশন দেখলে।	তুমি কাল সন্ধ্যায় দীর্ঘ ক্লান্তিকর পথ চলার শেষে একা একা টেলিভিশন দেখলাম।
sva_01128	sva	p2_fam	p3_hon		long	past	তুমি গতকাল পরীক্ষার প্রস্তুতির ফাঁকে অল্প সময়ের জন্য টেলিভিশন দেখলে।	তুমি গতকাল পরীক্ষার প্রস্তুতির ফাঁকে অল্প সময়ের জন্য টেলিভিশন দেখলেন।
sva_01129	sva	p2_fam	p2_hon		long	past	তুমি কাল সন্ধ্যায় সব রকমের ব্যস্ততার মধ্যেও খুব মন দিয়ে টেলিভিশন দেখলে।	তুমি কাল সন্ধ্যায় সব রকমের ব্যস্ততার মধ্যেও খুব মন দিয়ে টেলিভিশন দেখলেন।
sva_01130	sva	p2_hon	p2_fam		none	past	আপনি টেলিভিশন দেখলেন।	আপনি টেলিভিশন দেখলে।
sva_01131	sva	p2_hon	p2_fam		short	past	আপনি কাল সন্ধ্যায় টেলিভিশন দেখলেন।	আপনি কাল সন্ধ্যায় টেলিভিশন দেখলে।
sva_01132	sva	p2_hon	p2_int		medium	past	আপনি গত সপ্তাহে বন্ধুদের সঙ্গে টেলিভিশন দেখলেন।	আপনি গত সপ্তাহে বন্ধুদের সঙ্গে টেলিভিশন দেখলি।
sva_01133	sva	p2_hon	p3_ord		medium	past	আপনি কাল সন্ধ্যায় খুব মন দিয়ে টেলিভিশন দেখলেন।	আপনি কাল সন্ধ্যায় খুব মন দিয়ে টেলিভিশন দেখলো।
sva_01134	sva	p2_hon	p2_int		medium	past	আপনি গতকাল একা একা টেলিভিশন দেখলেন।	আপনি গতকাল একা একা টেলিভিশন দেখলি।
sva_01135	sva	p2_hon	p2_int		medium	past	আপনি গতকাল বাড়ির কাজ শেষ করে টেলিভিশন দেখলেন।	আপনি গতকাল বাড়ির কাজ শেষ করে টেলিভিশন দেখলি।
sva_01136	sva	p2_hon	p1		long	past	আপনি কাল সন্ধ্যায় বাড়ির সব কাজ শেষ করে বন্ধুদের সঙ্গে টেলিভিশন দেখলেন।	আপনি কাল সন্ধ্যায় বাড়ির সব কাজ শেষ করে বন্ধুদের সঙ্গে টেলিভিশন দেখলাম।
sva_01137	sva	p2_hon	p2_fam		long	past	আপনি গত সপ্তাহে দীর্ঘ ক্লান্তিকর পথ চলার শেষে একা একা টেলিভিশন দেখলেন।	আপনি গত সপ্তাহে দীর্ঘ ক্লান্তিকর পথ চলার শেষে একা একা টেলিভিশন দেখলে।
sva_01138	sva	p2_hon	p1		long	past	আপনি কাল সন্ধ্যায় পরীক্ষার প্রস্তুতির ফাঁকে অল্প সময়ের জন্য টেলিভিশন দেখলেন।	আপনি কাল সন্ধ্যায় পরীক্ষার প্রস্তুতির ফাঁকে অল্প সময়ের জন্য টেলিভিশন দেখলাম।
sva_01139	sva	p2_hon	p2_int		long	past	আপনি কাল সন্ধ্যায় সব রকমের ব্যস্ততার মধ্যেও খুব মন দিয়ে টেলিভিশন দেখলেন।	আপনি কাল সন্ধ্যায় সব রকমের ব্যস্ততার মধ্যেও খুব মন দিয়ে টেলিভিশন দেখলি।
sva_01140	sva	p3_ord	p1		none	past	সে টেলিভিশন দেখলো।	সে টেলিভিশন দেখলাম।
sva_01141	sva	p3_ord	p3_hon		short	past	সে কাল সন্ধ্যায় টেলিভিশন দেখলো।	সে কাল সন্ধ্যায় টেলিভিশন দেখলেন।
sva_01142	sva	p3_ord	p2_hon		medium	past	সে গতকাল বন্ধুদের সঙ্গে টেলিভিশন দেখলো।	সে গতকাল বন্ধুদের সঙ্গে টেলিভিশন দেখলেন।
sva_01143	sva	p3_ord	p1		medium	past	সে কাল সন্ধ্যায় খুব মন দিয়ে টেলিভিশন দেখলো।	সে কাল সন্ধ্যায় খুব মন দিয়ে টেলিভিশন দেখলাম।
sva_01144	sva	p3_ord	p2_int		medium	past	সে গত সপ্তাহে একা একা টেলিভিশন দেখলো।	সে গত সপ্তাহে একা একা টেলিভিশন দেখলি।
sva_01145	sva	p3_ord	p2_hon		medium	past	সে কাল সন্ধ্যায় বাড়ির কাজ শেষ করে টেলিভিশন দেখলো।	সে কাল সন্ধ্যায় বাড়ির কাজ শেষ করে টেলিভিশন দেখলেন।
sva_01146	sva	p3_ord	p1		long	past	সে গত সপ্তাহে বাড়ির সব কাজ শেষ করে বন্ধুদের সঙ্গে টেলিভিশন দেখলো।	সে গত সপ্তাহে বাড়ির সব কাজ শেষ করে বন্ধুদের সঙ্গে টেলিভিশন দেখলাম।
sva_01147	sva	p3_ord	p2_int		long	past	সে গত সপ্তাহে দীর্ঘ ক্লান্তিকর পথ চলার শেষে একা একা টেলিভিশন দেখলো।	সে গত সপ্তাহে দীর্ঘ ক্লান্তিকর পথ চলার শেষে একা একা টেলিভিশন দেখলি।
sva_01148	sva	p3_ord	p2_int		long	past	সে গতকাল পরীক্ষার প্রস্তুতির ফাঁকে অল্প সময়ের জন্য টেলিভিশন দেখলো।	সে গতকাল পরীক্ষার প্রস্তুতির ফাঁকে অল্প সময়ের জন্য টেলিভিশন দেখলি।
sva_01149	sva	p3_ord	p1		long	past	সে কাল সন্ধ্যায় সব রকমের ব্যস্ততার মধ্যেও খুব মন দিয়ে টেলিভিশন দেখলো।	সে কাল সন্ধ্যায় সব রকমের ব্যস্ততার মধ্যেও খুব মন দিয়ে টেলিভিশন দেখলাম।
sva_01150	sva	p3_ord	p2_int		none	past	ছেলেটি টেলিভিশন দেখলো।	ছেলেটি টেলিভিশন দেখলি।
sva_01151	sva	p3_ord	p2_int		short	past	ছেলেটি গতকাল টেলিভিশন দেখলো।	ছেলেটি গতকাল টেলিভিশন দেখলি।
sva_01152	sva	p3_ord	p1		medium	past	ছেলেটি গত সপ্তাহে বন্ধুদের সঙ্গে টেলিভিশন দেখলো।	ছেলেটি গত সপ্তাহে বন্ধুদের সঙ্গে টেলিভিশন দেখলাম।
sva_01153	sva	p3_ord	p1		medium	past	ছেলেটি কাল সন্ধ্যায় খুব মন দিয়ে টেলিভিশন দেখলো।	ছেলেটি কাল সন্ধ্যায় খুব মন দিয়ে টেলিভিশন দেখলাম।
sva_01154	sva	p3_ord	p2_fam		medium	past	ছেলেটি গতকাল একা একা টেলিভিশন দেখলো।	ছেলেটি গতকাল একা একা টেলিভিশন দেখলে।
sva_01155	sva	p3_ord	p3_hon		medium	past	ছেলেটি গত সপ্তাহে বাড়ির কাজ শেষ করে টেলিভিশন দেখলো।	ছেলেটি গত সপ্তাহে বাড়ির কাজ শেষ করে টেলিভিশন দেখলেন।
sva_01156	sva	p3_ord	p3_hon		long	past	ছেলেটি গত সপ্তাহে বাড়ির সব কাজ শেষ করে বন্ধুদের সঙ্গে টেলিভিশন দেখলো।	ছেলেটি গত সপ্তাহে বাড়ির সব কাজ শেষ করে বন্ধুদের সঙ্গে টেলিভিশন দেখলেন।
sva_01157	sva	p3_ord	p2_hon		long	past	ছেলেটি কাল সন্ধ্যায় দীর্ঘ ক্লান্তিকর পথ চলার শেষে একা একা টেলিভিশন দেখলো।	ছেলেটি কাল সন্ধ্যায় দীর্ঘ ক্লান্তিকর পথ চলার শেষে একা একা টেলিভিশন দেখলেন।
sva_01158	sva	p3_ord	p2_fam		long	past	ছেলেটি গত সপ্তাহে পরীক্ষার প্রস্তুতির ফাঁকে অল্প সময়ের জন্য টেলিভিশন দেখলো।	ছেলেটি গত সপ্তাহে পরীক্ষার প্রস্তুতির ফাঁকে অল্প সময়ের জন্য টেলিভিশন দেখলে।
sva_01159	sva	p3_ord	p2_int		long	past	ছেলেটি গতকাল সব রকমের ব্যস্ততার মধ্যেও খুব মন দিয়ে টেলিভিশন দেখলো।	ছেলেটি গতকাল সব রকমের ব্যস্ততার মধ্যেও খুব মন দিয়ে টেলিভিশন দেখলি।
sva_01160	sva	p3_ord	p1		none	past	মেয়েটি টেলিভিশন দেখলো।	মেয়েটি টেলিভিশন দেখলাম।
sva_01161	sva	p3_ord	p1		short	past	মেয়েটি কাল সন্ধ্যায় টেলিভিশন দেখলো।	মেয়েটি কাল সন্ধ্যায় টেলিভিশন দেখলাম।
sva_01162	sva	p3_ord	p2_fam		medium	past	মেয়েটি গত সপ্তাহে বন্ধুদের সঙ্গে টেলিভিশন দেখলো।	মেয়েটি গত সপ্তাহে বন্ধুদের সঙ্গে টেলিভিশন দেখলে।
sva_01163	sva	p3_ord	p1		medium	past	মেয়েটি গত সপ্তাহে খুব মন দিয়ে টেলিভিশন দেখলো।	মেয়েটি গত সপ্তাহে খুব মন দিয়ে টেলিভিশন দেখলাম।
sva_01164	sva	p3_ord	p2_int		medium	past	মেয়েটি গতকাল একা একা টেলিভিশন দেখলো।	মেয়েটি গতকাল একা একা টেলিভিশন দেখলি।
sva_01165	sva	p3_ord	p3_hon		medium	past	মেয়েটি কাল সন্ধ্যায় বাড়ির কাজ শেষ করে টেলিভিশন দেখলো।	মেয়েটি কাল সন্ধ্যায় বাড়ির কাজ শেষ করে টেলিভিশন দেখলেন।
sva_01166	sva	p3_ord	p2_fam		long	past	মেয়েটি গত সপ্তাহে বাড়ির সব কাজ শেষ করে বন্ধুদের সঙ্গে টেলিভিশন দেখলো।	মেয়েটি গত সপ্তাহে বাড়ির সব কাজ শেষ করে বন্ধুদের সঙ্গে টেলিভিশন দেখলে।
sva_01167	sva	p3_ord	p2_fam		long	past	মেয়েটি কাল সন্ধ্যায় দীর্ঘ ক্লান্তিকর পথ চলার শেষে একা একা টেলিভিশন দেখলো।	মেয়েটি কাল সন্ধ্যায় দীর্ঘ ক্লান্তিকর পথ চলার শেষে একা একা টেলিভিশন দেখলে।
sva_01168	sva	p3_ord	p2_hon		long	past	মেয়েটি গত সপ্তাহে পরীক্ষার প্রস্তুতির ফাঁকে অল্প সময়ের জন্য টেলিভিশন দেখলো।	মেয়েটি গত সপ্তাহে পরীক্ষার প্রস্তুতির ফাঁকে অল্প সময়ের জন্য টেলিভিশন দেখলেন।
sva_01169	sva	p3_ord	p2_hon		long	past	মেয়েটি গতকাল সব রকমের ব্যস্ততার মধ্যেও খুব মন দিয়ে টেলিভিশন দেখলো।	মেয়েটি গতকাল সব রকমের ব্যস্ততার মধ্যেও খুব মন দিয়ে টেলিভিশন দেখলেন।
sva_01170	sva	p3_ord	p2_hon		none	past	আমার বন্ধু টেলিভিশন দেখলো।	আমার বন্ধু টেলিভিশন দেখলেন।
sva_01171	sva	p3_ord	p1		short	past	আমার বন্ধু কাল সন্ধ্যায় টেলিভিশন দেখলো।	আমার বন্ধু কাল সন্ধ্যায় টেলিভিশন দেখলাম।
sva_01172	sva	p3_ord	p2_int		medium	past	আমার বন্ধু কাল সন্ধ্যায় বন্ধুদের সঙ্গে টেলিভিশন দেখলো।	আমার বন্ধু কাল সন্ধ্যায় বন্ধুদের সঙ্গে টেলিভিশন দেখলি।
sva_01173	sva	p3_ord	p3_hon		medium	past	আমার বন্ধু গত সপ্তাহে খুব মন দিয়ে টেলিভিশন দেখলো।	আমার বন্ধু গত সপ্তাহে খুব মন দিয়ে টেলিভিশন দেখলেন।
sva_01174	sva	p3_ord	p2_hon		medium	past	আমার বন্ধু কাল সন্ধ্যায় একা একা টেলিভিশন দেখলো।	আমার বন্ধু কাল সন্ধ্যায় একা একা টেলিভিশন দেখলেন।
sva_01175	sva	p3_ord	p1		medium	past	আমার বন্ধু গত সপ্তাহে বাড়ির কাজ শেষ করে টেলিভিশন দেখলো।	আমার বন্ধু গত সপ্তাহে বাড়ির কাজ শেষ করে টেলিভিশন দেখলাম।
sva_01176	sva	p3_ord	p2_int		long	past	আমার বন্ধু গত সপ্তাহে বাড়ির সব কাজ শেষ করে বন্ধুদের সঙ্গে টেলিভিশন দেখলো।	আমার বন্ধু গত সপ্তাহে বাড়ির সব কাজ শেষ করে বন্ধুদের সঙ্গে টেলিভিশন দেখলি।
sva_01177	sva	p3_ord	p3_hon		long	past	আমার বন্ধু গতকাল দীর্ঘ ক্লান্তিকর পথ চলার শেষে একা একা টেলিভিশন দেখলো।	আমার বন্ধু গতকাল দীর্ঘ ক্লান্তিকর পথ চলার শেষে একা একা টেলিভিশন দেখলেন।
sva_01178	sva	p3_ord	p2_fam		long	past	আমার বন্ধু গত সপ্তাহে পরীক্ষার প্রস্তুতির ফাঁকে অল্প সময়ের জন্য টেলিভিশন দেখলো।	আমার বন্ধু গত সপ্তাহে পরীক্ষার প্রস্তুতির ফাঁকে অল্প সময়ের জন্য টেলিভিশন দেখলে।
sva_01179	sva	p3_ord	p2_int		long	past	আমার বন্ধু গতকাল সব রকমের ব্যস্ততার মধ্যেও খুব মন দিয়ে টেলিভিশন দেখলো।	আমার বন্ধু গতকাল সব রকমের ব্যস্ততার মধ্যেও খুব মন দিয়ে টেলিভিশন দেখলি।
sva_01180	sva	p3_ord	p2_hon		none	past	রহিম টেলিভিশন দেখলো।	রহিম টেলিভিশন দেখলেন।
sva_01181	sva	p3_ord	p1		short	past	রহিম কাল সন্ধ্যায় টেলিভিশন দেখলো।	রহিম কাল সন্ধ্যায় টেলিভিশন দেখলাম।
sva_01182	sva	p3_ord	p1		medium	past	রহিম গতকাল বন্ধুদের সঙ্গে টেলিভিশন দেখলো।	রহিম গতকাল বন্ধুদের সঙ্গে টেলিভিশন দেখলাম।
sva_01183	sva	p3_ord	p3_hon		medium	past	রহিম গত সপ্তাহে খুব মন দিয়ে টেলিভিশন দেখলো।	রহিম গত সপ্তাহে খুব মন দিয়ে টেলিভিশন দেখলেন।
sva_01184	sva	p3_ord	p2_fam		medium	past	রহিম গত সপ্তাহে একা একা টেলিভিশন দেখলো।	রহিম গত সপ্তাহে একা একা টেলিভিশন দেখলে।
sva_01185	sva	p3_ord	p2_int		medium	past	রহিম গত সপ্তাহে বাড়ির কাজ শেষ করে টেলিভিশন দেখলো।	রহিম গত সপ্তাহে বাড়ির কাজ শেষ করে টেলিভিশন দেখলি।
sva_01186	sva	p3_ord	p1		long	past	রহিম গতকাল বাড়ির সব কাজ শেষ করে বন্ধুদের সঙ্গে টেলিভিশন দেখলো।	রহিম গতকাল বাড়ির সব কাজ শেষ করে বন্ধুদের সঙ্গে টেলিভিশন দেখলাম।
sva_01187	sva	p3_ord	p2_hon		long	past	রহিম কাল সন্ধ্যায় দীর্ঘ ক্লান্তিকর পথ চলার শেষে একা একা টেলিভিশন দেখলো।	রহিম কাল সন্ধ্যায় দীর্ঘ ক্লান্তিকর পথ চলার শেষে একা একা টেলিভিশন দেখলেন।
sva_01188	sva	p3_ord	p2_int		long	past	রহিম কাল সন্ধ্যায় পরীক্ষার প্রস্তুতির ফাঁকে অল্প সময়ের জন্য টেলিভিশন দেখলো।	রহিম কাল সন্ধ্যায় পরীক্ষার প্রস্তুতির ফাঁকে অল্প সময়ের জন্য টেলিভিশন দেখলি।
sva_01189	sva	p3_ord	p2_hon		long	past	রহিম গত সপ্তাহে সব রকমের ব্যস্ততার মধ্যেও খুব মন দিয়ে টেলিভিশন দেখলো।	রহিম গত সপ্তাহে সব রকমের ব্যস্ততার মধ্যেও খুব মন দিয়ে টেলিভিশন দেখলেন।
sva_01190	sva	p3_hon	p3_ord		none	past	তিনি টেলিভিশন দেখলেন।	তিনি টেলিভিশন দেখলো।
sva_01191	sva	p3_hon	p3_ord		short	past	তিনি গত সপ্তাহে টেলিভিশন দেখলেন।	তিনি গত সপ্তাহে টেলিভিশন দেখলো।
sva_01192	sva	p3_hon	p2_fam		medium	past	তিনি কাল সন্ধ্যায় বন্ধুদের সঙ্গে টেলিভিশন দেখলেন।	তিনি কাল সন্ধ্যায় বন্ধুদের সঙ্গে টেলিভিশন দেখলে।
sva_01193	sva	p3_hon	p2_fam		medium	past	তিনি গতকাল খুব মন দিয়ে টেলিভিশন দেখলেন।	তিনি গতকাল খুব মন দিয়ে টেলিভিশন দেখলে।
sva_01194	sva	p3_hon	p3_ord		medium	past	তিনি কাল সন্ধ্যায় একা একা টেলিভিশন দেখলেন।	তিনি কাল সন্ধ্যায় একা একা টেলিভিশন দেখলো।
sva_01195	sva	p3_hon	p3_ord		medium	past	তিনি গত সপ্তাহে বাড়ির কাজ শেষ করে টেলিভিশন দেখলেন।	তিনি গত সপ্তাহে বাড়ির কাজ শেষ করে টেলিভিশন দেখলো।
sva_01196	sva	p3_hon	p3_ord		long	past	তিনি গতকাল বাড়ির সব কাজ শেষ করে বন্ধুদের সঙ্গে টেলিভিশন দেখলেন।	তিনি গতকাল বাড়ির সব কাজ শেষ করে বন্ধুদের সঙ্গে টেলিভিশন দেখলো।
sva_01197	sva	p3_hon	p1		long	past	তিনি কাল সন্ধ্যায় দীর্ঘ ক্লান্তিকর পথ চলার শেষে একা একা টেলিভিশন দেখলেন।	তিনি কাল সন্ধ্যায় দীর্ঘ ক্লান্তিকর পথ চলার শেষে একা একা টেলিভিশন দেখলাম।
sva_01198	sva	p3_hon	p3_ord		long	past	তিনি গতকাল পরীক্ষার প্রস্তুতির ফাঁকে অল্প সময়ের জন্য টেলিভিশন দেখলেন।	তিনি গতকাল পরীক্ষার প্রস্তুতির ফাঁকে অল্প সময়ের জন্য টেলিভিশন দেখলো।
sva_01199	sva	p3_hon	p1		long	past	তিনি কাল সন্ধ্যায় সব রকমের ব্যস্ততার মধ্যেও খুব মন দিয়ে টেলিভিশন দেখলেন।	তিনি কাল সন্ধ্যায় সব রকমের ব্যস্ততার মধ্যেও খুব মন দিয়ে টেলিভিশন দেখলাম।
sva_01200	sva	p3_hon	p2_fam		none	past	উনি টেলিভিশন দেখলেন।	উনি টেলিভিশন দেখলে।
sva_01201	sva	p3_hon	p2_fam		short	past	উনি কাল সন্ধ্যায় টেলিভিশন দেখলেন।	উনি কাল সন্ধ্যায় টেলিভিশন দেখলে।
sva_01202	sva	p3_hon	p1		medium	past	উনি গতকাল বন্ধুদের সঙ্গে টেলিভিশন দেখলেন।	উনি গতকাল বন্ধুদের সঙ্গে টেলিভিশন দেখলাম।
sva_01203	sva	p3_hon	p1		medium	past	উনি গত সপ্তাহে খুব মন দিয়ে টেলিভিশন দেখলেন।	উনি গত সপ্তাহে খুব মন দিয়ে টেলিভিশন দেখলাম।
sva_01204	sva	p3_hon	p2_fam		medium	past	উনি কাল সন্ধ্যায় একা একা টেলিভিশন দেখলেন।	উনি কাল সন্ধ্যায় একা একা টেলিভিশন দেখলে।
sva_01205	sva	p3_hon	p1		medium	past	উনি গত সপ্তাহে বাড়ির কাজ শেষ করে টেলিভিশন দেখলেন।	উনি গত সপ্তাহে বাড়ির কাজ শেষ করে টেলিভিশন দেখলাম।
sva_01206	sva	p3_hon	p3_ord		long	past	উনি গত সপ্তাহে বাড়ির সব কাজ শেষ করে বন্ধুদের সঙ্গে টেলিভিশন দেখলেন।	উনি গত সপ্তাহে বাড়ির সব কাজ শেষ করে বন্ধুদের সঙ্গে টেলিভিশন দেখলো।
sva_01207	sva	p3_hon	p2_fam		long	past	উনি গতকাল দীর্ঘ ক্লান্তিকর পথ চলার শেষে একা একা টেলিভিশন দেখলেন।	উনি গতকাল দীর্ঘ ক্লান্তিকর পথ চলার শেষে একা একা টেলিভিশন দেখলে।
sva_01208	sva	p3_hon	p2_fam		long	past	উনি গত সপ্তাহে পরীক্ষার প্রস্তুতির ফাঁকে অল্প সময়ের জন্য টেলিভিশন দেখলেন।	উনি গত সপ্তাহে পরীক্ষার প্রস্তুতির ফাঁকে অল্প সময়ের জন্য টেলিভিশন দেখলে।
sva_01209	sva	p3_hon	p1		long	past	উনি গত সপ্তাহে সব রকমের ব্যস্ততার মধ্যেও খুব মন দিয়ে টেলিভিশন দেখলেন।	উনি গত সপ্তাহে সব রকমের ব্যস্ততার মধ্যেও খুব মন দিয়ে টেলিভিশন দেখলাম।
sva_01210	sva	p1	p2_fam		none	fut	আমি টেলিভিশন দেখব।	আমি টেলিভিশন দেখবে।
sva_01211	sva	p1	p2_fam		short	fut	আমি আগামীকাল টেলিভিশন দেখব।	আমি আগামীকাল টেলিভিশন দেখবে।
sva_01212	sva	p1	p2_hon		medium	fut	আমি আগামী সপ্তাহে বন্ধুদের সঙ্গে টেলিভিশন দেখব।	আমি আগামী সপ্তাহে বন্ধুদের সঙ্গে টেলিভিশন দেখবেন।
sva_01213	sva	p1	p2_int		medium	fut	আমি আগামীকাল খুব মন দিয়ে টেলিভিশন দেখব।	আমি আগামীকাল খুব মন দিয়ে টেলিভিশন দেখবি।
sva_01214	sva	p1	p2_hon		medium	fut	আমি কিছুদিন পরে একা একা টেলিভিশন দেখব।	আমি কিছুদিন পরে একা একা টেলিভিশন দেখবেন।
sva_01215	sva	p1	p2_hon		medium	fut	আমি কিছুদিন পরে বাড়ির কাজ শেষ করে টেলিভিশন দেখব।	আমি কিছুদিন পরে বাড়ির কাজ শেষ করে টেলিভিশন দেখবেন।
sva_01216	sva	p1	p2_int		long	fut	আমি আগামী সপ্তাহে বাড়ির সব কাজ শেষ করে বন্ধুদের সঙ্গে টেলিভিশন দেখব।	আমি আগামী সপ্তাহে বাড়ির সব কাজ শেষ করে বন্ধুদের সঙ্গে টেলিভিশন দেখবি।
sva_01217	sva	p1	p3_hon		long	fut	আমি কিছুদিন পরে দীর্ঘ ক্লান্তিকর পথ চলার শেষে একা একা টেলিভিশন দেখব।	আমি কিছুদিন পরে দীর্ঘ ক্লান্তিকর পথ চলার শেষে একা একা টেলিভিশন দেখবেন।
sva_01218	sva	p1	p3_ord		long	fut	আমি আগামী সপ্তাহে পরীক্ষার প্রস্তুতির ফাঁকে অল্প সময়ের জন্য টেলিভিশন দেখব।	আমি আগামী সপ্তাহে পরীক্ষার প্রস্তুতির ফাঁকে অল্প সময়ের জন্য টেলিভিশন দেখবে।
sva_01219	sva	p1	p3_ord		long	fut	আমি আগামী সপ্তাহে সব রকমের ব্যস্ততার মধ্যেও খুব মন দিয়ে টেলিভিশন দেখব।	আমি আগামী সপ্তাহে সব রকমের ব্যস্ততার মধ্যেও খুব মন দিয়ে টেলিভিশন দেখবে।
sva_01220	sva	p2_int	p2_hon		none	fut	তুই টেলিভিশন দেখবি।	তুই টেলিভিশন দেখবেন।
sva_01221	sva	p2_int	p1		short	fut	তুই কিছুদিন পরে টেলিভিশন দেখবি।	তুই কিছুদিন পরে টেলিভিশন দেখব।
sva_01222	sva	p2_int	p3_ord		medium	fut	তুই আগামীকাল বন্ধুদের সঙ্গে টেলিভিশন দেখবি।	তুই আগামীকাল বন্ধুদের সঙ্গে টেলিভিশন দেখবে।
sva_01223	sva	p2_int	p2_fam		medium	fut	তুই আগামীকাল খুব মন দিয়ে টেলিভিশন দেখবি।	তুই আগামীকাল খুব মন দিয়ে টেলিভিশন দেখবে।
sva_01224	sva	p2_int	p2_fam		medium	fut	তুই আগামীকাল একা একা টেলিভিশন দেখবি।	তুই আগামীকাল একা একা টেলিভিশন দেখবে।
sva_01225	sva	p2_int	p1		medium	fut	তুই আগামী সপ্তাহে বাড়ির কাজ শেষ করে টেলিভিশন দেখবি।	তুই আগামী সপ্তাহে বাড়ির কাজ শেষ করে টেলিভিশন দেখব।
sva_01226	sva	p2_int	p2_hon		long	fut	তুই কিছুদিন পরে বাড়ির সব কাজ শেষ করে বন্ধুদের সঙ্গে টেলিভিশন দেখবি।	তুই কিছুদিন পরে বাড়ির সব কাজ শেষ করে বন্ধুদের সঙ্গে টেলিভিশন দেখবেন।
sva_01227	sva	p2_int	p3_hon		long	fut	তুই আগামীকাল দীর্ঘ ক্লান্তিকর পথ চলার শেষে একা একা টেলিভিশন দেখবি।	তুই আগামীকাল দীর্ঘ ক্লান্তিকর পথ চলার শেষে একা একা টেলিভিশন দেখবেন।
sva_01228	sva	p2_int	p2_fam		long	fut	তুই আগামীকাল পরীক্ষার প্রস্তুতির ফাঁকে অল্প সময়ের জন্য টেলিভিশন দেখবি।	তুই আগামীকাল পরীক্ষার প্রস্তুতির ফাঁকে অল্প সময়ের জন্য টেলিভিশন দেখবে।
sva_01229	sva	p2_int	p2_hon		long	fut	তুই কিছুদিন পরে সব রকমের ব্যস্ততার মধ্যেও খুব মন দিয়ে টেলিভিশন দেখবি।	তুই কিছুদিন পরে সব রকমের ব্যস্ততার মধ্যেও খুব মন দিয়ে টেলিভিশন দেখবেন।
sva_01230	sva	p2_fam	p3_hon		none	fut	তুমি টেলিভিশন দেখবে।	তুমি টেলিভিশন দেখবেন।
sva_01231	sva	p2_fam	p2_hon		short	fut	তুমি আগামীকাল টেলিভিশন দেখবে।	তুমি আগামীকাল টেলিভিশন দেখবেন।
sva_01232	sva	p2_fam	p2_hon		medium	fut	তুমি কিছুদিন পরে বন্ধুদের সঙ্গে টেলিভিশন দেখবে।	তুমি কিছুদিন পরে বন্ধুদের সঙ্গে টেলিভিশন দেখবেন।
sva_01233	sva	p2_fam	p3_hon		medium	fut	তুমি আগামীকাল খুব মন দিয়ে টেলিভিশন দেখবে।	তুমি আগামীকাল খুব মন দিয়ে টেলিভিশন দেখবেন।
sva_01234	sva	p2_fam	p2_hon		medium	fut	তুমি আগামী সপ্তাহে একা একা টেলিভিশন দেখবে।	তুমি আগামী সপ্তাহে একা একা টেলিভিশন দেখবেন।
sva_01235	sva	p2_fam	p2_hon		medium	fut	তুমি কিছুদিন পরে বাড়ির কাজ শেষ করে টেলিভিশন দেখবে।	তুমি কিছুদিন পরে বাড়ির কাজ শেষ করে টেলিভিশন দেখবেন।
sva_01236	sva	p2_fam	p2_hon		long	fut	তুমি কিছুদিন পরে বাড়ির সব কাজ শেষ করে বন্ধুদের সঙ্গে টেলিভিশন দেখবে।	তুমি কিছুদিন পরে বাড়ির সব কাজ শেষ করে বন্ধুদের সঙ্গে টেলিভিশন দেখবেন।
sva_01237	sva	p2_fam	p2_hon		long	fut	তুমি কিছুদিন পরে দীর্ঘ ক্লান্তিকর পথ চলার শেষে একা একা টেলিভিশন দেখবে।	তুমি কিছুদিন পরে দীর্ঘ ক্লান্তিকর পথ চলার শেষে একা একা টেলিভিশন দেখবেন।
sva_01238	sva	p2_fam	p1		long	fut	তুমি আগামীকাল পরীক্ষার প্রস্তুতির ফাঁকে অল্প সময়ের জন্য টেলিভিশন দেখবে।	তুমি আগামীকাল পরীক্ষার প্রস্তুতির ফাঁকে অল্প সময়ের জন্য টেলিভিশন দেখব।
sva_01239	sva	p2_fam	p3_hon		long	fut	তুমি কিছুদিন পরে সব রকমের ব্যস্ততার মধ্যেও খুব মন দিয়ে টেলিভিশন দেখবে।	তুমি কিছুদিন পরে সব রকমের ব্যস্ততার মধ্যেও খুব মন দিয়ে টেলিভিশন দেখবেন।
sva_01240	sva	p2_hon	p1		none	fut	আপনি টেলিভিশন দেখবেন।	আপনি টেলিভিশন দেখব।
sva_01241	sva	p2_hon	p2_int		short	fut	আপনি আগামীকাল টেলিভিশন দেখবেন।	আপনি আগামীকাল টেলিভিশন দেখবি।
sva_01242	sva	p2_hon	p1		medium	fut	আপনি কিছুদিন পরে বন্ধুদের সঙ্গে টেলিভিশন দেখবেন।	আপনি কিছুদিন পরে বন্ধুদের সঙ্গে টেলিভিশন দেখব।
sva_01243	sva	p2_hon	p1		medium	fut	আপনি কিছুদিন পরে খুব মন দিয়ে টেলিভিশন দেখবেন।	আপনি কিছুদিন পরে খুব মন দিয়ে টেলিভিশন দেখব।
sva_01244	sva	p2_hon	p3_ord		medium	fut	আপনি আগামী সপ্তাহে একা একা টেলিভিশন দেখবেন।	আপনি আগামী সপ্তাহে একা একা টেলিভিশন দেখবে।
sva_01245	sva	p2_hon	p2_int		medium	fut	আপনি আগামী সপ্তাহে বাড়ির কাজ শেষ করে টেলিভিশন দেখবেন।	আপনি আগামী সপ্তাহে বাড়ির কাজ শেষ করে টেলিভিশন দেখবি।
sva_01246	sva	p2_hon	p2_int		long	fut	আপনি কিছুদিন পরে বাড়ির সব কাজ শেষ করে বন্ধুদের সঙ্গে টেলিভিশন দেখবেন।	আপনি কিছুদিন পরে বাড়ির সব কাজ শেষ করে বন্ধুদের সঙ্গে টেলিভিশন দেখবি।
sva_01247	sva	p2_hon	p3_ord		long	fut	আপনি আগামী সপ্তাহে দীর্ঘ ক্লান্তিকর পথ চলার শেষে একা একা টেলিভিশন দেখবেন।	আপনি আগামী সপ্তাহে দীর্ঘ ক্লান্তিকর পথ চলার শেষে একা একা টেলিভিশন দেখবে।
sva_01248	sva	p2_hon	p3_ord		long	fut	আপনি আগামীকাল পরীক্ষার প্রস্তুতির ফাঁকে অল্প সময়ের জন্য টেলিভিশন দেখবেন।	আপনি আগামীকাল পরীক্ষার প্রস্তুতির ফাঁকে অল্প সময়ের জন্য টেলিভিশন দেখবে।
sva_01249	sva	p2_hon	p2_int		long	fut	আপনি আগামীকাল সব রকমের ব্যস্ততার মধ্যেও খুব মন দিয়ে টেলিভিশন দেখবেন।	আপনি আগামীকাল সব রকমের ব্যস্ততার মধ্যেও খুব মন দিয়ে টেলিভিশন দেখবি।
sva_01250	sva	p3_ord	p2_hon		none	fut	সে টেলিভিশন দেখবে।	সে টেলিভিশন দেখবেন।
sva_01251	sva	p3_ord	p1		short	fut	সে আগামীকাল টেলিভিশন দেখবে।	সে আগামীকাল টেলিভিশন দেখব।
sva_01252	sva	p3_ord	p2_int		medium	fut	সে আগামীকাল বন্ধুদের সঙ্গে টেলিভিশন দেখবে।	সে আগামীকাল বন্ধুদের সঙ্গে টেলিভিশন দেখবি।
sva_01253	sva	p3_ord	p2_int		medium	fut	সে আগামীকাল খুব মন দিয়ে টেলিভিশন দেখবে।	সে আগামীকাল খুব মন দিয়ে টেলিভিশন দেখবি।
sva_01254	sva	p3_ord	p1		medium	fut	সে আগামীকাল একা একা টেলিভিশন দেখবে।	সে আগামীকাল একা একা টেলিভিশন দেখব।
sva_01255	sva	p3_ord	p2_hon		medium	fut	সে আগামীকাল বাড়ির কাজ শেষ করে টেলিভিশন দেখবে।	সে আগামীকাল বাড়ির কাজ শেষ করে টেলিভিশন দেখবেন।
sva_01256	sva	p3_ord	p1		long	fut	সে কিছুদিন পরে বাড়ির সব কাজ শেষ করে বন্ধুদের সঙ্গে টেলিভিশন দেখবে।	সে কিছুদিন পরে বাড়ির সব কাজ শেষ করে বন্ধুদের সঙ্গে টেলিভিশন দেখব।
sva_01257	sva	p3_ord	p3_hon		long	fut	সে আগামীকাল দীর্ঘ ক্লান্তিকর পথ চলার শেষে একা একা টেলিভিশন দেখবে।	সে আগামীকাল দীর্ঘ ক্লান্তিকর পথ চলার শেষে একা একা টেলিভিশন দেখবেন।
sva_01258	sva	p3_ord	p1		long	fut	সে আগামীকাল পরীক্ষার প্রস্তুতির ফাঁকে অল্প সময়ের জন্য টেলিভিশন দেখবে।	সে আগামীকাল পরীক্ষার প্রস্তুতির ফাঁকে অল্প সময়ের জন্য টেলিভিশন দেখব।
sva_01259	sva	p3_ord	p1		long	fut	সে আগামী সপ্তাহে সব রকমের ব্যস্ততার মধ্যেও খুব মন দিয়ে টেলিভিশন দেখবে।	সে আগামী সপ্তাহে সব রকমের ব্যস্ততার মধ্যেও খুব মন দিয়ে টেলিভিশন দেখব।
sva_01260	sva	p3_ord	p1		none	fut	ছেলেটি টেলিভিশন দেখবে।	ছেলেটি টেলিভিশন দেখব।
sva_01261	sva	p3_ord	p3_hon		short	fut	ছেলেটি আগামী সপ্তাহে টেলিভিশন দেখবে।	ছেলেটি আগামী সপ্তাহে টেলিভিশন দেখবেন।
sva_01262	sva	p3_ord	p3_hon		medium	fut	ছেলেটি আগামী সপ্তাহে বন্ধুদের সঙ্গে টেলিভিশন দেখবে।	ছেলেটি আগামী সপ্তাহে বন্ধুদের সঙ্গে টেলিভিশন দেখবেন।
sva_01263	sva	p3_ord	p2_int		medium	fut	ছেলেটি আগামী সপ্তাহে খুব মন দিয়ে টেলিভিশন দেখবে।	ছেলেটি আগামী সপ্তাহে খুব মন দিয়ে টেলিভিশন দেখবি।
sva_01264	sva	p3_ord	p1		medium	fut	ছেলেটি আগামীকাল একা একা টেলিভিশন দেখবে।	ছেলেটি আগামীকাল একা একা টেলিভিশন দেখব।
sva_01265	sva	p3_ord	p2_hon		medium	fut	ছেলেটি আগামীকাল বাড়ির কাজ শেষ করে টেলিভিশন দেখবে।	ছেলেটি আগামীকাল বাড়ির কাজ শেষ করে টেলিভিশন দেখবেন।
sva_01266	sva	p3_ord	p3_hon		long	fut	ছেলেটি আগামী সপ্তাহে বাড়ির সব কাজ শেষ করে বন্ধুদের সঙ্গে টেলিভিশন দেখবে।	ছেলেটি আগামী সপ্তাহে বাড়ির সব কাজ শেষ করে বন্ধুদের সঙ্গে টেলিভিশন দেখবেন।
sva_01267	sva	p3_ord	p2_hon		long	fut	ছেলেটি আগামী সপ্তাহে দীর্ঘ ক্লান্তিকর পথ চলার শেষে একা একা টেলিভিশন দেখবে।	ছেলেটি আগামী সপ্তাহে দীর্ঘ ক্লান্তিকর পথ চলার শেষে একা একা টেলিভিশন দেখবেন।
sva_01268	sva	p3_ord	p1		long	fut	ছেলেটি কিছুদিন পরে পরীক্ষার প্রস্তুতির ফাঁকে অল্প সময়ের জন্য টেলিভিশন দেখবে।	ছেলেটি কিছুদিন পরে পরীক্ষার প্রস্তুতির ফাঁকে অল্প সময়ের জন্য টেলিভিশন দেখব।
sva_01269	sva	p3_ord	p2_int		long	fut	ছেলেটি আগামী সপ্তাহে সব রকমের ব্যস্ততার মধ্যেও খুব মন দিয়ে টেলিভিশন দেখবে।	ছেলেটি আগামী সপ্তাহে সব রকমের ব্যস্ততার মধ্যেও খুব মন দিয়ে টেলিভিশন দেখবি।
sva_01270	sva	p3_ord	p2_hon		none	fut	মেয়েটি টেলিভিশন দেখবে।	মেয়েটি টেলিভিশন দেখবেন।
sva_01271	sva	p3_ord	p3_hon		short	fut	মেয়েটি কিছুদিন পরে টেলিভিশন দেখবে।	মেয়েটি কিছুদিন পরে টেলিভিশন দেখবেন।
sva_01272	sva	p3_ord	p2_hon		medium	fut	মেয়েটি কিছুদিন পরে বন্ধুদের সঙ্গে টেলিভিশন দেখবে।	মেয়েটি কিছুদিন পরে বন্ধুদের সঙ্গে টেলিভিশন দেখবেন।
sva_01273	sva	p3_ord	p1		medium	fut	মেয়েটি কিছুদিন পরে খুব মন দিয়ে টেলিভিশন দেখবে।	মেয়েটি কিছুদিন পরে খুব মন দিয়ে টেলিভিশন দেখব।
sva_01274	sva	p3_ord	p2_int		medium	fut	মেয়েটি কিছুদিন পরে একা একা টেলিভিশন দেখবে।	মেয়েটি কিছুদিন পরে একা একা টেলিভিশন দেখবি।
sva_01275	sva	p3_ord	p2_int		medium	fut	মেয়েটি আগামী সপ্তাহে বাড়ির কাজ শেষ করে টেলিভিশন দেখবে।	মেয়েটি আগামী সপ্তাহে বাড়ির কাজ শেষ করে টেলিভিশন দেখবি।
sva_01276	sva	p3_ord	p1		long	fut	মেয়েটি আগামী সপ্তাহে বাড়ির সব কাজ শেষ করে বন্ধুদের সঙ্গে টেলিভিশন দেখবে।	মেয়েটি আগামী সপ্তাহে বাড়ির সব কাজ শেষ করে বন্ধুদের সঙ্গে টেলিভিশন দেখব।
sva_01277	sva	p3_ord	p2_int		long	fut	মেয়েটি কিছুদিন পরে দীর্ঘ ক্লান্তিকর পথ চলার শেষে একা একা টেলিভিশন দেখবে।	মেয়েটি কিছুদিন পরে দীর্ঘ ক্লান্তিকর পথ চলার শেষে একা একা টেলিভিশন দেখবি।
sva_01278	sva	p3_ord	p3_hon		long	fut	মেয়েটি কিছুদিন পরে পরীক্ষার প্রস্তুতির ফাঁকে অল্প সময়ের জন্য টেলিভিশন দেখবে।	মেয়েটি কিছুদিন পরে পরীক্ষার প্রস্তুতির ফাঁকে অল্প সময়ের জন্য টেলিভিশন দেখবেন।
sva_01279	sva	p3_ord	p2_hon		long	fut	মেয়েটি কিছুদিন পরে সব রকমের ব্যস্ততার মধ্যেও খুব মন দিয়ে টেলিভিশন দেখবে।	মেয়েটি কিছুদিন পরে সব রকমের ব্যস্ততার মধ্যেও খুব মন দিয়ে টেলিভিশন দেখবেন।
sva_01280	sva	p3_ord	p2_int		none	fut	আমার বন্ধু টেলিভিশন দেখবে।	আমার বন্ধু টেলিভিশন দেখবি।
sva_01281	sva	p3_ord	p1		short	fut	আমার বন্ধু আগামী সপ্তাহে টেলিভিশন দেখবে।	আমার বন্ধু আগামী সপ্তাহে টেলিভিশন দেখব।
sva_01282	sva	p3_ord	p2_int		medium	fut	আমার বন্ধু কিছুদিন পরে বন্ধুদের সঙ্গে টেলিভিশন দেখবে।	আমার বন্ধু কিছুদিন পরে বন্ধুদের সঙ্গে টেলিভিশন দেখবি।
sva_01283	sva	p3_ord	p1		medium	fut	আমার বন্ধু আগামীকাল খুব মন দিয়ে টেলিভিশন দেখবে।	আমার বন্ধু আগামীকাল খুব মন দিয়ে টেলিভিশন দেখব।
sva_01284	sva	p3_ord	p3_hon		medium	fut	আমার বন্ধু আগামী সপ্তাহে একা একা টেলিভিশন দেখবে।	আমার বন্ধু আগামী সপ্তাহে একা একা টেলিভিশন দেখবেন।
sva_01285	sva	p3_ord	p1		medium	fut	আমার বন্ধু আগামীকাল বাড়ির কাজ শেষ করে টেলিভিশন দেখবে।	আমার বন্ধু আগামীকাল বাড়ির কাজ শেষ করে টেলিভিশন দেখব।
sva_01286	sva	p3_ord	p2_hon		long	fut	আমার বন্ধু আগামীকাল বাড়ির সব কাজ শেষ করে বন্ধুদের সঙ্গে টেলিভিশন দেখবে।	আমার বন্ধু আগামীকাল বাড়ির সব কাজ শেষ করে বন্ধুদের সঙ্গে টেলিভিশন দেখবেন।
sva_01287	sva	p3_ord	p1		long	fut	আমার বন্ধু আগামীকাল দীর্ঘ ক্লান্তিকর পথ চলার শেষে একা একা টেলিভিশন দেখবে।	আমার বন্ধু আগামীকাল দীর্ঘ ক্লান্তিকর পথ চলার শেষে একা একা টেলিভিশন দেখব।
sva_01288	sva	p3_ord	p2_int		long	fut	আমার বন্ধু আগামীকাল পরীক্ষার প্রস্তুতির ফাঁকে অল্প সময়ের জন্য টেলিভিশন দেখবে।	আমার বন্ধু আগামীকাল পরীক্ষার প্রস্তুতির ফাঁকে অল্প সময়ের জন্য টেলিভিশন দেখবি।
sva_01289	sva	p3_ord	p2_int		long	fut	আমার বন্ধু আগামী সপ্তাহে সব রকমের ব্যস্ততার মধ্যেও খুব মন দিয়ে টেলিভিশন দেখবে।	আমার বন্ধু আগামী সপ্তাহে সব রকমের ব্যস্ততার মধ্যেও খুব মন দিয়ে টেলিভিশন দেখবি।
sva_01290	sva	p3_ord	p2_int		none	fut	রহিম টেলিভিশন দেখবে।	রহিম টেলিভিশন দেখবি।
sva_01291	sva	p3_ord	p2_int		short	fut	রহিম আগামী সপ্তাহে টেলিভিশন দেখবে।	রহিম আগামী সপ্তাহে টেলিভিশন দেখবি।
sva_01292	sva	p3_ord	p2_hon		medium	fut	রহিম কিছুদিন পরে বন্ধুদের সঙ্গে টেলিভিশন দেখবে।	রহিম কিছুদিন পরে বন্ধুদের সঙ্গে টেলিভিশন দেখবেন।
sva_01293	sva	p3_ord	p2_int		medium	fut	রহিম আগামী সপ্তাহে খুব মন দিয়ে টেলিভিশন দেখবে।	রহিম আগামী সপ্তাহে খুব মন দিয়ে টেলিভিশন দেখবি।
sva_01294	sva	p3_ord	p2_int		medium	fut	রহিম আগামী সপ্তাহে একা একা টেলিভিশন দেখবে।	রহিম আগামী সপ্তাহে একা একা টেলিভিশন দেখবি।
sva_01295	sva	p3_ord	p3_hon		medium	fut	রহিম আগামী সপ্তাহে বাড়ির কাজ শেষ করে টেলিভিশন দেখবে।	রহিম আগামী সপ্তাহে বাড়ির কাজ শেষ করে টেলিভিশন দেখবেন।
sva_01296	sva	p3_ord	p1		long	fut	রহিম কিছুদিন পরে বাড়ির সব কাজ শেষ করে বন্ধুদের সঙ্গে টেলিভিশন দেখবে।	রহিম কিছুদিন পরে বাড়ির সব কাজ শেষ করে বন্ধুদের সঙ্গে টেলিভিশন দেখব।
sva_01297	sva	p3_ord	p2_int		long	fut	রহিম কিছুদিন পরে দীর্ঘ ক্লান্তিকর পথ চলার শেষে একা একা টেলিভিশন দেখবে।	রহিম কিছুদিন পরে দীর্ঘ ক্লান্তিকর পথ চলার শেষে একা একা টেলিভিশন দেখবি।
sva_01298	sva	p3_ord	p2_int		long	fut	রহিম কিছুদিন পরে পরীক্ষার প্রস্তুতির ফাঁকে অল্প সময়ের জন্য টেলিভিশন দেখবে।	রহিম কিছুদিন পরে পরীক্ষার প্রস্তুতির ফাঁকে অল্প সময়ের জন্য টেলিভিশন দেখবি।
sva_01299	sva	p3_ord	p2_int		long	fut	রহিম আগামীকাল সব রকমের ব্যস্ততার মধ্যেও খুব মন দিয়ে টেলিভিশন দেখবে।	রহিম আগামীকাল সব রকমের ব্যস্ততার মধ্যেও খুব মন দিয়ে টেলিভিশন দেখবি।
sva_01300	sva	p3_hon	p1		none	fut	তিনি টেলিভিশন দেখবেন।	তিনি টেলিভিশন দেখব।
sva_01301	sva	p3_hon	p2_int		short	fut	তিনি কিছুদিন পরে টেলিভিশন দেখবেন।	তিনি কিছুদিন পরে টেলিভিশন দেখবি।
sva_01302	sva	p3_hon	p2_int		medium	fut	তিনি আগামীকাল বন্ধুদের সঙ্গে টেলিভিশন দেখবেন।	তিনি আগামীকাল বন্ধুদের সঙ্গে টেলিভিশন দেখবি।
sva_01303	sva	p3_hon	p3_ord		medium	fut	তিনি আগামী সপ্তাহে খুব মন দিয়ে টেলিভিশন দেখবেন।	তিনি আগামী সপ্তাহে খুব মন দিয়ে টেলিভিশন দেখবে।
sva_01304	sva	p3_hon	p2_int		medium	fut	তিনি আগামীকাল একা একা টেলিভিশন দেখবেন।	তিনি আগামীকাল একা একা টেলিভিশন দেখবি।
sva_01305	sva	p3_hon	p1		medium	fut	তিনি আগামী সপ্তাহে বাড়ির কাজ শেষ করে টেলিভিশন দেখবেন।	তিনি আগামী সপ্তাহে বাড়ির কাজ শেষ করে টেলিভিশন দেখব।
sva_01306	sva	p3_hon	p2_fam		long	fut	তিনি আগামী সপ্তাহে বাড়ির সব কাজ শেষ করে বন্ধুদের সঙ্গে টেলিভিশন দেখবেন।	তিনি আগামী সপ্তাহে বাড়ির সব কাজ শেষ করে বন্ধুদের সঙ্গে টেলিভিশন দেখবে।
sva_01307	sva	p3_hon	p3_ord		long	fut	তিনি কিছুদিন পরে দীর্ঘ ক্লান্তিকর পথ চলার শেষে একা একা টেলিভিশন দেখবেন।	তিনি কিছুদিন পরে দীর্ঘ ক্লান্তিকর পথ চলার শেষে একা একা টেলিভিশন দেখবে।
sva_01308	sva	p3_hon	p2_int		long	fut	তিনি কিছুদিন পরে পরীক্ষার প্রস্তুতির ফাঁকে অল্প সময়ের জন্য টেলিভিশন দেখবেন।	তিনি কিছুদিন পরে পরীক্ষার প্রস্তুতির ফাঁকে অল্প সময়ের জন্য টেলিভিশন দেখবি।
sva_01309	sva	p3_hon	p2_int		long	fut	তিনি আগামীকাল সব রকমের ব্যস্ততার মধ্যেও খুব মন দিয়ে টেলিভিশন দেখবেন।	তিনি আগামীকাল সব রকমের ব্যস্ততার মধ্যেও খুব মন দিয়ে টেলিভিশন দেখবি।
sva_01310	sva	p3_hon	p3_ord		none	fut	উনি টেলিভিশন দেখবেন।	উনি টেলিভিশন দেখবে।
sva_01311	sva	p3_hon	p1		short	fut	উনি আগামী সপ্তাহে টেলিভিশন দেখবেন।	উনি আগামী সপ্তাহে টেলিভিশন দেখব।
sva_01312	sva	p3_hon	p2_int		medium	fut	উনি আগামীকাল বন্ধুদের সঙ্গে টেলিভিশন দেখবেন।	উনি আগামীকাল বন্ধুদের সঙ্গে টেলিভিশন দেখবি।
sva_01313	sva	p3_hon	p2_int		medium	fut	উনি কিছুদিন পরে খুব মন দিয়ে টেলিভিশন দেখবেন।	উনি কিছুদিন পরে খুব মন দিয়ে টেলিভিশন দেখবি।
sva_01314	sva	p3_hon	p3_ord		medium	fut	উনি আগামী সপ্তাহে একা একা টেলিভিশন দেখবেন।	উনি আগামী সপ্তাহে একা একা টেলিভিশন দেখবে।
sva_01315	sva	p3_hon	p3_ord		medium	fut	উনি আগামী সপ্তাহে বাড়ির কাজ শেষ করে টেলিভিশন দেখবেন।	উনি আগামী সপ্তাহে বাড়ির কাজ শেষ করে টেলিভিশন দেখবে।
sva_01316	sva	p3_hon	p1		long	fut	উনি আগামীকাল বাড়ির সব কাজ শেষ করে বন্ধুদের সঙ্গে টেলিভিশন দেখবেন।	উনি আগামীকাল বাড়ির সব কাজ শেষ করে বন্ধুদের সঙ্গে টেলিভিশন দেখব।
sva_01317	sva	p3_hon	p1		long	fut	উনি আগামী সপ্তাহে দীর্ঘ ক্লান্তিকর পথ চলার শেষে একা একা টেলিভিশন দেখবেন।	উনি আগামী সপ্তাহে দীর্ঘ ক্লান্তিকর পথ চলার শেষে একা একা টেলিভিশন দেখব।
sva_01318	sva	p3_hon	p2_fam		long	fut	উনি আগামীকাল পরীক্ষার প্রস্তুতির ফাঁকে অল্প সময়ের জন্য টেলিভিশন দেখবেন।	উনি আগামীকাল পরীক্ষার প্রস্তুতির ফাঁকে অল্প সময়ের জন্য টেলিভিশন দেখবে।
sva_01319	sva	p3_hon	p1		long	fut	উনি আগামী সপ্তাহে সব রকমের ব্যস্ততার মধ্যেও খুব মন দিয়ে টেলিভিশন দেখবেন।	উনি আগামী সপ্তাহে সব রকমের ব্যস্ততার মধ্যেও খুব মন দিয়ে টেলিভিশন দেখব।
sva_01320	sva	p1	p2_hon		none	pres	আমি চিঠি লিখি।	আমি চিঠি লেখেন।
sva_01321	sva	p1	p2_fam		short	pres	আমি সাধারণত চিঠি লিখি।	আমি সাধারণত চিঠি লেখো।
sva_01322	sva	p1	p3_hon		medium	pres	আমি প্রতিদিন বন্ধুদের সঙ্গে চিঠি লিখি।	আমি প্রতিদিন বন্ধুদের সঙ্গে চিঠি লেখেন।
sva_01323	sva	p1	p2_int		medium	pres	আমি প্রায়ই খুব মন দিয়ে চিঠি লিখি।	আমি প্রায়ই খুব মন দিয়ে চিঠি লিখিস।
sva_01324	sva	p1	p2_hon		medium	pres	আমি প্রতিদিন একা একা চিঠি লিখি।	আমি প্রতিদিন একা একা চিঠি লেখেন।
sva_01325	sva	p1	p2_int		medium	pres	আমি প্রায়ই বাড়ির কাজ শেষ করে চিঠি লিখি।	আমি প্রায়ই বাড়ির কাজ শেষ করে চিঠি লিখিস।
sva_01326	sva	p1	p3_ord		long	pres	আমি প্রতিদিন বাড়ির সব কাজ শেষ করে বন্ধুদের সঙ্গে চিঠি লিখি।	আমি প্রতিদিন বাড়ির সব কাজ শেষ করে বন্ধুদের সঙ্গে চিঠি লেখে।
sva_01327	sva	p1	p3_ord		long	pres	আমি সাধারণত দীর্ঘ ক্লান্তিকর পথ চলার শেষে একা একা চিঠি লিখি।	আমি সাধারণত দীর্ঘ ক্লান্তিকর পথ চলার শেষে একা একা চিঠি লেখে।
sva_01328	sva	p1	p3_hon		long	pres	আমি প্রায়ই পরীক্ষার প্রস্তুতির ফাঁকে অল্প সময়ের জন্য চিঠি লিখি।	আমি প্রায়ই পরীক্ষার প্রস্তুতির ফাঁকে অল্প সময়ের জন্য চিঠি লেখেন।
sva_01329	sva	p1	p3_ord		long	pres	আমি প্রতিদিন সব রকমের ব্যস্ততার মধ্যেও খুব মন দিয়ে চিঠি লিখি।	আমি প্রতিদিন সব রকমের ব্যস্ততার মধ্যেও খুব মন দিয়ে চিঠি লেখে।
sva_01330	sva	p2_int	p1		none	pres	তুই চিঠি লিখিস।	তুই চিঠি লিখি।
sva_01331	sva	p2_int	p1		short	pres	তুই প্রায়ই চিঠি লিখিস।	তুই প্রায়ই চিঠি লিখি।
sva_01332	sva	p2_int	p2_fam		medium	pres	তুই প্রতিদিন বন্ধুদের সঙ্গে চিঠি লিখিস।	তুই প্রতিদিন বন্ধুদের সঙ্গে চিঠি লেখো।
sva_01333	sva	p2_int	p2_fam		medium	pres	তুই সাধারণত খুব মন দিয়ে চিঠি লিখিস।	তুই সাধারণত খুব মন দিয়ে চিঠি লেখো।
sva_01334	sva	p2_int	p1		medium	pres	তুই সাধারণত একা একা চিঠি লিখিস।	তুই সাধারণত একা একা চিঠি লিখি।
sva_01335	sva	p2_int	p2_hon		medium	pres	তুই প্রতিদিন বাড়ির কাজ শেষ করে চিঠি লিখিস।	তুই প্রতিদিন বাড়ির কাজ শেষ করে চিঠি লেখেন।
sva_01336	sva	p2_int	p2_hon		long	pres	তুই সাধারণত বাড়ির সব কাজ শেষ করে বন্ধুদের সঙ্গে চিঠি লিখিস।	তুই সাধারণত বাড়ির সব কাজ শেষ করে বন্ধুদের সঙ্গে চিঠি লেখেন।
sva_01337	sva	p2_int	p2_fam		long	pres	তুই প্রায়ই দীর্ঘ ক্লান্তিকর পথ চলার শেষে একা একা চিঠি লিখিস।	তুই প্রায়ই দীর্ঘ ক্লান্তিকর পথ চলার শেষে একা একা চিঠি লেখো।
sva_01338	sva	p2_int	p1		long	pres	তুই প্রতিদিন পরীক্ষার প্রস্তুতির ফাঁকে অল্প সময়ের জন্য চিঠি লিখিস।	তুই প্রতিদিন পরীক্ষার প্রস্তুতির ফাঁকে অল্প সময়ের জন্য চিঠি লিখি।
sva_01339	sva	p2_int	p3_hon		long	pres	তুই প্রতিদিন সব রকমের ব্যস্ততার মধ্যেও খুব মন দিয়ে চিঠি লিখিস।	তুই প্রতিদিন সব রকমের ব্যস্ততার মধ্যেও খুব মন দিয়ে চিঠি লেখেন।
sva_01340	sva	p2_fam	p1		none	pres	তুমি চিঠি লেখো।	তুমি চিঠি লিখি।
sva_01341	sva	p2_fam	p3_ord		short	pres	তুমি প্রতিদিন চিঠি লেখো।	তুমি প্রতিদিন চিঠি লেখে।
sva_01342	sva	p2_fam	p2_int		medium	pres	তুমি সাধারণত বন্ধুদের সঙ্গে চিঠি লেখো।	তুমি সাধারণত বন্ধুদের সঙ্গে চিঠি লিখিস।
sva_01343	sva	p2_fam	p2_hon		medium	pres	তুমি সাধারণত খুব মন দিয়ে চিঠি লেখো।	তুমি সাধারণত খুব মন দিয়ে চিঠি লেখেন।
sva_01344	sva	p2_fam	p2_int		medium	pres	তুমি প্রায়ই একা একা চিঠি লেখো।	তুমি প্রায়ই একা একা চিঠি লিখিস।
sva_01345	sva	p2_fam	p3_ord		medium	pres	তুমি প্রতিদিন বাড়ির কাজ শেষ করে চিঠি লেখো।	তুমি প্রতিদিন বাড়ির কাজ শেষ করে চিঠি লেখে।
sva_01346	sva	p2_fam	p2_hon		long	pres	তুমি সাধারণত বাড়ির সব কাজ শেষ করে বন্ধুদের সঙ্গে চিঠি লেখো।	তুমি সাধারণত বাড়ির সব কাজ শেষ করে বন্ধুদের সঙ্গে চিঠি লেখেন।
sva_01347	sva	p2_fam	p2_hon		long	pres	তুমি প্রতিদিন দীর্ঘ ক্লান্তিকর পথ চলার শেষে একা একা চিঠি লেখো।	তুমি প্রতিদিন দীর্ঘ ক্লান্তিকর পথ চলার শেষে একা একা চিঠি লেখেন।
sva_01348	sva	p2_fam	p3_hon		long	pres	তুমি প্রতিদিন পরীক্ষার প্রস্তুতির ফাঁকে অল্প সময়ের জন্য চিঠি লেখো।	তুমি প্রতিদিন পরীক্ষার প্রস্তুতির ফাঁকে অল্প সময়ের জন্য চিঠি লেখেন।
sva_01349	sva	p2_fam	p3_hon		long	pres	তুমি প্রায়ই সব রকমের ব্যস্ততার মধ্যেও খুব মন দিয়ে চিঠি লেখো।	তুমি প্রায়ই সব রকমের ব্যস্ততার মধ্যেও খুব মন দিয়ে চিঠি লেখেন।
sva_01350	sva	p2_hon	p2_int		none	pres	আপনি চিঠি লেখেন।	আপনি চিঠি লিখিস।
sva_01351	sva	p2_hon	p1		short	pres	আপনি সাধারণত চিঠি লেখেন।	আপনি সাধারণত চিঠি লিখি।
sva_01352	sva	p2_hon	p2_fam		medium	pres	আপনি প্রায়ই বন্ধুদের সঙ্গে চিঠি লেখেন।	আপনি প্রায়ই বন্ধুদের সঙ্গে চিঠি লেখো।
sva_01353	sva	p2_hon	p3_ord		medium	pres	আপনি প্রায়ই খুব মন দিয়ে চিঠি লেখেন।	আপনি প্রায়ই খুব মন দিয়ে চিঠি লেখে।
sva_01354	sva	p2_hon	p3_ord		medium	pres	আপনি সাধারণত একা একা চিঠি লেখেন।	আপনি সাধারণত একা একা চিঠি লেখে।
sva_01355	sva	p2_hon	p3_ord		medium	pres	আপনি প্রায়ই বাড়ির কাজ শেষ করে চিঠি লেখেন।	আপনি প্রায়ই বাড়ির কাজ শেষ করে চিঠি লেখে।
sva_01356	sva	p2_hon	p2_fam		long	pres	আপনি প্রায়ই বাড়ির সব কাজ শেষ করে বন্ধুদের সঙ্গে চিঠি লেখেন।	আপনি প্রায়ই বাড়ির সব কাজ শেষ করে বন্ধুদের সঙ্গে চিঠি লেখো।
sva_01357	sva	p2_hon	p2_fam		long	pres	আপনি প্রায়ই দীর্ঘ ক্লান্তিকর পথ চলার শেষে একা একা চিঠি লেখেন।	আপনি প্রায়ই দীর্ঘ ক্লান্তিকর পথ চলার শেষে একা একা চিঠি লেখো।
sva_01358	sva	p2_hon	p1		long	pres	আপনি প্রতিদিন পরীক্ষার প্রস্তুতির ফাঁকে অল্প সময়ের জন্য চিঠি লেখেন।	আপনি প্রতিদিন পরীক্ষার প্রস্তুতির ফাঁকে অল্প সময়ের জন্য চিঠি লিখি।
sva_01359	sva	p2_hon	p3_ord		long	pres	আপনি প্রায়ই সব রকমের ব্যস্ততার মধ্যেও খুব মন দিয়ে চিঠি লেখেন।	আপনি প্রায়ই সব রকমের ব্যস্ততার মধ্যেও খুব মন দিয়ে চিঠি লেখে।
sva_01360	sva	p3_ord	p2_fam		none	pres	সে চিঠি লেখে।	সে চিঠি লেখো।
sva_01361	sva	p3_ord	p2_fam		short	pres	সে প্রায়ই চিঠি লেখে।	সে প্রায়ই চিঠি লেখো।
sva_01362	sva	p3_ord	p2_int		medium	pres	সে সাধারণত বন্ধুদের সঙ্গে চিঠি লেখে।	সে সাধারণত বন্ধুদের সঙ্গে চিঠি লিখিস।
sva_01363	sva	p3_ord	p3_hon		medium	pres	সে প্রতিদিন খুব মন দিয়ে চিঠি লেখে।	সে প্রতিদিন খুব মন দিয়ে চিঠি লেখেন।
sva_01364	sva	p3_ord	p2_int		medium	pres	সে প্রায়ই একা একা চিঠি লেখে।	সে প্রায়ই একা একা চিঠি লিখিস।
sva_01365	sva	p3_ord	p3_hon		medium	pres	সে সাধারণত বাড়ির কাজ শেষ করে চিঠি লেখে।	সে সাধারণত বাড়ির কাজ শেষ করে চিঠি লেখেন।
sva_01366	sva	p3_ord	p3_hon		long	pres	সে প্রতিদিন বাড়ির সব কাজ শেষ করে বন্ধুদের সঙ্গে চিঠি লেখে।	সে প্রতিদিন বাড়ির সব কাজ শেষ করে বন্ধুদের সঙ্গে চিঠি লেখেন।
sva_01367	sva	p3_ord	p1		long	pres	সে প্রায়ই দীর্ঘ ক্লান্তিকর পথ চলার শেষে একা একা চিঠি লেখে।	সে প্রায়ই দীর্ঘ ক্লান্তিকর পথ চলার শেষে একা একা চিঠি লিখি।
sva_01368	sva	p3_ord	p2_hon		long	pres	সে সাধারণত পরীক্ষার প্রস্তুতির ফাঁকে অল্প সময়ের জন্য চিঠি লেখে।	সে সাধারণত পরীক্ষার প্রস্তুতির ফাঁকে অল্প সময়ের জন্য চিঠি লেখেন।
sva_01369	sva	p3_ord	p2_hon		long	pres	সে প্রায়ই সব রকমের ব্যস্ততার মধ্যেও খুব মন দিয়ে চিঠি লেখে।	সে প্রায়ই সব রকমের ব্যস্ততার মধ্যেও খুব মন দিয়ে চিঠি লেখেন।
sva_01370	sva	p3_ord	p1		none	pres	ছেলেটি চিঠি লেখে।	ছেলেটি চিঠি লিখি।
sva_01371	sva	p3_ord	p2_hon		short	pres	ছেলেটি প্রায়ই চিঠি লেখে।	ছেলেটি প্রায়ই চিঠি লেখেন।
sva_01372	sva	p3_ord	p2_hon		medium	pres	ছেলেটি সাধারণত বন্ধুদের সঙ্গে চিঠি লেখে।	ছেলেটি সাধারণত বন্ধুদের সঙ্গে চিঠি লেখেন।
sva_01373	sva	p3_ord	p2_int		medium	pres	ছেলেটি প্রতিদিন খুব মন দিয়ে চিঠি লেখে।	ছেলেটি প্রতিদিন খুব মন দিয়ে চিঠি লিখিস।
sva_01374	sva	p3_ord	p2_fam		medium	pres	ছেলেটি প্রায়ই একা একা চিঠি লেখে।	ছেলেটি প্রায়ই একা একা চিঠি লেখো।
sva_01375	sva	p3_ord	p3_hon		medium	pres	ছেলেটি প্রায়ই বাড়ির কাজ শেষ করে চিঠি লেখে।	ছেলেটি প্রায়ই বাড়ির কাজ শেষ করে চিঠি লেখেন।
sva_01376	sva	p3_ord	p2_hon		long	pres	ছেলেটি প্রায়ই বাড়ির সব কাজ শেষ করে বন্ধুদের সঙ্গে চিঠি লেখে।	ছেলেটি প্রায়ই বাড়ির সব কাজ শেষ করে বন্ধুদের সঙ্গে চিঠি লেখেন।
sva_01377	sva	p3_ord	p2_fam		long	pres	ছেলেটি সাধারণত দীর্ঘ ক্লান্তিকর পথ চলার শেষে একা একা চিঠি লেখে।	ছেলেটি সাধারণত দীর্ঘ ক্লান্তিকর পথ চলার শেষে একা একা চিঠি লেখো।
sva_01378	sva	p3_ord	p2_fam		long	pres	ছেলেটি প্রতিদিন পরীক্ষার প্রস্তুতির ফাঁকে অল্প সময়ের জন্য চিঠি লেখে।	ছেলেটি প্রতিদিন পরীক্ষার প্রস্তুতির ফাঁকে অল্প সময়ের জন্য চিঠি লেখো।
sva_01379	sva	p3_ord	p2_fam		long	pres	ছেলেটি প্রতিদিন সব রকমের ব্যস্ততার মধ্যেও খুব মন দিয়ে চিঠি লেখে।	ছেলেটি প্রতিদিন সব রকমের ব্যস্ততার মধ্যেও খুব মন দিয়ে চিঠি লেখো।
sva_01380	sva	p3_ord	p2_hon		none	pres	মেয়েটি চিঠি লেখে।	মেয়েটি চিঠি লেখেন।
sva_01381	sva	p3_ord	p2_hon		short	pres	মেয়েটি প্রতিদিন চিঠি লেখে।	মেয়েটি প্রতিদিন চিঠি লেখেন।
sva_01382	sva	p3_ord	p2_fam		medium	pres	মেয়েটি প্রায়ই বন্ধুদের সঙ্গে চিঠি লেখে।	মেয়েটি প্রায়ই বন্ধুদের সঙ্গে চিঠি লেখো।
sva_01383	sva	p3_ord	p3_hon		medium	pres	মেয়েটি প্রায়ই খুব মন দিয়ে চিঠি লেখে।	মেয়েটি প্রায়ই খুব মন দিয়ে চিঠি লেখেন।
sva_01384	sva	p3_ord	p3_hon		medium	pres	মেয়েটি প্রতিদিন একা একা চিঠি লেখে।	মেয়েটি প্রতিদিন একা একা চিঠি লেখেন।
sva_01385	sva	p3_ord	p1		medium	pres	মেয়েটি প্রায়ই বাড়ির কাজ শেষ করে চিঠি লেখে।	মেয়েটি প্রায়ই বাড়ির কাজ শেষ করে চিঠি লিখি।
sva_01386	sva	p3_ord	p3_hon		long	pres	মেয়েটি প্রতিদিন বাড়ির সব কাজ শেষ করে বন্ধুদের সঙ্গে চিঠি লেখে।	মেয়েটি প্রতিদিন বাড়ির সব কাজ শেষ করে বন্ধুদের সঙ্গে চিঠি লেখেন।
sva_01387	sva	p3_ord	p2_hon		long	pres	মেয়েটি প্রতিদিন দীর্ঘ ক্লান্তিকর পথ চলার শেষে একা একা চিঠি লেখে।	মেয়েটি প্রতিদিন দীর্ঘ ক্লান্তিকর পথ চলার শেষে একা একা চিঠি লেখেন।
sva_01388	sva	p3_ord	p2_hon		long	pres	মেয়েটি প্রায়ই পরীক্ষার প্রস্তুতির ফাঁকে অল্প সময়ের জন্য চিঠি লেখে।	মেয়েটি প্রায়ই পরীক্ষার প্রস্তুতির ফাঁকে অল্প সময়ের জন্য চিঠি লেখেন।
sva_01389	sva	p3_ord	p2_hon		long	pres	মেয়েটি প্রতিদিন সব রকমের ব্যস্ততার মধ্যেও খুব মন দিয়ে চিঠি লেখে।	মেয়েটি প্রতিদিন সব রকমের ব্যস্ততার মধ্যেও খুব মন দিয়ে চিঠি লেখেন।
sva_01390	sva	p3_ord	p2_hon		none	pres	আমার বন্ধু চিঠি লেখে।	আমার বন্ধু চিঠি লেখেন।
sva_01391	sva	p3_ord	p2_fam		short	pres	আমার বন্ধু সাধারণত চিঠি লেখে।	আমার বন্ধু সাধারণত চিঠি লেখো।
sva_01392	sva	p3_ord	p3_hon		medium	pres	আমার বন্ধু প্রায়ই বন্ধুদের সঙ্গে চিঠি লেখে।	আমার বন্ধু প্রায়ই বন্ধুদের সঙ্গে চিঠি লেখেন।
sva_01393	sva	p3_ord	p2_fam		medium	pres	আমার বন্ধু প্রায়ই খুব মন দিয়ে চিঠি লেখে।	আমার বন্ধু প্রায়ই খুব মন দিয়ে চিঠি লেখো।
sva_01394	sva	p3_ord	p2_int		medium	pres	আমার বন্ধু সাধারণত একা একা চিঠি লেখে।	আমার বন্ধু সাধারণত একা একা চিঠি লিখিস।
sva_01395	sva	p3_ord	p1		medium	pres	আমার বন্ধু প্রায়ই বাড়ির কাজ শেষ করে চিঠি লেখে।	আমার বন্ধু প্রায়ই বাড়ির কাজ শেষ করে চিঠি লিখি।
sva_01396	sva	p3_ord	p2_fam		long	pres	আমার বন্ধু প্রায়ই বাড়ির সব কাজ শেষ করে বন্ধুদের সঙ্গে চিঠি লেখে।	আমার বন্ধু প্রায়ই বাড়ির সব কাজ শেষ করে বন্ধুদের সঙ্গে চিঠি লেখো।
sva_01397	sva	p3_ord	p1		long	pres	আমার বন্ধু প্রতিদিন দীর্ঘ ক্লান্তিকর পথ চলার শেষে একা একা চিঠি লেখে।	আমার বন্ধু প্রতিদিন দীর্ঘ ক্লান্তিকর পথ চলার শেষে একা একা চিঠি লিখি।
sva_01398	sva	p3_ord	p2_hon		long	pres	আমার বন্ধু প্রায়ই পরীক্ষার প্রস্তুতির ফাঁকে অল্প সময়ের জন্য চিঠি লেখে।	আমার বন্ধু প্রায়ই পরীক্ষার প্রস্তুতির ফাঁকে অল্প সময়ের জন্য চিঠি লেখেন।
sva_01399	sva	p3_ord	p1		long	pres	আমার বন্ধু সাধারণত সব রকমের ব্যস্ততার মধ্যেও খুব মন দিয়ে চিঠি লেখে।	আমার বন্ধু সাধারণত সব রকমের ব্যস্ততার মধ্যেও খুব মন দিয়ে চিঠি লিখি।
sva_01400	sva	p3_ord	p2_hon		none	pres	রহিম চিঠি লেখে।	রহিম চিঠি লেখেন।
sva_01401	sva	p3_ord	p2_int		short	pres	রহিম প্রতিদিন চিঠি লেখে।	রহিম প্রতিদিন চিঠি লিখিস।
sva_01402	sva	p3_ord	p2_fam		medium	pres	রহিম সাধারণত বন্ধুদের সঙ্গে চিঠি লেখে।	রহিম সাধারণত বন্ধুদের সঙ্গে চিঠি লেখো।
sva_01403	sva	p3_ord	p1		medium	pres	রহিম প্রায়ই খুব মন দিয়ে চিঠি লেখে।	রহিম প্রায়ই খুব মন দিয়ে চিঠি লিখি।
sva_01404	sva	p3_ord	p2_hon		medium	pres	রহিম সাধারণত একা একা চিঠি লেখে।	রহিম সাধারণত একা একা চিঠি লেখেন।
sva_01405	sva	p3_ord	p3_hon		medium	pres	রহিম সাধারণত বাড়ির কাজ শেষ করে চিঠি লেখে।	রহিম সাধারণত বাড়ির কাজ শেষ করে চিঠি লেখেন।
sva_01406	sva	p3_ord	p2_hon		long	pres	রহিম প্রায়ই বাড়ির সব কাজ শেষ করে বন্ধুদের সঙ্গে চিঠি লেখে।	রহিম প্রায়ই বাড়ির সব কাজ শেষ করে বন্ধুদের সঙ্গে চিঠি লেখেন।
sva_01407	sva	p3_ord	p2_hon		long	pres	রহিম সাধারণত দীর্ঘ ক্লান্তিকর পথ চলার শেষে একা একা চিঠি লেখে।	রহিম সাধারণত দীর্ঘ ক্লান্তিকর পথ চলার শেষে একা একা চিঠি লেখেন।
sva_01408	sva	p3_ord	p1		long	pres	রহিম প্রায়ই পরীক্ষার প্রস্তুতির ফাঁকে অল্প সময়ের জন্য চিঠি লেখে।	রহিম প্রায়ই পরীক্ষার প্রস্তুতির ফাঁকে অল্প সময়ের জন্য চিঠি লিখি।
sva_01409	sva	p3_ord	p2_fam		long	pres	রহিম প্রায়ই সব রকমের ব্যস্ততার মধ্যেও খুব মন দিয়ে চিঠি লেখে।	রহিম প্রায়ই সব রকমের ব্যস্ততার মধ্যেও খুব মন দিয়ে চিঠি লেখো।
sva_01410	sva	p3_hon	p3_ord		none	pres	তিনি চিঠি লেখেন।	তিনি চিঠি লেখে।
sva_01411	sva	p3_hon	p2_fam		short	pres	তিনি প্রতিদিন চিঠি লেখেন।	তিনি প্রতিদিন চিঠি লেখো।
sva_01412	sva	p3_hon	p2_fam		medium	pres	তিনি প্রায়ই বন্ধুদের সঙ্গে চিঠি লেখেন।	তিনি প্রায়ই বন্ধুদের সঙ্গে চিঠি লেখো।
sva_01413	sva	p3_hon	p3_ord		medium	pres	তিনি প্রায়ই খুব মন দিয়ে চিঠি লেখেন।	তিনি প্রায়ই খুব মন দিয়ে চিঠি লেখে।
sva_01414	sva	p3_hon	p3_ord		medium	pres	তিনি সাধারণত একা একা চিঠি লেখেন।	তিনি সাধারণত একা একা চিঠি লেখে।
sva_01415	sva	p3_hon	p2_int		medium	pres	তিনি প্রতিদিন বাড়ির কাজ শেষ করে চিঠি লেখেন।	তিনি প্রতিদিন বাড়ির কাজ শেষ করে চিঠি লিখিস।
sva_01416	sva	p3_hon	p3_ord		long	pres	তিনি প্রায়ই বাড়ির সব কাজ শেষ করে বন্ধুদের সঙ্গে চিঠি লেখেন।	তিনি প্রায়ই বাড়ির সব কাজ শেষ করে বন্ধুদের সঙ্গে চিঠি লেখে।
sva_01417	sva	p3_hon	p3_ord		long	pres	তিনি সাধারণত দীর্ঘ ক্লান্তিকর পথ চলার শেষে একা একা চিঠি লেখেন।	তিনি সাধারণত দীর্ঘ ক্লান্তিকর পথ চলার শেষে একা একা চিঠি লেখে।
sva_01418	sva	p3_hon	p1		long	pres	তিনি সাধারণত পরীক্ষার প্রস্তুতির ফাঁকে অল্প সময়ের জন্য চিঠি লেখেন।	তিনি সাধারণত পরীক্ষার প্রস্তুতির ফাঁকে অল্প সময়ের জন্য চিঠি লিখি।
sva_01419	sva	p3_hon	p2_fam		long	pres	তিনি সাধারণত সব রকমের ব্যস্ততার মধ্যেও খুব মন দিয়ে চিঠি লেখেন।	তিনি সাধারণত সব রকমের ব্যস্ততার মধ্যেও খুব মন দিয়ে চিঠি লেখো।
sva_01420	sva	p3_hon	p2_fam		none	pres	উনি চিঠি লেখেন।	উনি চিঠি লেখো।
sva_01421	sva	p3_hon	p3_ord		short	pres	উনি প্রতিদিন চিঠি লেখেন।	উনি প্রতিদিন চিঠি লেখে।
sva_01422	sva	p3_hon	p1		medium	pres	উনি প্রতিদিন বন্ধুদের সঙ্গে চিঠি লেখেন।	উনি প্রতিদিন বন্ধুদের সঙ্গে চিঠি লিখি।
sva_01423	sva	p3_hon	p2_fam		medium	pres	উনি সাধারণত খুব মন দিয়ে চিঠি লেখেন।	উনি সাধারণত খুব মন দিয়ে চিঠি লেখো।
sva_01424	sva	p3_hon	p3_ord		medium	pres	উনি প্রায়ই একা একা চিঠি লেখেন।	উনি প্রায়ই একা একা চিঠি লেখে।
sva_01425	sva	p3_hon	p3_ord		medium	pres	উনি প্রতিদিন বাড়ির কাজ শেষ করে চিঠি লেখেন।	উনি প্রতিদিন বাড়ির কাজ শেষ করে চিঠি লেখে।
sva_01426	sva	p3_hon	p2_int		long	pres	উনি প্রতিদিন বাড়ির সব কাজ শেষ করে বন্ধুদের সঙ্গে চিঠি লেখেন।	উনি প্রতিদিন বাড়ির সব কাজ শেষ করে বন্ধুদের সঙ্গে চিঠি লিখিস।
sva_01427	sva	p3_hon	p2_int		long	pres	উনি প্রায়ই দীর্ঘ ক্লান্তিকর পথ চলার শেষে একা একা চিঠি লেখেন।	উনি প্রায়ই দীর্ঘ ক্লান্তিকর পথ চলার শেষে একা একা চিঠি লিখিস।
sva_01428	sva	p3_hon	p2_fam		long	pres	উনি সাধারণত পরীক্ষার প্রস্তুতির ফাঁকে অল্প সময়ের জন্য চিঠি লেখেন।	উনি সাধারণত পরীক্ষার প্রস্তুতির ফাঁকে অল্প সময়ের জন্য চিঠি লেখো।
sva_01429	sva	p3_hon	p3_ord		long	pres	উনি প্রতিদিন সব রকমের ব্যস্ততার মধ্যেও খুব মন দিয়ে চিঠি লেখেন।	উনি প্রতিদিন সব রকমের ব্যস্ততার মধ্যেও খুব মন দিয়ে চিঠি লেখে।
sva_01430	sva	p1	p2_int		none	past	আমি চিঠি লিখলাম।	আমি চিঠি লিখলি।
sva_01431	sva	p1	p3_hon		short	past	আমি গতকাল চিঠি লিখলাম।	আমি গতকাল চিঠি লিখলেন।
sva_01432	sva	p1	p2_hon		medium	past	আমি গতকাল বন্ধুদের সঙ্গে চিঠি লিখলাম।	আমি গতকাল বন্ধুদের সঙ্গে চিঠি লিখলেন।
sva_01433	sva	p1	p2_int		medium	past	আমি কাল সন্ধ্যায় খুব মন দিয়ে চিঠি লিখলাম।	আমি কাল সন্ধ্যায় খুব মন দিয়ে চিঠি লিখলি।
sva_01434	sva	p1	p3_hon		medium	past	আমি গতকাল একা একা চিঠি লিখলাম।	আমি গতকাল একা একা চিঠি লিখলেন।
sva_01435	sva	p1	p2_fam		medium	past	আমি গত সপ্তাহে বাড়ির কাজ শেষ করে চিঠি লিখলাম।	আমি গত সপ্তাহে বাড়ির কাজ শেষ করে চিঠি লিখলে।
sva_01436	sva	p1	p2_fam		long	past	আমি কাল সন্ধ্যায় বাড়ির সব কাজ শেষ করে বন্ধুদের সঙ্গে চিঠি লিখলাম।	আমি কাল সন্ধ্যায় বাড়ির সব কাজ শেষ করে বন্ধুদের সঙ্গে চিঠি লিখলে।
sva_01437	sva	p1	p2_int		long	past	আমি গতকাল দীর্ঘ ক্লান্তিকর পথ চলার শেষে একা একা চিঠি লিখলাম।	আমি গতকাল দীর্ঘ ক্লান্তিকর পথ চলার শেষে একা একা চিঠি লিখলি।
sva_01438	sva	p1	p3_hon		long	past	আমি কাল সন্ধ্যায় পরীক্ষার প্রস্তুতির ফাঁকে অল্প সময়ের জন্য চিঠি লিখলাম।	আমি কাল সন্ধ্যায় পরীক্ষার প্রস্তুতির ফাঁকে অল্প সময়ের জন্য চিঠি লিখলেন।
sva_01439	sva	p1	p2_int		long	past	আমি গত সপ্তাহে সব রকমের ব্যস্ততার মধ্যেও খুব মন দিয়ে চিঠি লিখলাম।	আমি গত সপ্তাহে সব রকমের ব্যস্ততার মধ্যেও খুব মন দিয়ে চিঠি লিখলি।
sva_01440	sva	p2_int	p2_fam		none	past	তুই চিঠি লিখলি।	তুই চিঠি লিখলে।
sva_01441	sva	p2_int	p3_hon		short	past	তুই কাল সন্ধ্যায় চিঠি লিখলি।	তুই কাল সন্ধ্যায় চিঠি লিখলেন।
sva_01442	sva	p2_int	p3_hon		medium	past	তুই কাল সন্ধ্যায় বন্ধুদের সঙ্গে চিঠি লিখলি।	তুই কাল সন্ধ্যায় বন্ধুদের সঙ্গে চিঠি লিখলেন।
sva_01443	sva	p2_int	p2_fam		medium	past	তুই গত সপ্তাহে খুব মন দিয়ে চিঠি লিখলি।	তুই গত সপ্তাহে খুব মন দিয়ে চিঠি লিখলে।
sva_01444	sva	p2_int	p1		medium	past	তুই গত সপ্তাহে একা একা চিঠি লিখলি।	তুই গত সপ্তাহে একা একা চিঠি লিখলাম।
sva_01445	sva	p2_int	p3_ord		medium	past	তুই গতকাল বাড়ির কাজ শেষ করে চিঠি লিখলি।	তুই গতকাল বাড়ির কাজ শেষ করে চিঠি লিখলো।
sva_01446	sva	p2_int	p3_ord		long	past	তুই গতকাল বাড়ির সব কাজ শেষ করে বন্ধুদের সঙ্গে চিঠি লিখলি।	তুই গতকাল বাড়ির সব কাজ শেষ করে বন্ধুদের সঙ্গে চিঠি লিখলো।
sva_01447	sva	p2_int	p1		long	past	তুই কাল সন্ধ্যায় দীর্ঘ ক্লান্তিকর পথ চলার শেষে একা একা চিঠি লিখলি।	তুই কাল সন্ধ্যায় দীর্ঘ ক্লান্তিকর পথ চলার শেষে একা একা চিঠি লিখলাম।
sva_01448	sva	p2_int	p3_ord		long	past	তুই গত সপ্তাহে পরীক্ষার প্রস্তুতির ফাঁকে অল্প সময়ের জন্য চিঠি লিখলি।	তুই গত সপ্তাহে পরীক্ষার প্রস্তুতির ফাঁকে অল্প সময়ের জন্য চিঠি লিখলো।
sva_01449	sva	p2_int	p2_hon		long	past	তুই কাল সন্ধ্যায় সব রকমের ব্যস্ততার মধ্যেও খুব মন দিয়ে চিঠি লিখলি।	তুই কাল সন্ধ্যায় সব রকমের ব্যস্ততার মধ্যেও খুব মন দিয়ে চিঠি লিখলেন।
sva_01450	sva	p2_fam	p2_int		none	past	তুমি চিঠি লিখলে।	তুমি চিঠি লিখলি।
sva_01451	sva	p2_fam	p1		short	past	তুমি গতকাল চিঠি লিখলে।	তুমি গতকাল চিঠি লিখলাম।
sva_01452	sva	p2_fam	p3_ord		medium	past	তুমি গতকাল বন্ধুদের সঙ্গে চিঠি লিখলে।	তুমি গতকাল বন্ধুদের সঙ্গে চিঠি লিখলো।
sva_01453	sva	p2_fam	p3_ord		medium	past	তুমি কাল সন্ধ্যায় খুব মন দিয়ে চিঠি লিখলে।	তুমি কাল সন্ধ্যায় খুব মন দিয়ে চিঠি লিখলো।
sva_01454	sva	p2_fam	p3_ord		medium	past	তুমি গতকাল একা একা চিঠি লিখলে।	তুমি গতকাল একা একা চিঠি লিখলো।
sva_01455	sva	p2_fam	p3_hon		medium	past	তুমি কাল সন্ধ্যায় বাড়ির কাজ শেষ করে চিঠি লিখলে।	তুমি কাল সন্ধ্যায় বাড়ির কাজ শেষ করে চিঠি লিখলেন।
sva_01456	sva	p2_fam	p1		long	past	তুমি কাল সন্ধ্যায় বাড়ির সব কাজ শেষ করে বন্ধুদের সঙ্গে চিঠি লিখলে।	তুমি কাল সন্ধ্যায় বাড়ির সব কাজ শেষ করে বন্ধুদের সঙ্গে চিঠি লিখলাম।
sva_01457	sva	p2_fam	p3_ord		long	past	তুমি গতকাল দীর্ঘ ক্লান্তিকর পথ চলার শেষে একা একা চিঠি লিখলে।	তুমি গতকাল দীর্ঘ ক্লান্তিকর পথ চলার শেষে একা একা চিঠি লিখলো।
sva_01458	sva	p2_fam	p2_int		long	past	তুমি গত সপ্তাহে পরীক্ষার প্রস্তুতির ফাঁকে অল্প সময়ের জন্য চিঠি লিখলে।	তুমি গত সপ্তাহে পরীক্ষার প্রস্তুতির ফাঁকে অল্প সময়ের জন্য চিঠি লিখলি।
sva_01459	sva	p2_fam	p2_hon		long	past	তুমি গত সপ্তাহে সব রকমের ব্যস্ততার মধ্যেও খুব মন দিয়ে চিঠি লিখলে।	তুমি গত সপ্তাহে সব রকমের ব্যস্ততার মধ্যেও খুব মন দিয়ে চিঠি লিখলেন।
sva_01460	sva	p2_hon	p1		none	past	আপনি চিঠি লিখলেন।	আপনি চিঠি লিখলাম।
sva_01461	sva	p2_hon	p1		short	past	আপনি গত সপ্তাহে চিঠি লিখলেন।	আপনি গত সপ্তাহে চিঠি লিখলাম।
sva_01462	sva	p2_hon	p2_fam		medium	past	আপনি কাল সন্ধ্যায় বন্ধুদের সঙ্গে চিঠি লিখলেন।	আপনি কাল সন্ধ্যায় বন্ধুদের সঙ্গে চিঠি লিখলে।
sva_01463	sva	p2_hon	p3_ord		medium	past	আপনি গত সপ্তাহে খুব মন দিয়ে চিঠি লিখলেন।	আপনি গত সপ্তাহে খুব মন দিয়ে চিঠি লিখলো।
sva_01464	sva	p2_hon	p3_ord		medium	past	আপনি কাল সন্ধ্যায় একা একা চিঠি লিখলেন।	আপনি কাল সন্ধ্যায় একা একা চিঠি লিখলো।
sva_01465	sva	p2_hon	p2_fam		medium	past	আপনি গতকাল বাড়ির কাজ শেষ করে চিঠি লিখলেন।	আপনি গতকাল বাড়ির কাজ শেষ করে চিঠি লিখলে।
sva_01466	sva	p2_hon	p2_fam		long	past	আপনি গত সপ্তাহে বাড়ির সব কাজ শেষ করে বন্ধুদের সঙ্গে চিঠি লিখলেন।	আপনি গত সপ্তাহে বাড়ির সব কাজ শেষ করে বন্ধুদের সঙ্গে চিঠি লিখলে।
sva_01467	sva	p2_hon	p1		long	past	আপনি গতকাল দীর্ঘ ক্লান্তিকর পথ চলার শেষে একা একা চিঠি লিখলেন।	আপনি গতকাল দীর্ঘ ক্লান্তিকর পথ চলার শেষে একা একা চিঠি লিখলাম।
sva_01468	sva	p2_hon	p3_ord		long	past	আপনি গতকাল পরীক্ষার প্রস্তুতির ফাঁকে অল্প সময়ের জন্য চিঠি লিখলেন।	আপনি গতকাল পরীক্ষার প্রস্তুতির ফাঁকে অল্প সময়ের জন্য চিঠি লিখলো।
sva_01469	sva	p2_hon	p2_fam		long	past	আপনি গত সপ্তাহে সব রকমের ব্যস্ততার মধ্যেও খুব মন দিয়ে চিঠি লিখলেন।	আপনি গত সপ্তাহে সব রকমের ব্যস্ততার মধ্যেও খুব মন দিয়ে চিঠি লিখলে।
sva_01470	sva	p3_ord	p1		none	past	সে চিঠি লিখলো।	সে চিঠি লিখলাম।
sva_01471	sva	p3_ord	p2_fam		short	past	সে কাল সন্ধ্যায় চিঠি লিখলো।	সে কাল সন্ধ্যায় চিঠি লিখলে।
sva_01472	sva	p3_ord	p2_hon		medium	past	সে গত সপ্তাহে বন্ধুদের সঙ্গে চিঠি লিখলো।	সে গত সপ্তাহে বন্ধুদের সঙ্গে চিঠি লিখলেন।
sva_01473	sva	p3_ord	p3_hon		medium	past	সে গতকাল খুব মন দিয়ে চিঠি লিখলো।	সে গতকাল খুব মন দিয়ে চিঠি লিখলেন।
sva_01474	sva	p3_ord	p1		medium	past	সে কাল সন্ধ্যায় একা একা চিঠি লিখলো।	সে কাল সন্ধ্যায় একা একা চিঠি লিখলাম।
sva_01475	sva	p3_ord	p2_hon		medium	past	সে গত সপ্তাহে বাড়ির কাজ শেষ করে চিঠি লিখলো।	সে গত সপ্তাহে বাড়ির কাজ শেষ করে চিঠি লিখলেন।
sva_01476	sva	p3_ord	p1		long	past	সে গতকাল বাড়ির সব কাজ শেষ করে বন্ধুদের সঙ্গে চিঠি লিখলো।	সে গতকাল বাড়ির সব কাজ শেষ করে বন্ধুদের সঙ্গে চিঠি লিখলাম।
sva_01477	sva	p3_ord	p2_int		long	past	সে গত সপ্তাহে দীর্ঘ ক্লান্তিকর পথ চলার শেষে একা একা চিঠি লিখলো।	সে গত সপ্তাহে দীর্ঘ ক্লান্তিকর পথ চলার শেষে একা একা চিঠি লিখলি।
sva_01478	sva	p3_ord	p2_int		long	past	সে কাল সন্ধ্যায় পরীক্ষার প্রস্তুতির ফাঁকে অল্প সময়ের জন্য চিঠি লিখলো।	সে কাল সন্ধ্যায় পরীক্ষার প্রস্তুতির ফাঁকে অল্প সময়ের জন্য চিঠি লিখলি।
sva_01479	sva	p3_ord	p2_fam		long	past	সে গতকাল সব রকমের ব্যস্ততার মধ্যেও খুব মন দিয়ে চিঠি লিখলো।	সে গতকাল সব রকমের ব্যস্ততার মধ্যেও খুব মন দিয়ে চিঠি লিখলে।
sva_01480	sva	p3_ord	p2_int		none	past	ছেলেটি চিঠি লিখলো।	ছেলেটি চিঠি লিখলি।
sva_01481	sva	p3_ord	p2_int		short	past	ছেলেটি গতকাল চিঠি লিখলো।	ছেলেটি গতকাল চিঠি লিখলি।
sva_01482	sva	p3_ord	p3_hon		medium	past	ছেলেটি গতকাল বন্ধুদের সঙ্গে চিঠি লিখলো।	ছেলেটি গতকাল বন্ধুদের সঙ্গে চিঠি লিখলেন।
sva_01483	sva	p3_ord	p1		medium	past	ছেলেটি কাল সন্ধ্যায় খুব মন দিয়ে চিঠি লিখলো।	ছেলেটি কাল সন্ধ্যায় খুব মন দিয়ে চিঠি লিখলাম।
sva_01484	sva	p3_ord	p2_hon		medium	past	ছেলেটি গত সপ্তাহে একা একা চিঠি লিখলো।	ছেলেটি গত সপ্তাহে একা একা চিঠি লিখলেন।
sva_01485	sva	p3_ord	p2_hon		medium	past	ছেলেটি গত সপ্তাহে বাড়ির কাজ শেষ করে চিঠি লিখলো।	ছেলেটি গত সপ্তাহে বাড়ির কাজ শেষ করে চিঠি লিখলেন।
sva_01486	sva	p3_ord	p1		long	past	ছেলেটি গত সপ্তাহে বাড়ির সব কাজ শেষ করে বন্ধুদের সঙ্গে চিঠি লিখলো।	ছেলেটি গত সপ্তাহে বাড়ির সব কাজ শেষ করে বন্ধুদের সঙ্গে চিঠি লিখলাম।
sva_01487	sva	p3_ord	p3_hon		long	past	ছেলেটি গতকাল দীর্ঘ ক্লান্তিকর পথ চলার শেষে একা একা চিঠি লিখলো।	ছেলেটি গতকাল দীর্ঘ ক্লান্তিকর পথ চলার শেষে একা একা চিঠি লিখলেন।
sva_01488	sva	p3_ord	p2_fam		long	past	ছেলেটি কাল সন্ধ্যায় পরীক্ষার প্রস্তুতির ফাঁকে অল্প সময়ের জন্য চিঠি লিখলো।	ছেলেটি কাল সন্ধ্যায় পরীক্ষার প্রস্তুতির ফাঁকে অল্প সময়ের জন্য চিঠি লিখলে।
sva_01489	sva	p3_ord	p2_fam		long	past	ছেলেটি গত সপ্তাহে সব রকমের ব্যস্ততার মধ্যেও খুব মন দিয়ে চিঠি লিখলো।	ছেলেটি গত সপ্তাহে সব রকমের ব্যস্ততার মধ্যেও খুব মন দিয়ে চিঠি লিখলে।
sva_01490	sva	p3_ord	p1		none	past	মেয়েটি চিঠি লিখলো।	মেয়েটি চিঠি লিখলাম।
sva_01491	sva	p3_ord	p2_hon		short	past	মেয়েটি গতকাল চিঠি লিখলো।	মেয়েটি গতকাল চিঠি লিখলেন।
sva_01492	sva	p3_ord	p2_int		medium	past	মেয়েটি কাল সন্ধ্যায় বন্ধুদের সঙ্গে চিঠি লিখলো।	মেয়েটি কাল সন্ধ্যায় বন্ধুদের সঙ্গে চিঠি লিখলি।
sva_01493	sva	p3_ord	p1		medium	past	মেয়েটি গত সপ্তাহে খুব মন দিয়ে চিঠি লিখলো।	মেয়েটি গত সপ্তাহে খুব মন দিয়ে চিঠি লিখলাম।
sva_01494	sva	p3_ord	p1		medium	past	মেয়েটি গতকাল একা একা চিঠি লিখলো।	মেয়েটি গতকাল একা একা চিঠি লিখলাম।
sva_01495	sva	p3_ord	p2_int		medium	past	মেয়েটি গতকাল বাড়ির কাজ শেষ করে চিঠি লিখলো।	মেয়েটি গতকাল বাড়ির কাজ শেষ করে চিঠি লিখলি।
sva_01496	sva	p3_ord	p3_hon		long	past	মেয়েটি কাল সন্ধ্যায় বাড়ির সব কাজ শেষ করে বন্ধুদের সঙ্গে চিঠি লিখলো।	মেয়েটি কাল সন্ধ্যায় বাড়ির সব কাজ শেষ করে বন্ধুদের সঙ্গে চিঠি লিখলেন।
sva_01497	sva	p3_ord	p2_hon		long	past	মেয়েটি গতকাল দীর্ঘ ক্লান্তিকর পথ চলার শেষে একা একা চিঠি লিখলো।	মেয়েটি গতকাল দীর্ঘ ক্লান্তিকর পথ চলার শেষে একা একা চিঠি লিখলেন।
sva_01498	sva	p3_ord	p1		long	past	মেয়েটি গতকাল পরীক্ষার প্রস্তুতির ফাঁকে অল্প সময়ের জন্য চিঠি লিখলো।	মেয়েটি গতকাল পরীক্ষার প্রস্তুতির ফাঁকে অল্প সময়ের জন্য চিঠি লিখলাম।
sva_01499	sva	p3_ord	p3_hon		long	past	মেয়েটি গত সপ্তাহে সব রকমের ব্যস্ততার মধ্যেও খুব মন দিয়ে চিঠি লিখলো।	মেয়েটি গত সপ্তাহে সব রকমের ব্যস্ততার মধ্যেও খুব মন দিয়ে চিঠি লিখলেন।
sva_01500	sva	p3_ord	p2_fam		none	past	আমার বন্ধু চিঠি লিখলো।	আমার বন্ধু চিঠি লিখলে।
sva_01501	sva	p3_ord	p2_fam		short	past	আমার বন্ধু গতকাল চিঠি লিখলো।	আমার বন্ধু গতকাল চিঠি লিখলে।
sva_01502	sva	p3_ord	p3_hon		medium	past	আমার বন্ধু কাল সন্ধ্যায় বন্ধুদের সঙ্গে চিঠি লিখলো।	আমার বন্ধু কাল সন্ধ্যায় বন্ধুদের সঙ্গে চিঠি লিখলেন।
sva_01503	sva	p3_ord	p2_hon		medium	past	আমার বন্ধু কাল সন্ধ্যায় খুব মন দিয়ে চিঠি লিখলো।	আমার বন্ধু কাল সন্ধ্যায় খুব মন দিয়ে চিঠি লিখলেন।
sva_01504	sva	p3_ord	p1		medium	past	আমার বন্ধু গত সপ্তাহে একা একা চিঠি লিখলো।	আমার বন্ধু গত সপ্তাহে একা একা চিঠি লিখলাম।
sva_01505	sva	p3_ord	p2_int		medium	past	আমার বন্ধু কাল সন্ধ্যায় বাড়ির কাজ শেষ করে চিঠি লিখলো।	আমার বন্ধু কাল সন্ধ্যায় বাড়ির কাজ শেষ করে চিঠি লিখলি।
sva_01506	sva	p3_ord	p2_int		long	past	আমার বন্ধু গত সপ্তাহে বাড়ির সব কাজ শেষ করে বন্ধুদের সঙ্গে চিঠি লিখলো।	আমার বন্ধু গত সপ্তাহে বাড়ির সব কাজ শেষ করে বন্ধুদের সঙ্গে চিঠি লিখলি।
sva_01507	sva	p3_ord	p2_int		long	past	আমার বন্ধু গতকাল দীর্ঘ ক্লান্তিকর পথ চলার শেষে একা একা চিঠি লিখলো।	আমার বন্ধু গতকাল দীর্ঘ ক্লান্তিকর পথ চলার শেষে একা একা চিঠি লিখলি।
sva_01508	sva	p3_ord	p2_hon		long	past	আমার বন্ধু গতকাল পরীক্ষার প্রস্তুতির ফাঁকে অল্প সময়ের জন্য চিঠি লিখলো।	আমার বন্ধু গতকাল পরীক্ষার প্রস্তুতির ফাঁকে অল্প সময়ের জন্য চিঠি লিখলেন।
sva_01509	sva	p3_ord	p1		long	past	আমার বন্ধু গতকাল সব রকমের ব্যস্ততার মধ্যেও খুব মন দিয়ে চিঠি লিখলো।	আমার বন্ধু গতকাল সব রকমের ব্যস্ততার মধ্যেও খুব মন দিয়ে চিঠি লিখলাম।
sva_01510	sva	p3_ord	p2_hon		none	past	রহিম চিঠি লিখলো।	রহিম চিঠি লিখলেন।
sva_01511	sva	p3_ord	p2_int		short	past	রহিম কাল সন্ধ্যায় চিঠি লিখলো।	রহিম কাল সন্ধ্যায় চিঠি লিখলি।
sva_01512	sva	p3_ord	p1		medium	past	রহিম গতকাল বন্ধুদের সঙ্গে চিঠি লিখলো।	রহিম গতকাল বন্ধুদের সঙ্গে চিঠি লিখলাম।
sva_01513	sva	p3_ord	p2_int		medium	past	রহিম কাল সন্ধ্যায় খুব মন দিয়ে চিঠি লিখলো।	রহিম কাল সন্ধ্যায় খুব মন দিয়ে চিঠি লিখলি।
sva_01514	sva	p3_ord	p2_hon		medium	past	রহিম গত সপ্তাহে একা একা চিঠি লিখলো।	রহিম গত সপ্তাহে একা একা চিঠি লিখলেন।
sva_01515	sva	p3_ord	p2_int		medium	past	রহিম কাল সন্ধ্যায় বাড়ির কাজ শেষ করে চিঠি লিখলো।	রহিম কাল সন্ধ্যায় বাড়ির কাজ শেষ করে চিঠি লিখলি।
sva_01516	sva	p3_ord	p2_int		long	past	রহিম কাল সন্ধ্যায় বাড়ির সব কাজ শেষ করে বন্ধুদের সঙ্গে চিঠি লিখলো।	রহিম কাল সন্ধ্যায় বাড়ির সব কাজ শেষ করে বন্ধুদের সঙ্গে চিঠি লিখলি।
sva_01517	sva	p3_ord	p2_int		long	past	রহিম গত সপ্তাহে দীর্ঘ ক্লান্তিকর পথ চলার শেষে একা একা চিঠি লিখলো।	রহিম গত সপ্তাহে দীর্ঘ ক্লান্তিকর পথ চলার শেষে একা একা চিঠি লিখলি।
sva_01518	sva	p3_ord	p1		long	past	রহিম গত সপ্তাহে পরীক্ষার প্রস্তুতির ফাঁকে অল্প সময়ের জন্য চিঠি লিখলো।	রহিম গত সপ্তাহে পরীক্ষার প্রস্তুতির ফাঁকে অল্প সময়ের জন্য চিঠি লিখলাম।
sva_01519	sva	p3_ord	p3_hon		long	past	রহিম গতকাল সব রকমের ব্যস্ততার মধ্যেও খুব মন দিয়ে চিঠি লিখলো।	রহিম গতকাল সব রকমের ব্যস্ততার মধ্যেও খুব মন দিয়ে চিঠি লিখলেন।
sva_01520	sva	p3_hon	p1		none	past	তিনি চিঠি লিখলেন।	তিনি চিঠি লিখলাম।
sva_01521	sva	p3_hon	p3_ord		short	past	তিনি গতকাল চিঠি লিখলেন।	তিনি গতকাল চিঠি লিখলো।
sva_01522	sva	p3_hon	p2_int		medium	past	তিনি গতকাল বন্ধুদের সঙ্গে চিঠি লিখলেন।	তিনি গতকাল বন্ধুদের সঙ্গে চিঠি লিখলি।
sva_01523	sva	p3_hon	p3_ord		medium	past	তিনি গত সপ্তাহে খুব মন দিয়ে চিঠি লিখলেন।	তিনি গত সপ্তাহে খুব মন দিয়ে চিঠি লিখলো।
sva_01524	sva	p3_hon	p2_int		medium	past	তিনি গত সপ্তাহে একা একা চিঠি লিখলেন।	তিনি গত সপ্তাহে একা একা চিঠি লিখলি।
sva_01525	sva	p3_hon	p1		medium	past	তিনি গতকাল বাড়ির কাজ শেষ করে চিঠি লিখলেন।	তিনি গতকাল বাড়ির কাজ শেষ করে চিঠি লিখলাম।
sva_01526	sva	p3_hon	p3_ord		long	past	তিনি কাল সন্ধ্যায় বাড়ির সব কাজ শেষ করে বন্ধুদের সঙ্গে চিঠি লিখলেন।	তিনি কাল সন্ধ্যায় বাড়ির সব কাজ শেষ করে বন্ধুদের সঙ্গে চিঠি লিখলো।
sva_01527	sva	p3_hon	p3_ord		long	past	তিনি গত সপ্তাহে দীর্ঘ ক্লান্তিকর পথ চলার শেষে একা একা চিঠি লিখলেন।	তিনি গত সপ্তাহে দীর্ঘ ক্লান্তিকর পথ চলার শেষে একা একা চিঠি লিখলো।
sva_01528	sva	p3_hon	p3_ord		long	past	তিনি গতকাল পরীক্ষার প্রস্তুতির ফাঁকে অল্প সময়ের জন্য চিঠি লিখলেন।	তিনি গতকাল পরীক্ষার প্রস্তুতির ফাঁকে অল্প সময়ের জন্য চিঠি লিখলো।
sva_01529	sva	p3_hon	p3_ord		long	past	তিনি কাল সন্ধ্যায় সব রকমের ব্যস্ততার মধ্যেও খুব মন দিয়ে চিঠি লিখলেন।	তিনি কাল সন্ধ্যায় সব রকমের ব্যস্ততার মধ্যেও খুব মন দিয়ে চিঠি লিখলো।
sva_01530	sva	p3_hon	p3_ord		none	past	উনি চিঠি লিখলেন।	উনি চিঠি লিখলো।
sva_01531	sva	p3_hon	p1		short	past	উনি গত সপ্তাহে চিঠি লিখলেন।	উনি গত সপ্তাহে চিঠি লিখলাম।
sva_01532	sva	p3_hon	p2_fam		medium	past	উনি কাল সন্ধ্যায় বন্ধুদের সঙ্গে চিঠি লিখলেন।	উনি কাল সন্ধ্যায় বন্ধুদের সঙ্গে চিঠি লিখলে।
sva_01533	sva	p3_hon	p3_ord		medium	past	উনি কাল সন্ধ্যায় খুব মন দিয়ে চিঠি লিখলেন।	উনি কাল সন্ধ্যায় খুব মন দিয়ে চিঠি লিখলো।
sva_01534	sva	p3_hon	p3_ord		medium	past	উনি গতকাল একা একা চিঠি লিখলেন।	উনি গতকাল একা একা চিঠি লিখলো।
sva_01535	sva	p3_hon	p3_ord		medium	past	উনি গতকাল বাড়ির কাজ শেষ করে চিঠি লিখলেন।	উনি গতকাল বাড়ির কাজ শেষ করে চিঠি লিখলো।
sva_01536	sva	p3_hon	p1		long	past	উনি গতকাল বাড়ির সব কাজ শেষ করে বন্ধুদের সঙ্গে চিঠি লিখলেন।	উনি গতকাল বাড়ির সব কাজ শেষ করে বন্ধুদের সঙ্গে চিঠি লিখলাম।
sva_01537	sva	p3_hon	p2_int		long	past	উনি গতকাল দীর্ঘ ক্লান্তিকর পথ চলার শেষে একা একা চিঠি লিখলেন।	উনি গতকাল দীর্ঘ ক্লান্তিকর পথ চলার শেষে একা একা চিঠি লিখলি।
sva_01538	sva	p3_hon	p1		long	past	উনি গতকাল পরীক্ষার প্রস্তুতির ফাঁকে অল্প সময়ের জন্য চিঠি লিখলেন।	উনি গতকাল পরীক্ষার প্রস্তুতির ফাঁকে অল্প সময়ের জন্য চিঠি লিখলাম।
sva_01539	sva	p3_hon	p2_fam		long	past	উনি গতকাল সব রকমের ব্যস্ততার মধ্যেও খুব মন দিয়ে চিঠি লিখলেন।	উনি গতকাল সব রকমের ব্যস্ততার মধ্যেও খুব মন দিয়ে চিঠি লিখলে।
sva_01540	sva	p1	p3_ord		none	fut	আমি চিঠি লিখব।	আমি চিঠি লিখবে।
sva_01541	sva	p1	p3_ord		short	fut	আমি কিছুদিন পরে চিঠি লিখব।	আমি কিছুদিন পরে চিঠি লিখবে।
sva_01542	sva	p1	p3_ord		medium	fut	আমি কিছুদিন পরে বন্ধুদের সঙ্গে চিঠি লিখব।	আমি কিছুদিন পরে বন্ধুদের সঙ্গে চিঠি লিখবে।
sva_01543	sva	p1	p3_ord		medium	fut	আমি আগামীকাল খুব মন দিয়ে চিঠি লিখব।	আমি আগামীকাল খুব মন দিয়ে চিঠি লিখবে।
sva_01544	sva	p1	p3_hon		medium	fut	আমি কিছুদিন পরে একা একা চিঠি লিখব।	আমি কিছুদিন পরে একা একা চিঠি লিখবেন।
sva_01545	sva	p1	p2_fam		medium	fut	আমি আগামী সপ্তাহে বাড়ির কাজ শেষ করে চিঠি লিখব।	আমি আগামী সপ্তাহে বাড়ির কাজ শেষ করে চিঠি লিখবে।
sva_01546	sva	p1	p2_fam		long	fut	আমি আগামীকাল বাড়ির সব কাজ শেষ করে বন্ধুদের সঙ্গে চিঠি লিখব।	আমি আগামীকাল বাড়ির সব কাজ শেষ করে বন্ধুদের সঙ্গে চিঠি লিখবে।
sva_01547	sva	p1	p2_int		long	fut	আমি আগামীকাল দীর্ঘ ক্লান্তিকর পথ চলার শেষে একা একা চিঠি লিখব।	আমি আগামীকাল দীর্ঘ ক্লান্তিকর পথ চলার শেষে একা একা চিঠি লিখবি।
sva_01548	sva	p1	p3_ord		long	fut	আমি কিছুদিন পরে পরীক্ষার প্রস্তুতির ফাঁকে অল্প সময়ের জন্য চিঠি লিখব।	আমি কিছুদিন পরে পরীক্ষার প্রস্তুতির ফাঁকে অল্প সময়ের জন্য চিঠি লিখবে।
sva_01549	sva	p1	p2_hon		long	fut	আমি কিছুদিন পরে সব রকমের ব্যস্ততার মধ্যেও খুব মন দিয়ে চিঠি লিখব।	আমি কিছুদিন পরে সব রকমের ব্যস্ততার মধ্যেও খুব মন দিয়ে চিঠি লিখবেন।
sva_01550	sva	p2_int	p2_hon		none	fut	তুই চিঠি লিখবি।	তুই চিঠি লিখবেন।
sva_01551	sva	p2_int	p3_ord		short	fut	তুই আগামীকাল চিঠি লিখবি।	তুই আগামীকাল চিঠি লিখবে।
sva_01552	sva	p2_int	p2_fam		medium	fut	তুই কিছুদিন পরে বন্ধুদের সঙ্গে চিঠি লিখবি।	তুই কিছুদিন পরে বন্ধুদের সঙ্গে চিঠি লিখবে।
sva_01553	sva	p2_int	p3_hon		medium	fut	তুই আগামীকাল খুব মন দিয়ে চিঠি লিখবি।	তুই আগামীকাল খুব মন দিয়ে চিঠি লিখবেন।
sva_01554	sva	p2_int	p3_ord		medium	fut	তুই কিছুদিন পরে একা একা চিঠি লিখবি।	তুই কিছুদিন পরে একা একা চিঠি লিখবে।
sva_01555	sva	p2_int	p3_ord		medium	fut	তুই আগামীকাল বাড়ির কাজ শেষ করে চিঠি লিখবি।	তুই আগামীকাল বাড়ির কাজ শেষ করে চিঠি লিখবে।
sva_01556	sva	p2_int	p3_hon		long	fut	তুই কিছুদিন পরে বাড়ির সব কাজ শেষ করে বন্ধুদের সঙ্গে চিঠি লিখবি।	তুই কিছুদিন পরে বাড়ির সব কাজ শেষ করে বন্ধুদের সঙ্গে চিঠি লিখবেন।
sva_01557	sva	p2_int	p2_fam		long	fut	তুই আগামী সপ্তাহে দীর্ঘ ক্লান্তিকর পথ চলার শেষে একা একা চিঠি লিখবি।	তুই আগামী সপ্তাহে দীর্ঘ ক্লান্তিকর পথ চলার শেষে একা একা চিঠি লিখবে।
sva_01558	sva	p2_int	p3_hon		long	fut	তুই কিছুদিন পরে পরীক্ষার প্রস্তুতির ফাঁকে অল্প সময়ের জন্য চিঠি লিখবি।	তুই কিছুদিন পরে পরীক্ষার প্রস্তুতির ফাঁকে অল্প সময়ের জন্য চিঠি লিখবেন।
sva_01559	sva	p2_int	p2_hon		long	fut	তুই আগামী সপ্তাহে সব রকমের ব্যস্ততার মধ্যেও খুব মন দিয়ে চিঠি লিখবি।	তুই আগামী সপ্তাহে সব রকমের ব্যস্ততার মধ্যেও খুব মন দিয়ে চিঠি লিখবেন।
sva_01560	sva	p2_fam	p3_hon		none	fut	তুমি চিঠি লিখবে।	তুমি চিঠি লিখবেন।
sva_01561	sva	p2_fam	p3_hon		short	fut	তুমি আগামী সপ্তাহে চিঠি লিখবে।	তুমি আগামী সপ্তাহে চিঠি লিখবেন।
sva_01562	sva	p2_fam	p2_int		medium	fut	তুমি কিছুদিন পরে বন্ধুদের সঙ্গে চিঠি লিখবে।	তুমি কিছুদিন পরে বন্ধুদের সঙ্গে চিঠি লিখবি।
sva_01563	sva	p2_fam	p1		medium	fut	তুমি আগামীকাল খুব মন দিয়ে চিঠি লিখবে।	তুমি আগামীকাল খুব মন দিয়ে চিঠি লিখব।
sva_01564	sva	p2_fam	p1		medium	fut	তুমি আগামী সপ্তাহে একা একা চিঠি লিখবে।	তুমি আগামী সপ্তাহে একা একা চিঠি লিখব।
sva_01565	sva	p2_fam	p2_int		medium	fut	তুমি আগামীকাল বাড়ির কাজ শেষ করে চিঠি লিখবে।	তুমি আগামীকাল বাড়ির কাজ শেষ করে চিঠি লিখবি।
sva_01566	sva	p2_fam	p1		long	fut	তুমি আগামী সপ্তাহে বাড়ির সব কাজ শেষ করে বন্ধুদের সঙ্গে চিঠি লিখবে।	তুমি আগামী সপ্তাহে বাড়ির সব কাজ শেষ করে বন্ধুদের সঙ্গে চিঠি লিখব।
sva_01567	sva	p2_fam	p3_hon		long	fut	তুমি আগামীকাল দীর্ঘ ক্লান্তিকর পথ চলার শেষে একা একা চিঠি লিখবে।	তুমি আগামীকাল দীর্ঘ ক্লান্তিকর পথ চলার শেষে একা একা চিঠি লিখবেন।
sva_01568	sva	p2_fam	p2_int		long	fut	তুমি আগামীকাল পরীক্ষার প্রস্তুতির ফাঁকে অল্প সময়ের জন্য চিঠি লিখবে।	তুমি আগামীকাল পরীক্ষার প্রস্তুতির ফাঁকে অল্প সময়ের জন্য চিঠি লিখবি।
sva_01569	sva	p2_fam	p2_hon		long	fut	তুমি আগামী সপ্তাহে সব রকমের ব্যস্ততার মধ্যেও খুব মন দিয়ে চিঠি লিখবে।	তুমি আগামী সপ্তাহে সব রকমের ব্যস্ততার মধ্যেও খুব মন দিয়ে চিঠি লিখবেন।
sva_01570	sva	p2_hon	p1		none	fut	আপনি চিঠি লিখবেন।	আপনি চিঠি লিখব।
sva_01571	sva	p2_hon	p3_ord		short	fut	আপনি আগামীকাল চিঠি লিখবেন।	আপনি আগামীকাল চিঠি লিখবে।
sva_01572	sva	p2_hon	p2_int		medium	fut	আপনি আগামীকাল বন্ধুদের সঙ্গে চিঠি লিখবেন।	আপনি আগামীকাল বন্ধুদের সঙ্গে চিঠি লিখবি।
sva_01573	sva	p2_hon	p1		medium	fut	আপনি কিছুদিন পরে খুব মন দিয়ে চিঠি লিখবেন।	আপনি কিছুদিন পরে খুব মন দিয়ে চিঠি লিখব।
sva_01574	sva	p2_hon	p3_ord		medium	fut	আপনি কিছুদিন পরে একা একা চিঠি লিখবেন।	আপনি কিছুদিন পরে একা একা চিঠি লিখবে।
sva_01575	sva	p2_hon	p1		medium	fut	আপনি আগামীকাল বাড়ির কাজ শেষ করে চিঠি লিখবেন।	আপনি আগামীকাল বাড়ির কাজ শেষ করে চিঠি লিখব।
sva_01576	sva	p2_hon	p2_fam		long	fut	আপনি আগামী সপ্তাহে বাড়ির সব কাজ শেষ করে বন্ধুদের সঙ্গে চিঠি লিখবেন।	আপনি আগামী সপ্তাহে বাড়ির সব কাজ শেষ করে বন্ধুদের সঙ্গে চিঠি লিখবে।
sva_01577	sva	p2_hon	p3_ord		long	fut	আপনি কিছুদিন পরে দীর্ঘ ক্লান্তিকর পথ চলার শেষে একা একা চিঠি লিখবেন।	আপনি কিছুদিন পরে দীর্ঘ ক্লান্তিকর পথ চলার শেষে একা একা চিঠি লিখবে।
sva_01578	sva	p2_hon	p2_fam		long	fut	আপনি কিছুদিন পরে পরীক্ষার প্রস্তুতির ফাঁকে অল্প সময়ের জন্য চিঠি লিখবেন।	আপনি কিছুদিন পরে পরীক্ষার প্রস্তুতির ফাঁকে অল্প সময়ের জন্য চিঠি লিখবে।
sva_01579	sva	p2_hon	p3_ord		long	fut	আপনি আগামী সপ্তাহে সব রকমের ব্যস্ততার মধ্যেও খুব মন দিয়ে চিঠি লিখবেন।	আপনি আগামী সপ্তাহে সব রকমের ব্যস্ততার মধ্যেও খুব মন দিয়ে চিঠি লিখবে।
sva_01580	sva	p3_ord	p1		none	fut	সে চিঠি লিখবে।	সে চিঠি লিখব।
sva_01581	sva	p3_ord	p3_hon		short	fut	সে কিছুদিন পরে চিঠি লিখবে।	সে কিছুদিন পরে চিঠি লিখবেন।
sva_01582	sva	p3_ord	p1		medium	fut	সে কিছুদিন পরে বন্ধুদের সঙ্গে চিঠি লিখবে।	সে কিছুদিন পরে বন্ধুদের সঙ্গে চিঠি লিখব।
sva_01583	sva	p3_ord	p3_hon		medium	fut	সে কিছুদিন পরে খুব মন দিয়ে চিঠি লিখবে।	সে কিছুদিন পরে খুব মন দিয়ে চিঠি লিখবেন।
sva_01584	sva	p3_ord	p2_hon		medium	fut	সে আগামীকাল একা একা চিঠি লিখবে।	সে আগামীকাল একা একা চিঠি লিখবেন।
sva_01585	sva	p3_ord	p2_hon		medium	fut	সে কিছুদিন পরে বাড়ির কাজ শেষ করে চিঠি লিখবে।	সে কিছুদিন পরে বাড়ির কাজ শেষ করে চিঠি লিখবেন।
sva_01586	sva	p3_ord	p3_hon		long	fut	সে আগামীকাল বাড়ির সব কাজ শেষ করে বন্ধুদের সঙ্গে চিঠি লিখবে।	সে আগামীকাল বাড়ির সব কাজ শেষ করে বন্ধুদের সঙ্গে চিঠি লিখবেন।
sva_01587	sva	p3_ord	p2_int		long	fut	সে আগামী সপ্তাহে দীর্ঘ ক্লান্তিকর পথ চলার শেষে একা একা চিঠি লিখবে।	সে আগামী সপ্তাহে দীর্ঘ ক্লান্তিকর পথ চলার শেষে একা একা চিঠি লিখবি।
sva_01588	sva	p3_ord	p3_hon		long	fut	সে আগামীকাল পরীক্ষার প্রস্তুতির ফাঁকে অল্প সময়ের জন্য চিঠি লিখবে।	সে আগামীকাল পরীক্ষার প্রস্তুতির ফাঁকে অল্প সময়ের জন্য চিঠি লিখবেন।
sva_01589	sva	p3_ord	p2_int		long	fut	সে আগামী সপ্তাহে সব রকমের ব্যস্ততার মধ্যেও খুব মন দিয়ে চিঠি লিখবে।	সে আগামী সপ্তাহে সব রকমের ব্যস্ততার মধ্যেও খুব মন দিয়ে চিঠি লিখবি।
sva_01590	sva	p3_ord	p2_int		none	fut	ছেলেটি চিঠি লিখবে।	ছেলেটি চিঠি লিখবি।
sva_01591	sva	p3_ord	p1		short	fut	ছেলেটি আগামীকাল চিঠি লিখবে।	ছেলেটি আগামীকাল চিঠি লিখব।
sva_01592	sva	p3_ord	p1		medium	fut	ছেলেটি কিছুদিন পরে বন্ধুদের সঙ্গে চিঠি লিখবে।	ছেলেটি কিছুদিন পরে বন্ধুদের সঙ্গে চিঠি লিখব।
sva_01593	sva	p3_ord	p2_int		medium	fut	ছেলেটি আগামী সপ্তাহে খুব মন দিয়ে চিঠি লিখবে।	ছেলেটি আগামী সপ্তাহে খুব মন দিয়ে চিঠি লিখবি।
sva_01594	sva	p3_ord	p1		medium	fut	ছেলেটি আগামীকাল একা একা চিঠি লিখবে।	ছেলেটি আগামীকাল একা একা চিঠি লিখব।
sva_01595	sva	p3_ord	p3_hon		medium	fut	ছেলেটি আগামী সপ্তাহে বাড়ির কাজ শেষ করে চিঠি লিখবে।	ছেলেটি আগামী সপ্তাহে বাড়ির কাজ শেষ করে চিঠি লিখবেন।
sva_01596	sva	p3_ord	p2_int		long	fut	ছেলেটি আগামীকাল বাড়ির সব কাজ শেষ করে বন্ধুদের সঙ্গে চিঠি লিখবে।	ছেলেটি আগামীকাল বাড়ির সব কাজ শেষ করে বন্ধুদের সঙ্গে চিঠি লিখবি।
sva_01597	sva	p3_ord	p1		long	fut	ছেলেটি কিছুদিন পরে দীর্ঘ ক্লান্তিকর পথ চলার শেষে একা একা চিঠি লিখবে।	ছেলেটি কিছুদিন পরে দীর্ঘ ক্লান্তিকর পথ চলার শেষে একা একা চিঠি লিখব।
sva_01598	sva	p3_ord	p3_hon		long	fut	ছেলেটি আগামী সপ্তাহে পরীক্ষার প্রস্তুতির ফাঁকে অল্প সময়ের জন্য চিঠি লিখবে।	ছেলেটি আগামী সপ্তাহে পরীক্ষার প্রস্তুতির ফাঁকে অল্প সময়ের জন্য চিঠি লিখবেন।
sva_01599	sva	p3_ord	p3_hon		long	fut	ছেলেটি আগামী সপ্তাহে সব রকমের ব্যস্ততার মধ্যেও খুব মন দিয়ে চিঠি লিখবে।	ছেলেটি আগামী সপ্তাহে সব রকমের ব্যস্ততার মধ্যেও খুব মন দিয়ে চিঠি লিখবেন।
sva_01600	sva	p3_ord	p1		none	fut	মেয়েটি চিঠি লিখবে।	মেয়েটি চিঠি লিখব।
sva_01601	sva	p3_ord	p3_hon		short	fut	মেয়েটি আগামীকাল চিঠি লিখবে।	মেয়েটি আগামীকাল চিঠি লিখবেন।
sva_01602	sva	p3_ord	p1		medium	fut	মেয়েটি আগামী সপ্তাহে বন্ধুদের সঙ্গে চিঠি লিখবে।	মেয়েটি আগামী সপ্তাহে বন্ধুদের সঙ্গে চিঠি লিখব।
sva_01603	sva	p3_ord	p1		medium	fut	মেয়েটি আগামী সপ্তাহে খুব মন দিয়ে চিঠি লিখবে।	মেয়েটি আগামী সপ্তাহে খুব মন দিয়ে চিঠি লিখব।
sva_01604	sva	p3_ord	p1		medium	fut	মেয়েটি কিছুদিন পরে একা একা চিঠি লিখবে।	মেয়েটি কিছুদিন পরে একা একা চিঠি লিখব।
sva_01605	sva	p3_ord	p2_hon		medium	fut	মেয়েটি কিছুদিন পরে বাড়ির কাজ শেষ করে চিঠি লিখবে।	মেয়েটি কিছুদিন পরে বাড়ির কাজ শেষ করে চিঠি লিখবেন।
sva_01606	sva	p3_ord	p2_hon		long	fut	মেয়েটি আগামী সপ্তাহে বাড়ির সব কাজ শেষ করে বন্ধুদের সঙ্গে চিঠি লিখবে।	মেয়েটি আগামী সপ্তাহে বাড়ির সব কাজ শেষ করে বন্ধুদের সঙ্গে চিঠি লিখবেন।
sva_01607	sva	p3_ord	p2_hon		long	fut	মেয়েটি আগামী সপ্তাহে দীর্ঘ ক্লান্তিকর পথ চলার শেষে একা একা চিঠি লিখবে।	মেয়েটি আগামী সপ্তাহে দীর্ঘ ক্লান্তিকর পথ চলার শেষে একা একা চিঠি লিখবেন।
sva_01608	sva	p3_ord	p3_hon		long	fut	মেয়েটি কিছুদিন পরে পরীক্ষার প্রস্তুতির ফাঁকে অল্প সময়ের জন্য চিঠি লিখবে।	মেয়েটি কিছুদিন পরে পরীক্ষার প্রস্তুতির ফাঁকে অল্প সময়ের জন্য চিঠি লিখবেন।
sva_01609	sva	p3_ord	p2_int		long	fut	মেয়েটি আগামী সপ্তাহে সব রকমের ব্যস্ততার মধ্যেও খুব মন দিয়ে চিঠি লিখবে।	মেয়েটি আগামী সপ্তাহে সব রকমের ব্যস্ততার মধ্যেও খুব মন দিয়ে চিঠি লিখবি।
sva_01610	sva	p3_ord	p2_hon		none	fut	আমার বন্ধু চিঠি লিখবে।	আমার বন্ধু চিঠি লিখবেন।
sva_01611	sva	p3_ord	p1		short	fut	আমার বন্ধু কিছুদিন পরে চিঠি লিখবে।	আমার বন্ধু কিছুদিন পরে চিঠি লিখব।
sva_01612	sva	p3_ord	p1		medium	fut	আমার বন্ধু কিছুদিন পরে বন্ধুদের সঙ্গে চিঠি লিখবে।	আমার বন্ধু কিছুদিন পরে বন্ধুদের সঙ্গে চিঠি লিখব।
sva_01613	sva	p3_ord	p2_hon		medium	fut	আমার বন্ধু কিছুদিন পরে খুব মন দিয়ে চিঠি লিখবে।	আমার বন্ধু কিছুদিন পরে খুব মন দিয়ে চিঠি লিখবেন।
sva_01614	sva	p3_ord	p1		medium	fut	আমার বন্ধু আগামীকাল একা একা চিঠি লিখবে।	আমার বন্ধু আগামীকাল একা একা চিঠি লিখব।
sva_01615	sva	p3_ord	p1		medium	fut	আমার বন্ধু কিছুদিন পরে বাড়ির কাজ শেষ করে চিঠি লিখবে।	আমার বন্ধু কিছুদিন পরে বাড়ির কাজ শেষ করে চিঠি লিখব।
sva_01616	sva	p3_ord	p3_hon		long	fut	আমার বন্ধু আগামী সপ্তাহে বাড়ির সব কাজ শেষ করে বন্ধুদের সঙ্গে চিঠি লিখবে।	আমার বন্ধু আগামী সপ্তাহে বাড়ির সব কাজ শেষ করে বন্ধুদের সঙ্গে চিঠি লিখবেন।
sva_01617	sva	p3_ord	p3_hon		long	fut	আমার বন্ধু আগামী সপ্তাহে দীর্ঘ ক্লান্তিকর পথ চলার শেষে একা একা চিঠি লিখবে।	আমার বন্ধু আগামী সপ্তাহে দীর্ঘ ক্লান্তিকর পথ চলার শেষে একা একা চিঠি লিখবেন।
sva_01618	sva	p3_ord	p2_int		long	fut	আমার বন্ধু আগামীকাল পরীক্ষার প্রস্তুতির ফাঁকে অল্প সময়ের জন্য চিঠি লিখবে।	আমার বন্ধু আগামীকাল পরীক্ষার প্রস্তুতির ফাঁকে অল্প সময়ের জন্য চিঠি লিখবি।
sva_01619	sva	p3_ord	p1		long	fut	আমার বন্ধু আগামী সপ্তাহে সব রকমের ব্যস্ততার মধ্যেও খুব মন দিয়ে চিঠি লিখবে।	আমার বন্ধু আগামী সপ্তাহে সব রকমের ব্যস্ততার মধ্যেও খুব মন দিয়ে চিঠি লিখব।
sva_01620	sva	p3_ord	p2_int		none	fut	রহিম চিঠি লিখবে।	রহিম চিঠি লিখবি।
sva_01621	sva	p3_ord	p1		short	fut	রহিম আগামীকাল চিঠি লিখবে।	রহিম আগামীকাল চিঠি লিখব।
sva_01622	sva	p3_ord	p2_hon		medium	fut	রহিম কিছুদিন পরে বন্ধুদের সঙ্গে চিঠি লিখবে।	রহিম কিছুদিন পরে বন্ধুদের সঙ্গে চিঠি লিখবেন।
sva_01623	sva	p3_ord	p3_hon		medium	fut	রহিম কিছুদিন পরে খুব মন দিয়ে চিঠি লিখবে।	রহিম কিছুদিন পরে খুব মন দিয়ে চিঠি লিখবেন।
sva_01624	sva	p3_ord	p3_hon		medium	fut	রহিম কিছুদিন পরে একা একা চিঠি লিখবে।	রহিম কিছুদিন পরে একা একা চিঠি লিখবেন।
sva_01625	sva	p3_ord	p2_hon		medium	fut	রহিম আগামী সপ্তাহে বাড়ির কাজ শেষ করে চিঠি লিখবে।	রহিম আগামী সপ্তাহে বাড়ির কাজ শেষ করে চিঠি লিখবেন।
sva_01626	sva	p3_ord	p2_hon		long	fut	রহিম আগামীকাল বাড়ির সব কাজ শেষ করে বন্ধুদের সঙ্গে চিঠি লিখবে।	রহিম আগামীকাল বাড়ির সব কাজ শেষ করে বন্ধুদের সঙ্গে চিঠি লিখবেন।
sva_01627	sva	p3_ord	p2_hon		long	fut	রহিম আগামী সপ্তাহে দীর্ঘ ক্লান্তিকর পথ চলার শেষে একা একা চিঠি লিখবে।	রহিম আগামী সপ্তাহে দীর্ঘ ক্লান্তিকর পথ চলার শেষে একা একা চিঠি লিখবেন।
sva_01628	sva	p3_ord	p1		long	fut	রহিম আগামীকাল পরীক্ষার প্রস্তুতির ফাঁকে অল্প সময়ের জন্য চিঠি লিখবে।	রহিম আগামীকাল পরীক্ষার প্রস্তুতির ফাঁকে অল্প সময়ের জন্য চিঠি লিখব।
sva_01629	sva	p3_ord	p2_int		long	fut	রহিম আগামীকাল সব রকমের ব্যস্ততার মধ্যেও খুব মন দিয়ে চিঠি লিখবে।	রহিম আগামীকাল সব রকমের ব্যস্ততার মধ্যেও খুব মন দিয়ে চিঠি লিখবি।
sva_01630	sva	p3_hon	p2_int		none	fut	তিনি চিঠি লিখবেন।	তিনি চিঠি লিখবি।
sva_01631	sva	p3_hon	p3_ord		short	fut	তিনি আগামীকাল চিঠি লিখবেন।	তিনি আগামীকাল চিঠি লিখবে।
sva_01632	sva	p3_hon	p1		medium	fut	তিনি আগামীকাল বন্ধুদের সঙ্গে চিঠি লিখবেন।	তিনি আগামীকাল বন্ধুদের সঙ্গে চিঠি লিখব।
sva_01633	sva	p3_hon	p1		medium	fut	তিনি আগামী সপ্তাহে খুব মন দিয়ে চিঠি লিখবেন।	তিনি আগামী সপ্তাহে খুব মন দিয়ে চিঠি লিখব।
sva_01634	sva	p3_hon	p3_ord		medium	fut	তিনি আগামী সপ্তাহে একা একা চিঠি লিখবেন।	তিনি আগামী সপ্তাহে একা একা চিঠি লিখবে।
sva_01635	sva	p3_hon	p2_int		medium	fut	তিনি কিছুদিন পরে বাড়ির কাজ শেষ করে চিঠি লিখবেন।	তিনি কিছুদিন পরে বাড়ির কাজ শেষ করে চিঠি লিখবি।
sva_01636	sva	p3_hon	p3_ord		long	fut	তিনি আগামী সপ্তাহে বাড়ির সব কাজ শেষ করে বন্ধুদের সঙ্গে চিঠি লিখবেন।	তিনি আগামী সপ্তাহে বাড়ির সব কাজ শেষ করে বন্ধুদের সঙ্গে চিঠি লিখবে।
sva_01637	sva	p3_hon	p2_fam		long	fut	তিনি আগামীকাল দীর্ঘ ক্লান্তিকর পথ চলার শেষে একা একা চিঠি লিখবেন।	তিনি আগামীকাল দীর্ঘ ক্লান্তিকর পথ চলার শেষে একা একা চিঠি লিখবে।
sva_01638	sva	p3_hon	p2_fam		long	fut	তিনি আগামীকাল পরীক্ষার প্রস্তুতির ফাঁকে অল্প সময়ের জন্য চিঠি লিখবেন।	তিনি আগামীকাল পরীক্ষার প্রস্তুতির ফাঁকে অল্প সময়ের জন্য চিঠি লিখবে।
sva_01639	sva	p3_hon	p3_ord		long	fut	তিনি আগামীকাল সব রকমের ব্যস্ততার মধ্যেও খুব মন দিয়ে চিঠি লিখবেন।	তিনি আগামীকাল সব রকমের ব্যস্ততার মধ্যেও খুব মন দিয়ে চিঠি লিখবে।
sva_01640	sva	p3_hon	p3_ord		none	fut	উনি চিঠি লিখবেন।	উনি চিঠি লিখবে।
sva_01641	sva	p3_hon	p2_int		short	fut	উনি আগামী সপ্তাহে চিঠি লিখবেন।	উনি আগামী সপ্তাহে চিঠি লিখবি।
sva_01642	sva	p3_hon	p2_fam		medium	fut	উনি কিছুদিন পরে বন্ধুদের সঙ্গে চিঠি লিখবেন।	উনি কিছুদিন পরে বন্ধুদের সঙ্গে চিঠি লিখবে।
sva_01643	sva	p3_hon	p3_ord		medium	fut	উনি কিছুদিন পরে খুব মন দিয়ে চিঠি লিখবেন।	উনি কিছুদিন পরে খুব মন দিয়ে চিঠি লিখবে।
sva_01644	sva	p3_hon	p2_int		medium	fut	উনি আগামীকাল একা একা চিঠি লিখবেন।	উনি আগামীকাল একা একা চিঠি লিখবি।
sva_01645	sva	p3_hon	p3_ord		medium	fut	উনি আগামী সপ্তাহে বাড়ির কাজ শেষ করে চিঠি লিখবেন।	উনি আগামী সপ্তাহে বাড়ির কাজ শেষ করে চিঠি লিখবে।
sva_01646	sva	p3_hon	p2_fam		long	fut	উনি আগামীকাল বাড়ির সব কাজ শেষ করে বন্ধুদের সঙ্গে চিঠি লিখবেন।	উনি আগামীকাল বাড়ির সব কাজ শেষ করে বন্ধুদের সঙ্গে চিঠি লিখবে।
sva_01647	sva	p3_hon	p1		long	fut	উনি কিছুদিন পরে দীর্ঘ ক্লান্তিকর পথ চলার শেষে একা একা চিঠি লিখবেন।	উনি কিছুদিন পরে দীর্ঘ ক্লান্তিকর পথ চলার শেষে একা একা চিঠি লিখব।
sva_01648	sva	p3_hon	p1		long	fut	উনি আগামীকাল পরীক্ষার প্রস্তুতির ফাঁকে অল্প সময়ের জন্য চিঠি লিখবেন।	উনি আগামীকাল পরীক্ষার প্রস্তুতির ফাঁকে অল্প সময়ের জন্য চিঠি লিখব।
sva_01649	sva	p3_hon	p2_int		long	fut	উনি আগামী সপ্তাহে সব রকমের ব্যস্ততার মধ্যেও খুব মন দিয়ে চিঠি লিখবেন।	উনি আগামী সপ্তাহে সব রকমের ব্যস্ততার মধ্যেও খুব মন দিয়ে চিঠি লিখবি।
sva_01650	sva	p1	p2_int		none	pres	আমি বই পড়ি।	আমি বই পড়িস।
sva_01651	sva	p1	p2_fam		short	pres	আমি প্রতিদিন বই পড়ি।	আমি প্রতিদিন বই পড়ো।
sva_01652	sva	p1	p2_hon		medium	pres	আমি সাধারণত বন্ধুদের সঙ্গে বই পড়ি।	আমি সাধারণত বন্ধুদের সঙ্গে বই পড়েন।
sva_01653	sva	p1	p2_hon		medium	pres	আমি প্রায়ই খুব মন দিয়ে বই পড়ি।	আমি প্রায়ই খুব মন দিয়ে বই পড়েন।
sva_01654	sva	p1	p3_hon		medium	pres	আমি সাধারণত একা একা বই পড়ি।	আমি সাধারণত একা একা বই পড়েন।
sva_01655	sva	p1	p3_ord		medium	pres	আমি সাধারণত বাড়ির কাজ শেষ করে বই পড়ি।	আমি সাধারণত বাড়ির কাজ শেষ করে বই পড়ে।
sva_01656	sva	p1	p3_hon		long	pres	আমি প্রতিদিন বাড়ির সব কাজ শেষ করে বন্ধুদের সঙ্গে বই পড়ি।	আমি প্রতিদিন বাড়ির সব কাজ শেষ করে বন্ধুদের সঙ্গে বই পড়েন।
sva_01657	sva	p1	p3_ord		long	pres	আমি প্রায়ই দীর্ঘ ক্লান্তিকর পথ চলার শেষে একা একা বই পড়ি।	আমি প্রায়ই দীর্ঘ ক্লান্তিকর পথ চলার শেষে একা একা বই পড়ে।
sva_01658	sva	p1	p2_int		long	pres	আমি প্রতিদিন পরীক্ষার প্রস্তুতির ফাঁকে অল্প সময়ের জন্য বই পড়ি।	আমি প্রতিদিন পরীক্ষার প্রস্তুতির ফাঁকে অল্প সময়ের জন্য বই পড়িস।
sva_01659	sva	p1	p3_hon		long	pres	আমি সাধারণত সব রকমের ব্যস্ততার মধ্যেও খুব মন দিয়ে বই পড়ি।	আমি সাধারণত সব রকমের ব্যস্ততার মধ্যেও খুব মন দিয়ে বই পড়েন।
sva_01660	sva	p2_int	p2_hon		none	pres	তুই বই পড়িস।	তুই বই পড়েন।
sva_01661	sva	p2_int	p3_ord		short	pres	তুই সাধারণত বই পড়িস।	তুই সাধারণত বই পড়ে।
sva_01662	sva	p2_int	p2_fam		medium	pres	তুই প্রতিদিন বন্ধুদের সঙ্গে বই পড়িস।	তুই প্রতিদিন বন্ধুদের সঙ্গে বই পড়ো।
sva_01663	sva	p2_int	p3_hon		medium	pres	তুই প্রতিদিন খুব মন দিয়ে বই পড়িস।	তুই প্রতিদিন খুব মন দিয়ে বই পড়েন।
sva_01664	sva	p2_int	p3_hon		medium	pres	তুই সাধারণত একা একা বই পড়িস।	তুই সাধারণত একা একা বই পড়েন।
sva_01665	sva	p2_int	p2_fam		medium	pres	তুই সাধারণত বাড়ির কাজ শেষ করে বই পড়িস।	তুই সাধারণত বাড়ির কাজ শেষ করে বই পড়ো।
sva_01666	sva	p2_int	p2_fam		long	pres	তুই প্রতিদিন বাড়ির সব কাজ শেষ করে বন্ধুদের সঙ্গে বই পড়িস।	তুই প্রতিদিন বাড়ির সব কাজ শেষ করে বন্ধুদের সঙ্গে বই পড়ো।
sva_01667	sva	p2_int	p2_hon		long	pres	তুই প্রায়ই দীর্ঘ ক্লান্তিকর পথ চলার শেষে একা একা বই পড়িস।	তুই প্রায়ই দীর্ঘ ক্লান্তিকর পথ চলার শেষে একা একা বই পড়েন।
sva_01668	sva	p2_int	p1		long	pres	তুই প্রতিদিন পরীক্ষার প্রস্তুতির ফাঁকে অল্প সময়ের জন্য বই পড়িস।	তুই প্রতিদিন পরীক্ষার প্রস্তুতির ফাঁকে অল্প সময়ের জন্য বই পড়ি।
sva_01669	sva	p2_int	p2_hon		long	pres	তুই প্রায়ই সব রকমের ব্যস্ততার মধ্যেও খুব মন দিয়ে বই পড়িস।	তুই প্রায়ই সব রকমের ব্যস্ততার মধ্যেও খুব মন দিয়ে বই পড়েন।
sva_01670	sva	p2_fam	p3_ord		none	pres	তুমি বই পড়ো।	তুমি বই পড়ে।
sva_01671	sva	p2_fam	p1		short	pres	তুমি প্রায়ই বই পড়ো।	তুমি প্রায়ই বই পড়ি।
sva_01672	sva	p2_fam	p2_int		medium	pres	তুমি সাধারণত বন্ধুদের সঙ্গে বই পড়ো।	তুমি সাধারণত বন্ধুদের সঙ্গে বই পড়িস।
sva_01673	sva	p2_fam	p2_hon		medium	pres	তুমি প্রায়ই খুব মন দিয়ে বই পড়ো।	তুমি প্রায়ই খুব মন দিয়ে বই পড়েন।
sva_01674	sva	p2_fam	p1		medium	pres	তুমি প্রায়ই একা একা বই পড়ো।	তুমি প্রায়ই একা একা বই পড়ি।
sva_01675	sva	p2_fam	p2_int		medium	pres	তুমি প্রায়ই বাড়ির কাজ শেষ করে বই পড়ো।	তুমি প্রায়ই বাড়ির কাজ শেষ করে বই পড়িস।
sva_01676	sva	p2_fam	p3_ord		long	pres	তুমি প্রায়ই বাড়ির সব কাজ শেষ করে বন্ধুদের সঙ্গে বই পড়ো।	তুমি প্রায়ই বাড়ির সব কাজ শেষ করে বন্ধুদের সঙ্গে বই পড়ে।
sva_01677	sva	p2_fam	p2_int		long	pres	তুমি প্রায়ই দীর্ঘ ক্লান্তিকর পথ চলার শেষে একা একা বই পড়ো।	তুমি প্রায়ই দীর্ঘ ক্লান্তিকর পথ চলার শেষে একা একা বই পড়িস।
sva_01678	sva	p2_fam	p3_ord		long	pres	তুমি প্রতিদিন পরীক্ষার প্রস্তুতির ফাঁকে অল্প সময়ের জন্য বই পড়ো।	তুমি প্রতিদিন পরীক্ষার প্রস্তুতির ফাঁকে অল্প সময়ের জন্য বই পড়ে।
sva_01679	sva	p2_fam	p3_hon		long	pres	তুমি প্রায়ই সব রকমের ব্যস্ততার মধ্যেও খুব মন দিয়ে বই পড়ো।	তুমি প্রায়ই সব রকমের ব্যস্ততার মধ্যেও খুব মন দিয়ে বই পড়েন।
sva_01680	sva	p2_hon	p1		none	pres	আপনি বই পড়েন।	আপনি বই পড়ি।
sva_01681	sva	p2_hon	p2_fam		short	pres	আপনি প্রায়ই বই পড়েন।	আপনি প্রায়ই বই পড়ো।
sva_01682	sva	p2_hon	p2_int		medium	pres	আপনি প্রায়ই বন্ধুদের সঙ্গে বই পড়েন।	আপনি প্রায়ই বন্ধুদের সঙ্গে বই পড়িস।
sva_01683	sva	p2_hon	p2_fam		medium	pres	আপনি প্রায়ই খুব মন দিয়ে বই পড়েন।	আপনি প্রায়ই খুব মন দিয়ে বই পড়ো।
sva_01684	sva	p2_hon	p1		medium	pres	আপনি প্রতিদিন একা একা বই পড়েন।	আপনি প্রতিদিন একা একা বই পড়ি।
sva_01685	sva	p2_hon	p3_ord		medium	pres	আপনি প্রতিদিন বাড়ির কাজ শেষ করে বই পড়েন।	আপনি প্রতিদিন বাড়ির কাজ শেষ করে বই পড়ে।
sva_01686	sva	p2_hon	p1		long	pres	আপনি প্রতিদিন বাড়ির সব কাজ শেষ করে বন্ধুদের সঙ্গে বই পড়েন।	আপনি প্রতিদিন বাড়ির সব কাজ শেষ করে বন্ধুদের সঙ্গে বই পড়ি।
sva_01687	sva	p2_hon	p2_int		long	pres	আপনি প্রতিদিন দীর্ঘ ক্লান্তিকর পথ চলার শেষে একা একা বই পড়েন।	আপনি প্রতিদিন দীর্ঘ ক্লান্তিকর পথ চলার শেষে একা একা বই পড়িস।
sva_01688	sva	p2_hon	p3_ord		long	pres	আপনি সাধারণত পরীক্ষার প্রস্তুতির ফাঁকে অল্প সময়ের জন্য বই পড়েন।	আপনি সাধারণত পরীক্ষার প্রস্তুতির ফাঁকে অল্প সময়ের জন্য বই পড়ে।
sva_01689	sva	p2_hon	p3_ord		long	pres	আপনি সাধারণত সব রকমের ব্যস্ততার মধ্যেও খুব মন দিয়ে বই পড়েন।	আপনি সাধারণত সব রকমের ব্যস্ততার মধ্যেও খুব মন দিয়ে বই পড়ে।
sva_01690	sva	p3_ord	p3_hon		none	pres	সে বই পড়ে।	সে বই পড়েন।
sva_01691	sva	p3_ord	p2_fam		short	pres	সে প্রতিদিন বই পড়ে।	সে প্রতিদিন বই পড়ো।
sva_01692	sva	p3_ord	p2_int		medium	pres	সে সাধারণত বন্ধুদের সঙ্গে বই পড়ে।	সে সাধারণত বন্ধুদের সঙ্গে বই পড়িস।
sva_01693	sva	p3_ord	p1		medium	pres	সে সাধারণত খুব মন দিয়ে বই পড়ে।	সে সাধারণত খুব মন দিয়ে বই পড়ি।
sva_01694	sva	p3_ord	p2_fam		medium	pres	সে প্রায়ই একা একা বই পড়ে।	সে প্রায়ই একা একা বই পড়ো।
sva_01695	sva	p3_ord	p3_hon		medium	pres	সে প্রতিদিন বাড়ির কাজ শেষ করে বই পড়ে।	সে প্রতিদিন বাড়ির কাজ শেষ করে বই পড়েন।
sva_01696	sva	p3_ord	p3_hon		long	pres	সে সাধারণত বাড়ির সব কাজ শেষ করে বন্ধুদের সঙ্গে বই পড়ে।	সে সাধারণত বাড়ির সব কাজ শেষ করে বন্ধুদের সঙ্গে বই পড়েন।
sva_01697	sva	p3_ord	p1		long	pres	সে প্রতিদিন দীর্ঘ ক্লান্তিকর পথ চলার শেষে একা একা বই পড়ে।	সে প্রতিদিন দীর্ঘ ক্লান্তিকর পথ চলার শেষে একা একা বই পড়ি।
sva_01698	sva	p3_ord	p3_hon		long	pres	সে প্রায়ই পরীক্ষার প্রস্তুতির ফাঁকে অল্প সময়ের জন্য বই পড়ে।	সে প্রায়ই পরীক্ষার প্রস্তুতির ফাঁকে অল্প সময়ের জন্য বই পড়েন।
sva_01699	sva	p3_ord	p2_fam		long	pres	সে সাধারণত সব রকমের ব্যস্ততার মধ্যেও খুব মন দিয়ে বই পড়ে।	সে সাধারণত সব রকমের ব্যস্ততার মধ্যেও খুব মন দিয়ে বই পড়ো।
sva_01700	sva	p3_ord	p1		none	pres	ছেলেটি বই পড়ে।	ছেলেটি বই পড়ি।
sva_01701	sva	p3_ord	p1		short	pres	ছেলেটি প্রায়ই বই পড়ে।	ছেলেটি প্রায়ই বই পড়ি।
sva_01702	sva	p3_ord	p1		medium	pres	ছেলেটি প্রায়ই বন্ধুদের সঙ্গে বই পড়ে।	ছেলেটি প্রায়ই বন্ধুদের সঙ্গে বই পড়ি।
sva_01703	sva	p3_ord	p3_hon		medium	pres	ছেলেটি সাধারণত খুব মন দিয়ে বই পড়ে।	ছেলেটি সাধারণত খুব মন দিয়ে বই পড়েন।
sva_01704	sva	p3_ord	p2_int		medium	pres	ছেলেটি সাধারণত একা একা বই পড়ে।	ছেলেটি সাধারণত একা একা বই পড়িস।
sva_01705	sva	p3_ord	p1		medium	pres	ছেলেটি প্রায়ই বাড়ির কাজ শেষ করে বই পড়ে।	ছেলেটি প্রায়ই বাড়ির কাজ শেষ করে বই পড়ি।
sva_01706	sva	p3_ord	p3_hon		long	pres	ছেলেটি প্রায়ই বাড়ির সব কাজ শেষ করে বন্ধুদের সঙ্গে বই পড়ে।	ছেলেটি প্রায়ই বাড়ির সব কাজ শেষ করে বন্ধুদের সঙ্গে বই পড়েন।
sva_01707	sva	p3_ord	p3_hon		long	pres	ছেলেটি সাধারণত দীর্ঘ ক্লান্তিকর পথ চলার শেষে একা একা বই পড়ে।	ছেলেটি সাধারণত দীর্ঘ ক্লান্তিকর পথ চলার শেষে একা একা বই পড়েন।
sva_01708	sva	p3_ord	p1		long	pres	ছেলেটি সাধারণত পরীক্ষার প্রস্তুতির ফাঁকে অল্প সময়ের জন্য বই পড়ে।	ছেলেটি সাধারণত পরীক্ষার প্রস্তুতির ফাঁকে অল্প সময়ের জন্য বই পড়ি।
sva_01709	sva	p3_ord	p2_fam		long	pres	ছেলেটি সাধারণত সব রকমের ব্যস্ততার মধ্যেও খুব মন দিয়ে বই পড়ে।	ছেলেটি সাধারণত সব রকমের ব্যস্ততার মধ্যেও খুব মন দিয়ে বই পড়ো।
sva_01710	sva	p3_ord	p3_hon		none	pres	মেয়েটি বই পড়ে।	মেয়েটি বই পড়েন।
sva_01711	sva	p3_ord	p2_int		short	pres	মেয়েটি প্রতিদিন বই পড়ে।	মেয়েটি প্রতিদিন বই পড়িস।
sva_01712	sva	p3_ord	p2_int		medium	pres	মেয়েটি প্রতিদিন বন্ধুদের সঙ্গে বই পড়ে।	মেয়েটি প্রতিদিন বন্ধুদের সঙ্গে বই পড়িস।
sva_01713	sva	p3_ord	p1		medium	pres	মেয়েটি প্রতিদিন খুব মন দিয়ে বই পড়ে।	মেয়েটি প্রতিদিন খুব মন দিয়ে বই পড়ি।
sva_01714	sva	p3_ord	p3_hon		medium	pres	মেয়েটি সাধারণত একা একা বই পড়ে।	মেয়েটি সাধারণত একা একা বই পড়েন।
sva_01715	sva	p3_ord	p1		medium	pres	মেয়েটি প্রায়ই বাড়ির কাজ শেষ করে বই পড়ে।	মেয়েটি প্রায়ই বাড়ির কাজ শেষ করে বই পড়ি।
sva_01716	sva	p3_ord	p3_hon		long	pres	মেয়েটি প্রতিদিন বাড়ির সব কাজ শেষ করে বন্ধুদের সঙ্গে বই পড়ে।	মেয়েটি প্রতিদিন বাড়ির সব কাজ শেষ করে বন্ধুদের সঙ্গে বই পড়েন।
sva_01717	sva	p3_ord	p2_fam		long	pres	মেয়েটি সাধারণত দীর্ঘ ক্লান্তিকর পথ চলার শেষে একা একা বই পড়ে।	মেয়েটি সাধারণত দীর্ঘ ক্লান্তিকর পথ চলার শেষে একা একা বই পড়ো।
sva_01718	sva	p3_ord	p2_fam		long	pres	মেয়েটি সাধারণত পরীক্ষার প্রস্তুতির ফাঁকে অল্প সময়ের জন্য বই পড়ে।	মেয়েটি সাধারণত পরীক্ষার প্রস্তুতির ফাঁকে অল্প সময়ের জন্য বই পড়ো।
sva_01719	sva	p3_ord	p2_int		long	pres	মেয়েটি সাধারণত সব রকমের ব্যস্ততার মধ্যেও খুব মন দিয়ে বই পড়ে।	মেয়েটি সাধারণত সব রকমের ব্যস্ততার মধ্যেও খুব মন দিয়ে বই পড়িস।
sva_01720	sva	p3_ord	p2_fam		none	pres	আমার বন্ধু বই পড়ে।	আমার বন্ধু বই পড়ো।
sva_01721	sva	p3_ord	p2_hon		short	pres	আমার বন্ধু প্রতিদিন বই পড়ে।	আমার বন্ধু প্রতিদিন বই পড়েন।
sva_01722	sva	p3_ord	p2_int		medium	pres	আমার বন্ধু প্রতিদিন বন্ধুদের সঙ্গে বই পড়ে।	আমার বন্ধু প্রতিদিন বন্ধুদের সঙ্গে বই পড়িস।
sva_01723	sva	p3_ord	p1		medium	pres	আমার বন্ধু সাধারণত খুব মন দিয়ে বই পড়ে।	আমার বন্ধু সাধারণত খুব মন দিয়ে বই পড়ি।
sva_01724	sva	p3_ord	p1		medium	pres	আমার বন্ধু সাধারণত একা একা বই পড়ে।	আমার বন্ধু সাধারণত একা একা বই পড়ি।
sva_01725	sva	p3_ord	p2_int		medium	pres	আমার বন্ধু প্রতিদিন বাড়ির কাজ শেষ করে বই পড়ে।	আমার বন্ধু প্রতিদিন বাড়ির কাজ শেষ করে বই পড়িস।
sva_01726	sva	p3_ord	p1		long	pres	আমার বন্ধু সাধারণত বাড়ির সব কাজ শেষ করে বন্ধুদের সঙ্গে বই পড়ে।	আমার বন্ধু সাধারণত বাড়ির সব কাজ শেষ করে বন্ধুদের সঙ্গে বই পড়ি।
sva_01727	sva	p3_ord	p2_int		long	pres	আমার বন্ধু প্রায়ই দীর্ঘ ক্লান্তিকর পথ চলার শেষে একা একা বই পড়ে।	আমার বন্ধু প্রায়ই দীর্ঘ ক্লান্তিকর পথ চলার শেষে একা একা বই পড়িস।
sva_01728	sva	p3_ord	p2_hon		long	pres	আমার বন্ধু প্রায়ই পরীক্ষার প্রস্তুতির ফাঁকে অল্প সময়ের জন্য বই পড়ে।	আমার বন্ধু প্রায়ই পরীক্ষার প্রস্তুতির ফাঁকে অল্প সময়ের জন্য বই পড়েন।
sva_01729	sva	p3_ord	p3_hon		long	pres	আমার বন্ধু সাধারণত সব রকমের ব্যস্ততার মধ্যেও খুব মন দিয়ে বই পড়ে।	আমার বন্ধু সাধারণত সব রকমের ব্যস্ততার মধ্যেও খুব মন দিয়ে বই পড়েন।
sva_01730	sva	p3_ord	p2_hon		none	pres	রহিম বই পড়ে।	রহিম বই পড়েন।
sva_01731	sva	p3_ord	p2_int		short	pres	রহিম প্রতিদিন বই পড়ে।	রহিম প্রতিদিন বই পড়িস।
sva_01732	sva	p3_ord	p2_hon		medium	pres	রহিম সাধারণত বন্ধুদের সঙ্গে বই পড়ে।	রহিম সাধারণত বন্ধুদের সঙ্গে বই পড়েন।
sva_01733	sva	p3_ord	p3_hon		medium	pres	রহিম সাধারণত খুব মন দিয়ে বই পড়ে।	রহিম সাধারণত খুব মন দিয়ে বই পড়েন।
sva_01734	sva	p3_ord	p2_hon		medium	pres	রহিম প্রায়ই একা একা বই পড়ে।	রহিম প্রায়ই একা একা বই পড়েন।
sva_01735	sva	p3_ord	p1		medium	pres	রহিম সাধারণত বাড়ির কাজ শেষ করে বই পড়ে।	রহিম সাধারণত বাড়ির কাজ শেষ করে বই পড়ি।
sva_01736	sva	p3_ord	p1		long	pres	রহিম প্রতিদিন বাড়ির সব কাজ শেষ করে বন্ধুদের সঙ্গে বই পড়ে।	রহিম প্রতিদিন বাড়ির সব কাজ শেষ করে বন্ধুদের সঙ্গে বই পড়ি।
sva_01737	sva	p3_ord	p3_hon		long	pres	রহিম প্রায়ই দীর্ঘ ক্লান্তিকর পথ চলার শেষে একা একা বই পড়ে।	রহিম প্রায়ই দীর্ঘ ক্লান্তিকর পথ চলার শেষে একা একা বই পড়েন।
sva_01738	sva	p3_ord	p1		long	pres	রহিম প্রতিদিন পরীক্ষার প্রস্তুতির ফাঁকে অল্প সময়ের জন্য বই পড়ে।	রহিম প্রতিদিন পরীক্ষার প্রস্তুতির ফাঁকে অল্প সময়ের জন্য বই পড়ি।
sva_01739	sva	p3_ord	p2_hon		long	pres	রহিম প্রায়ই সব রকমের ব্যস্ততার মধ্যেও খুব মন দিয়ে বই পড়ে।	রহিম প্রায়ই সব রকমের ব্যস্ততার মধ্যেও খুব মন দিয়ে বই পড়েন।
sva_01740	sva	p3_hon	p1		none	pres	তিনি বই পড়েন।	তিনি বই পড়ি।
sva_01741	sva	p3_hon	p2_int		short	pres	তিনি প্রতিদিন বই পড়েন।	তিনি প্রতিদিন বই পড়িস।
sva_01742	sva	p3_hon	p2_int		medium	pres	তিনি প্রায়ই বন্ধুদের সঙ্গে বই পড়েন।	তিনি প্রায়ই বন্ধুদের সঙ্গে বই পড়িস।
sva_01743	sva	p3_hon	p2_int		medium	pres	তিনি প্রায়ই খুব মন দিয়ে বই পড়েন।	তিনি প্রায়ই খুব মন দিয়ে বই পড়িস।
sva_01744	sva	p3_hon	p1		medium	pres	তিনি সাধারণত একা একা বই পড়েন।	তিনি সাধারণত একা একা বই পড়ি।
sva_01745	sva	p3_hon	p2_int		medium	pres	তিনি সাধারণত বাড়ির কাজ শেষ করে বই পড়েন।	তিনি সাধারণত বাড়ির কাজ শেষ করে বই পড়িস।
sva_01746	sva	p3_hon	p3_ord		long	pres	তিনি প্রতিদিন বাড়ির সব কাজ শেষ করে বন্ধুদের সঙ্গে বই পড়েন।	তিনি প্রতিদিন বাড়ির সব কাজ শেষ করে বন্ধুদের সঙ্গে বই পড়ে।
sva_01747	sva	p3_hon	p2_fam		long	pres	তিনি প্রায়ই দীর্ঘ ক্লান্তিকর পথ চলার শেষে একা একা বই পড়েন।	তিনি প্রায়ই দীর্ঘ ক্লান্তিকর পথ চলার শেষে একা একা বই পড়ো।
sva_01748	sva	p3_hon	p3_ord		long	pres	তিনি প্রতিদিন পরীক্ষার প্রস্তুতির ফাঁকে অল্প সময়ের জন্য বই পড়েন।	তিনি প্রতিদিন পরীক্ষার প্রস্তুতির ফাঁকে অল্প সময়ের জন্য বই পড়ে।
sva_01749	sva	p3_hon	p2_int		long	pres	তিনি প্রায়ই সব রকমের ব্যস্ততার মধ্যেও খুব মন দিয়ে বই পড়েন।	তিনি প্রায়ই সব রকমের ব্যস্ততার মধ্যেও খুব মন দিয়ে বই পড়িস।
sva_01750	sva	p3_hon	p2_fam		none	pres	উনি বই পড়েন।	উনি বই পড়ো।
sva_01751	sva	p3_hon	p2_fam		short	pres	উনি প্রায়ই বই পড়েন।	উনি প্রায়ই বই পড়ো।
sva_01752	sva	p3_hon	p2_int		medium	pres	উনি প্রায়ই বন্ধুদের সঙ্গে বই পড়েন।	উনি প্রায়ই বন্ধুদের সঙ্গে বই পড়িস।
sva_01753	sva	p3_hon	p3_ord		medium	pres	উনি প্রতিদিন খুব মন দিয়ে বই পড়েন।	উনি প্রতিদিন খুব মন দিয়ে বই পড়ে।
sva_01754	sva	p3_hon	p2_int		medium	pres	উনি সাধারণত একা একা বই পড়েন।	উনি সাধারণত একা একা বই পড়িস।
sva_01755	sva	p3_hon	p3_ord		medium	pres	উনি প্রায়ই বাড়ির কাজ শেষ করে বই পড়েন।	উনি প্রায়ই বাড়ির কাজ শেষ করে বই পড়ে।
sva_01756	sva	p3_hon	p2_fam		long	pres	উনি সাধারণত বাড়ির সব কাজ শেষ করে বন্ধুদের সঙ্গে বই পড়েন।	উনি সাধারণত বাড়ির সব কাজ শেষ করে বন্ধুদের সঙ্গে বই পড়ো।
sva_01757	sva	p3_hon	p2_fam		long	pres	উনি প্রতিদিন দীর্ঘ ক্লান্তিকর পথ চলার শেষে একা একা বই পড়েন।	উনি প্রতিদিন দীর্ঘ ক্লান্তিকর পথ চলার শেষে একা একা বই পড়ো।
sva_01758	sva	p3_hon	p3_ord		long	pres	উনি প্রতিদিন পরীক্ষার প্রস্তুতির ফাঁকে অল্প সময়ের জন্য বই পড়েন।	উনি প্রতিদিন পরীক্ষার প্রস্তুতির ফাঁকে অল্প সময়ের জন্য বই পড়ে।
sva_01759	sva	p3_hon	p3_ord		long	pres	উনি প্রতিদিন সব রকমের ব্যস্ততার মধ্যেও খুব মন দিয়ে বই পড়েন।	উনি প্রতিদিন সব রকমের ব্যস্ততার মধ্যেও খুব মন দিয়ে বই পড়ে।
sva_01760	sva	p1	p2_int		none	past	আমি বই পড়লাম।	আমি বই পড়লি।
sva_01761	sva	p1	p2_fam		short	past	আমি গতকাল বই পড়লাম।	আমি গতকাল বই পড়লে।
sva_01762	sva	p1	p2_int		medium	past	আমি গতকাল বন্ধুদের সঙ্গে বই পড়লাম।	আমি গতকাল বন্ধুদের সঙ্গে বই পড়লি।
sva_01763	sva	p1	p3_hon		medium	past	আমি গতকাল খুব মন দিয়ে বই পড়লাম।	আমি গতকাল খুব মন দিয়ে বই পড়লেন।
sva_01764	sva	p1	p3_ord		medium	past	আমি কাল সন্ধ্যায় একা একা বই পড়লাম।	আমি কাল সন্ধ্যায় একা একা বই পড়লো।
sva_01765	sva	p1	p3_ord		medium	past	আমি কাল সন্ধ্যায় বাড়ির কাজ শেষ করে বই পড়লাম।	আমি কাল সন্ধ্যায় বাড়ির কাজ শেষ করে বই পড়লো।
sva_01766	sva	p1	p2_hon		long	past	আমি গতকাল বাড়ির সব কাজ শেষ করে বন্ধুদের সঙ্গে বই পড়লাম।	আমি গতকাল বাড়ির সব কাজ শেষ করে বন্ধুদের সঙ্গে বই পড়লেন।
sva_01767	sva	p1	p2_int		long	past	আমি কাল সন্ধ্যায় দীর্ঘ ক্লান্তিকর পথ চলার শেষে একা একা বই পড়লাম।	আমি কাল সন্ধ্যায় দীর্ঘ ক্লান্তিকর পথ চলার শেষে একা একা বই পড়লি।
sva_01768	sva	p1	p2_int		long	past	আমি গতকাল পরীক্ষার প্রস্তুতির ফাঁকে অল্প সময়ের জন্য বই পড়লাম।	আমি গতকাল পরীক্ষার প্রস্তুতির ফাঁকে অল্প সময়ের জন্য বই পড়লি।
sva_01769	sva	p1	p2_hon		long	past	আমি কাল সন্ধ্যায় সব রকমের ব্যস্ততার মধ্যেও খুব মন দিয়ে বই পড়লাম।	আমি কাল সন্ধ্যায় সব রকমের ব্যস্ততার মধ্যেও খুব মন দিয়ে বই পড়লেন।
sva_01770	sva	p2_int	p2_hon		none	past	তুই বই পড়লি।	তুই বই পড়লেন।
sva_01771	sva	p2_int	p2_hon		short	past	তুই গতকাল বই পড়লি।	তুই গতকাল বই পড়লেন।
sva_01772	sva	p2_int	p3_ord		medium	past	তুই গত সপ্তাহে বন্ধুদের সঙ্গে বই পড়লি।	তুই গত সপ্তাহে বন্ধুদের সঙ্গে বই পড়লো।
sva_01773	sva	p2_int	p2_fam		medium	past	তুই গতকাল খুব মন দিয়ে বই পড়লি।	তুই গতকাল খুব মন দিয়ে বই পড়লে।
sva_01774	sva	p2_int	p3_ord		medium	past	তুই গত সপ্তাহে একা একা বই পড়লি।	তুই গত সপ্তাহে একা একা বই পড়লো।
sva_01775	sva	p2_int	p3_ord		medium	past	তুই গতকাল বাড়ির কাজ শেষ করে বই পড়লি।	তুই গতকাল বাড়ির কাজ শেষ করে বই পড়লো।
sva_01776	sva	p2_int	p1		long	past	তুই গতকাল বাড়ির সব কাজ শেষ করে বন্ধুদের সঙ্গে বই পড়লি।	তুই গতকাল বাড়ির সব কাজ শেষ করে বন্ধুদের সঙ্গে বই পড়লাম।
sva_01777	sva	p2_int	p2_hon		long	past	তুই কাল সন্ধ্যায় দীর্ঘ ক্লান্তিকর পথ চলার শেষে একা একা বই পড়লি।	তুই কাল সন্ধ্যায় দীর্ঘ ক্লান্তিকর পথ চলার শেষে একা একা বই পড়লেন।
sva_01778	sva	p2_int	p3_hon		long	past	তুই গতকাল পরীক্ষার প্রস্তুতির ফাঁকে অল্প সময়ের জন্য বই পড়লি।	তুই গতকাল পরীক্ষার প্রস্তুতির ফাঁকে অল্প সময়ের জন্য বই পড়লেন।
sva_01779	sva	p2_int	p3_hon		long	past	তুই গতকাল সব রকমের ব্যস্ততার মধ্যেও খুব মন দিয়ে বই পড়লি।	তুই গতকাল সব রকমের ব্যস্ততার মধ্যেও খুব মন দিয়ে বই পড়লেন।
sva_01780	sva	p2_fam	p1		none	past	তুমি বই পড়লে।	তুমি বই পড়লাম।
sva_01781	sva	p2_fam	p3_ord		short	past	তুমি গত সপ্তাহে বই পড়লে।	তুমি গত সপ্তাহে বই পড়লো।
sva_01782	sva	p2_fam	p2_hon		medium	past	তুমি গতকাল বন্ধুদের সঙ্গে বই পড়লে।	তুমি গতকাল বন্ধুদের সঙ্গে বই পড়লেন।
sva_01783	sva	p2_fam	p2_hon		medium	past	তুমি কাল সন্ধ্যায় খুব মন দিয়ে বই পড়লে।	তুমি কাল সন্ধ্যায় খুব মন দিয়ে বই পড়লেন।
sva_01784	sva	p2_fam	p2_hon		medium	past	তুমি গতকাল একা একা বই পড়লে।	তুমি গতকাল একা একা বই পড়লেন।
sva_01785	sva	p2_fam	p3_ord		medium	past	তুমি গত সপ্তাহে বাড়ির কাজ শেষ করে বই পড়লে।	তুমি গত সপ্তাহে বাড়ির কাজ শেষ করে বই পড়লো।
sva_01786	sva	p2_fam	p2_hon		long	past	তুমি গত সপ্তাহে বাড়ির সব কাজ শেষ করে বন্ধুদের সঙ্গে বই পড়লে।	তুমি গত সপ্তাহে বাড়ির সব কাজ শেষ করে বন্ধুদের সঙ্গে বই পড়লেন।
sva_01787	sva	p2_fam	p3_hon		long	past	তুমি কাল সন্ধ্যায় দীর্ঘ ক্লান্তিকর পথ চলার শেষে একা একা বই পড়লে।	তুমি কাল সন্ধ্যায় দীর্ঘ ক্লান্তিকর পথ চলার শেষে একা একা বই পড়লেন।
sva_01788	sva	p2_fam	p3_ord		long	past	তুমি কাল সন্ধ্যায় পরীক্ষার প্রস্তুতির ফাঁকে অল্প সময়ের জন্য বই পড়লে।	তুমি কাল সন্ধ্যায় পরীক্ষার প্রস্তুতির ফাঁকে অল্প সময়ের জন্য বই পড়লো।
sva_01789	sva	p2_fam	p3_hon		long	past	তুমি গত সপ্তাহে সব রকমের ব্যস্ততার মধ্যেও খুব মন দিয়ে বই পড়লে।	তুমি গত সপ্তাহে সব রকমের ব্যস্ততার মধ্যেও খুব মন দিয়ে বই পড়লেন।
sva_01790	sva	p2_hon	p1		none	past	আপনি বই পড়লেন।	আপনি বই পড়লাম।
sva_01791	sva	p2_hon	p2_fam		short	past	আপনি কাল সন্ধ্যায় বই পড়লেন।	আপনি কাল সন্ধ্যায় বই পড়লে।
sva_01792	sva	p2_hon	p2_fam		medium	past	আপনি গত সপ্তাহে বন্ধুদের সঙ্গে বই পড়লেন।	আপনি গত সপ্তাহে বন্ধুদের সঙ্গে বই পড়লে।
sva_01793	sva	p2_hon	p2_int		medium	past	আপনি গত সপ্তাহে খুব মন দিয়ে বই পড়লেন।	আপনি গত সপ্তাহে খুব মন দিয়ে বই পড়লি।
sva_01794	sva	p2_hon	p3_ord		medium	past	আপনি কাল সন্ধ্যায় একা একা বই পড়লেন।	আপনি কাল সন্ধ্যায় একা একা বই পড়লো।
sva_01795	sva	p2_hon	p2_fam		medium	past	আপনি গত সপ্তাহে বাড়ির কাজ শেষ করে বই পড়লেন।	আপনি গত সপ্তাহে বাড়ির কাজ শেষ করে বই পড়লে।
sva_01796	sva	p2_hon	p3_ord		long	past	আপনি গত সপ্তাহে বাড়ির সব কাজ শেষ করে বন্ধুদের সঙ্গে বই পড়লেন।	আপনি গত সপ্তাহে বাড়ির সব কাজ শেষ করে বন্ধুদের সঙ্গে বই পড়লো।
sva_01797	sva	p2_hon	p2_fam		long	past	আপনি গতকাল দীর্ঘ ক্লান্তিকর পথ চলার শেষে একা একা বই পড়লেন।	আপনি গতকাল দীর্ঘ ক্লান্তিকর পথ চলার শেষে একা একা বই পড়লে।
sva_01798	sva	p2_hon	p2_fam		long	past	আপনি গতকাল পরীক্ষার প্রস্তুতির ফাঁকে অল্প সময়ের জন্য বই পড়লেন।	আপনি গতকাল পরীক্ষার প্রস্তুতির ফাঁকে অল্প সময়ের জন্য বই পড়লে।
sva_01799	sva	p2_hon	p1		long	past	আপনি গতকাল সব রকমের ব্যস্ততার মধ্যেও খুব মন দিয়ে বই পড়লেন।	আপনি গতকাল সব রকমের ব্যস্ততার মধ্যেও খুব মন দিয়ে বই পড়লাম।
sva_01800	sva	p3_ord	p2_fam		none	past	সে বই পড়লো।	সে বই পড়লে।
sva_01801	sva	p3_ord	p2_fam		short	past	সে গতকাল বই পড়লো।	সে গতকাল বই পড়লে।
sva_01802	sva	p3_ord	p2_hon		medium	past	সে গত সপ্তাহে বন্ধুদের সঙ্গে বই পড়লো।	সে গত সপ্তাহে বন্ধুদের সঙ্গে বই পড়লেন।
sva_01803	sva	p3_ord	p2_hon		medium	past	সে কাল সন্ধ্যায় খুব মন দিয়ে বই পড়লো।	সে কাল সন্ধ্যায় খুব মন দিয়ে বই পড়লেন।
sva_01804	sva	p3_ord	p2_int		medium	past	সে কাল সন্ধ্যায় একা একা বই পড়লো।	সে কাল সন্ধ্যায় একা একা বই পড়লি।
sva_01805	sva	p3_ord	p2_hon		medium	past	সে গত সপ্তাহে বাড়ির কাজ শেষ করে বই পড়লো।	সে গত সপ্তাহে বাড়ির কাজ শেষ করে বই পড়লেন।
sva_01806	sva	p3_ord	p3_hon		long	past	সে কাল সন্ধ্যায় বাড়ির সব কাজ শেষ করে বন্ধুদের সঙ্গে বই পড়লো।	সে কাল সন্ধ্যায় বাড়ির সব কাজ শেষ করে বন্ধুদের সঙ্গে বই পড়লেন।
sva_01807	sva	p3_ord	p3_hon		long	past	সে গতকাল দীর্ঘ ক্লান্তিকর পথ চলার শেষে একা একা বই পড়লো।	সে গতকাল দীর্ঘ ক্লান্তিকর পথ চলার শেষে একা একা বই পড়লেন।
sva_01808	sva	p3_ord	p3_hon		long	past	সে গত সপ্তাহে পরীক্ষার প্রস্তুতির ফাঁকে অল্প সময়ের জন্য বই পড়লো।	সে গত সপ্তাহে পরীক্ষার প্রস্তুতির ফাঁকে অল্প সময়ের জন্য বই পড়লেন।
sva_01809	sva	p3_ord	p3_hon		long	past	সে গতকাল সব রকমের ব্যস্ততার মধ্যেও খুব মন দিয়ে বই পড়লো।	সে গতকাল সব রকমের ব্যস্ততার মধ্যেও খুব মন দিয়ে বই পড়লেন।
sva_01810	sva	p3_ord	p2_int		none	past	ছেলেটি বই পড়লো।	ছেলেটি বই পড়লি।
sva_01811	sva	p3_ord	p2_fam		short	past	ছেলেটি গত সপ্তাহে বই পড়লো।	ছেলেটি গত সপ্তাহে বই পড়লে।
sva_01812	sva	p3_ord	p1		medium	past	ছেলেটি গত সপ্তাহে বন্ধুদের সঙ্গে বই পড়লো।	ছেলেটি গত সপ্তাহে বন্ধুদের সঙ্গে বই পড়লাম।
sva_01813	sva	p3_ord	p2_fam		medium	past	ছেলেটি গত সপ্তাহে খুব মন দিয়ে বই পড়লো।	ছেলেটি গত সপ্তাহে খুব মন দিয়ে বই পড়লে।
sva_01814	sva	p3_ord	p1		medium	past	ছেলেটি কাল সন্ধ্যায় একা একা বই পড়লো।	ছেলেটি কাল সন্ধ্যায় একা একা বই পড়লাম।
sva_01815	sva	p3_ord	p3_hon		medium	past	ছেলেটি কাল সন্ধ্যায় বাড়ির কাজ শেষ করে বই পড়লো।	ছেলেটি কাল সন্ধ্যায় বাড়ির কাজ শেষ করে বই পড়লেন।
sva_01816	sva	p3_ord	p3_hon		long	past	ছেলেটি গত সপ্তাহে বাড়ির সব কাজ শেষ করে বন্ধুদের সঙ্গে বই পড়লো।	ছেলেটি গত সপ্তাহে বাড়ির সব কাজ শেষ করে বন্ধুদের সঙ্গে বই পড়লেন।
sva_01817	sva	p3_ord	p2_fam		long	past	ছেলেটি কাল সন্ধ্যায় দীর্ঘ ক্লান্তিকর পথ চলার শেষে একা একা বই পড়লো।	ছেলেটি কাল সন্ধ্যায় দীর্ঘ ক্লান্তিকর পথ চলার শেষে একা একা বই পড়লে।
sva_01818	sva	p3_ord	p1		long	past	ছেলেটি কাল সন্ধ্যায় পরীক্ষার প্রস্তুতির ফাঁকে অল্প সময়ের জন্য বই পড়লো।	ছেলেটি কাল সন্ধ্যায় পরীক্ষার প্রস্তুতির ফাঁকে অল্প সময়ের জন্য বই পড়লাম।
sva_01819	sva	p3_ord	p3_hon		long	past	ছেলেটি গত সপ্তাহে সব রকমের ব্যস্ততার মধ্যেও খুব মন দিয়ে বই পড়লো।	ছেলেটি গত সপ্তাহে সব রকমের ব্যস্ততার মধ্যেও খুব মন দিয়ে বই পড়লেন।
sva_01820	sva	p3_ord	p2_fam		none	past	মেয়েটি বই পড়লো।	মেয়েটি বই পড়লে।
sva_01821	sva	p3_ord	p3_hon		short	past	মেয়েটি গতকাল বই পড়লো।	মেয়েটি গতকাল বই পড়লেন।
sva_01822	sva	p3_ord	p2_hon		medium	past	মেয়েটি গতকাল বন্ধুদের সঙ্গে বই পড়লো।	মেয়েটি গতকাল বন্ধুদের সঙ্গে বই পড়লেন।
sva_01823	sva	p3_ord	p1		medium	past	মেয়েটি গতকাল খুব মন দিয়ে বই পড়লো।	মেয়েটি গতকাল খুব মন দিয়ে বই পড়লাম।
sva_01824	sva	p3_ord	p2_hon		medium	past	মেয়েটি গত সপ্তাহে একা একা বই পড়লো।	মেয়েটি গত সপ্তাহে একা একা বই পড়লেন।
sva_01825	sva	p3_ord	p2_fam		medium	past	মেয়েটি গত সপ্তাহে বাড়ির কাজ শেষ করে বই পড়লো।	মেয়েটি গত সপ্তাহে বাড়ির কাজ শেষ করে বই পড়লে।
sva_01826	sva	p3_ord	p2_int		long	past	মেয়েটি গত সপ্তাহে বাড়ির সব কাজ শেষ করে বন্ধুদের সঙ্গে বই পড়লো।	মেয়েটি গত সপ্তাহে বাড়ির সব কাজ শেষ করে বন্ধুদের সঙ্গে বই পড়লি।
sva_01827	sva	p3_ord	p3_hon		long	past	মেয়েটি গত সপ্তাহে দীর্ঘ ক্লান্তিকর পথ চলার শেষে একা একা বই পড়লো।	মেয়েটি গত সপ্তাহে দীর্ঘ ক্লান্তিকর পথ চলার শেষে একা একা বই পড়লেন।
sva_01828	sva	p3_ord	p2_int		long	past	মেয়েটি গত সপ্তাহে পরীক্ষার প্রস্তুতির ফাঁকে অল্প সময়ের জন্য বই পড়লো।	মেয়েটি গত সপ্তাহে পরীক্ষার প্রস্তুতির ফাঁকে অল্প সময়ের জন্য বই পড়লি।
sva_01829	sva	p3_ord	p2_hon		long	past	মেয়েটি গতকাল সব রকমের ব্যস্ততার মধ্যেও খুব মন দিয়ে বই পড়লো।	মেয়েটি গতকাল সব রকমের ব্যস্ততার মধ্যেও খুব মন দিয়ে বই পড়লেন।
sva_01830	sva	p3_ord	p2_int		none	past	আমার বন্ধু বই পড়লো।	আমার বন্ধু বই পড়লি।
sva_01831	sva	p3_ord	p2_fam		short	past	আমার বন্ধু গতকাল বই পড়লো।	আমার বন্ধু গতকাল বই পড়লে।
sva_01832	sva	p3_ord	p2_hon		medium	past	আমার বন্ধু গতকাল বন্ধুদের সঙ্গে বই পড়লো।	আমার বন্ধু গতকাল বন্ধুদের সঙ্গে বই পড়লেন।
sva_01833	sva	p3_ord	p2_int		medium	past	আমার বন্ধু কাল সন্ধ্যায় খুব মন দিয়ে বই পড়লো।	আমার বন্ধু কাল সন্ধ্যায় খুব মন দিয়ে বই পড়লি।
sva_01834	sva	p3_ord	p2_hon		medium	past	আমার বন্ধু কাল সন্ধ্যায় একা একা বই পড়লো।	আমার বন্ধু কাল সন্ধ্যায় একা একা বই পড়লেন।
sva_01835	sva	p3_ord	p2_int		medium	past	আমার বন্ধু কাল সন্ধ্যায় বাড়ির কাজ শেষ করে বই পড়লো।	আমার বন্ধু কাল সন্ধ্যায় বাড়ির কাজ শেষ করে বই পড়লি।
sva_01836	sva	p3_ord	p1		long	past	আমার বন্ধু কাল সন্ধ্যায় বাড়ির সব কাজ শেষ করে বন্ধুদের সঙ্গে বই পড়লো।	আমার বন্ধু কাল সন্ধ্যায় বাড়ির সব কাজ শেষ করে বন্ধুদের সঙ্গে বই পড়লাম।
sva_01837	sva	p3_ord	p1		long	past	আমার বন্ধু কাল সন্ধ্যায় দীর্ঘ ক্লান্তিকর পথ চলার শেষে একা একা বই পড়লো।	আমার বন্ধু কাল সন্ধ্যায় দীর্ঘ ক্লান্তিকর পথ চলার শেষে একা একা বই পড়লাম।
sva_01838	sva	p3_ord	p2_fam		long	past	আমার বন্ধু গত সপ্তাহে পরীক্ষার প্রস্তুতির ফাঁকে অল্প সময়ের জন্য বই পড়লো।	আমার বন্ধু গত সপ্তাহে পরীক্ষার প্রস্তুতির ফাঁকে অল্প সময়ের জন্য বই পড়লে।
sva_01839	sva	p3_ord	p2_fam		long	past	আমার বন্ধু কাল সন্ধ্যায় সব রকমের ব্যস্ততার মধ্যেও খুব মন দিয়ে বই পড়লো।	আমার বন্ধু কাল সন্ধ্যায় সব রকমের ব্যস্ততার মধ্যেও খুব মন দিয়ে বই পড়লে।
sva_01840	sva	p3_ord	p3_hon		none	past	রহিম বই পড়লো।	রহিম বই পড়লেন।
sva_01841	sva	p3_ord	p3_hon		short	past	রহিম গত সপ্তাহে বই পড়লো।	রহিম গত সপ্তাহে বই পড়লেন।
sva_01842	sva	p3_ord	p3_hon		medium	past	রহিম গত সপ্তাহে বন্ধুদের সঙ্গে বই পড়লো।	রহিম গত সপ্তাহে বন্ধুদের সঙ্গে বই পড়লেন।
sva_01843	sva	p3_ord	p1		medium	past	রহিম গতকাল খুব মন দিয়ে বই পড়লো।	রহিম গতকাল খুব মন দিয়ে বই পড়লাম।
sva_01844	sva	p3_ord	p3_hon		medium	past	রহিম গত সপ্তাহে একা একা বই পড়লো।	রহিম গত সপ্তাহে একা একা বই পড়লেন।
sva_01845	sva	p3_ord	p2_hon		medium	past	রহিম কাল সন্ধ্যায় বাড়ির কাজ শেষ করে বই পড়লো।	রহিম কাল সন্ধ্যায় বাড়ির কাজ শেষ করে বই পড়লেন।
sva_01846	sva	p3_ord	p2_fam		long	past	রহিম কাল সন্ধ্যায় বাড়ির সব কাজ শেষ করে বন্ধুদের সঙ্গে বই পড়লো।	রহিম কাল সন্ধ্যায় বাড়ির সব কাজ শেষ করে বন্ধুদের সঙ্গে বই পড়লে।
sva_01847	sva	p3_ord	p2_int		long	past	রহিম কাল সন্ধ্যায় দীর্ঘ ক্লান্তিকর পথ চলার শেষে একা একা বই পড়লো।	রহিম কাল সন্ধ্যায় দীর্ঘ ক্লান্তিকর পথ চলার শেষে একা একা বই পড়লি।
sva_01848	sva	p3_ord	p2_int		long	past	রহিম কাল সন্ধ্যায় পরীক্ষার প্রস্তুতির ফাঁকে অল্প সময়ের জন্য বই পড়লো।	রহিম কাল সন্ধ্যায় পরীক্ষার প্রস্তুতির ফাঁকে অল্প সময়ের জন্য বই পড়লি।
sva_01849	sva	p3_ord	p3_hon		long	past	রহিম কাল সন্ধ্যায় সব রকমের ব্যস্ততার মধ্যেও খুব মন দিয়ে বই পড়লো।	রহিম কাল সন্ধ্যায় সব রকমের ব্যস্ততার মধ্যেও খুব মন দিয়ে বই পড়লেন।
sva_01850	sva	p3_hon	p2_int		none	past	তিনি বই পড়লেন।	তিনি বই পড়লি।
sva_01851	sva	p3_hon	p1		short	past	তিনি কাল সন্ধ্যায় বই পড়লেন।	তিনি কাল সন্ধ্যায় বই পড়লাম।
sva_01852	sva	p3_hon	p2_int		medium	past	তিনি গত সপ্তাহে বন্ধুদের সঙ্গে বই পড়লেন।	তিনি গত সপ্তাহে বন্ধুদের সঙ্গে বই পড়লি।
sva_01853	sva	p3_hon	p1		medium	past	তিনি কাল সন্ধ্যায় খুব মন দিয়ে বই পড়লেন।	তিনি কাল সন্ধ্যায় খুব মন দিয়ে বই পড়লাম।
sva_01854	sva	p3_hon	p2_int		medium	past	তিনি কাল সন্ধ্যায় একা একা বই পড়লেন।	তিনি কাল সন্ধ্যায় একা একা বই পড়লি।
sva_01855	sva	p3_hon	p1		medium	past	তিনি গত সপ্তাহে বাড়ির কাজ শেষ করে বই পড়লেন।	তিনি গত সপ্তাহে বাড়ির কাজ শেষ করে বই পড়লাম।
sva_01856	sva	p3_hon	p2_int		long	past	তিনি গত সপ্তাহে বাড়ির সব কাজ শেষ করে বন্ধুদের সঙ্গে বই পড়লেন।	তিনি গত সপ্তাহে বাড়ির সব কাজ শেষ করে বন্ধুদের সঙ্গে বই পড়লি।
sva_01857	sva	p3_hon	p2_fam		long	past	তিনি গতকাল দীর্ঘ ক্লান্তিকর পথ চলার শেষে একা একা বই পড়লেন।	তিনি গতকাল দীর্ঘ ক্লান্তিকর পথ চলার শেষে একা একা বই পড়লে।
sva_01858	sva	p3_hon	p1		long	past	তিনি গতকাল পরীক্ষার প্রস্তুতির ফাঁকে অল্প সময়ের জন্য বই পড়লেন।	তিনি গতকাল পরীক্ষার প্রস্তুতির ফাঁকে অল্প সময়ের জন্য বই পড়লাম।
sva_01859	sva	p3_hon	p3_ord		long	past	তিনি গত সপ্তাহে সব রকমের ব্যস্ততার মধ্যেও খুব মন দিয়ে বই পড়লেন।	তিনি গত সপ্তাহে সব রকমের ব্যস্ততার মধ্যেও খুব মন দিয়ে বই পড়লো।
sva_01860	sva	p3_hon	p2_int		none	past	উনি বই পড়লেন।	উনি বই পড়লি।
sva_01861	sva	p3_hon	p2_int		short	past	উনি গতকাল বই পড়লেন।	উনি গতকাল বই পড়লি।
sva_01862	sva	p3_hon	p3_ord		medium	past	উনি গত সপ্তাহে বন্ধুদের সঙ্গে বই পড়লেন।	উনি গত সপ্তাহে বন্ধুদের সঙ্গে বই পড়লো।
sva_01863	sva	p3_hon	p1		medium	past	উনি গত সপ্তাহে খুব মন দিয়ে বই পড়লেন।	উনি গত সপ্তাহে খুব মন দিয়ে বই পড়লাম।
sva_01864	sva	p3_hon	p2_fam		medium	past	উনি গত সপ্তাহে একা একা বই পড়লেন।	উনি গত সপ্তাহে একা একা বই পড়লে।
sva_01865	sva	p3_hon	p2_int		medium	past	উনি কাল সন্ধ্যায় বাড়ির কাজ শেষ করে বই পড়লেন।	উনি কাল সন্ধ্যায় বাড়ির কাজ শেষ করে বই পড়লি।
sva_01866	sva	p3_hon	p3_ord		long	past	উনি গত সপ্তাহে বাড়ির সব কাজ শেষ করে বন্ধুদের সঙ্গে বই পড়লেন।	উনি গত সপ্তাহে বাড়ির সব কাজ শেষ করে বন্ধুদের সঙ্গে বই পড়লো।
sva_01867	sva	p3_hon	p3_ord		long	past	উনি কাল সন্ধ্যায় দীর্ঘ ক্লান্তিকর পথ চলার শেষে একা একা বই পড়লেন।	উনি কাল সন্ধ্যায় দীর্ঘ ক্লান্তিকর পথ চলার শেষে একা একা বই পড়লো।
sva_01868	sva	p3_hon	p3_ord		long	past	উনি গতকাল পরীক্ষার প্রস্তুতির ফাঁকে অল্প সময়ের জন্য বই পড়লেন।	উনি গতকাল পরীক্ষার প্রস্তুতির ফাঁকে অল্প সময়ের জন্য বই পড়লো।
sva_01869	sva	p3_hon	p2_fam		long	past	উনি গতকাল সব রকমের ব্যস্ততার মধ্যেও খুব মন দিয়ে বই পড়লেন।	উনি গতকাল সব রকমের ব্যস্ততার মধ্যেও খুব মন দিয়ে বই পড়লে।
sva_01870	sva	p1	p3_hon		none	fut	আমি বই পড়ব।	আমি বই পড়বেন।
sva_01871	sva	p1	p3_ord		short	fut	আমি আগামীকাল বই পড়ব।	আমি আগামীকাল বই পড়বে।
sva_01872	sva	p1	p3_hon		medium	fut	আমি কিছুদিন পরে বন্ধুদের সঙ্গে বই পড়ব।	আমি কিছুদিন পরে বন্ধুদের সঙ্গে বই পড়বেন।
sva_01873	sva	p1	p2_hon		medium	fut	আমি আগামীকাল খুব মন দিয়ে বই পড়ব।	আমি আগামীকাল খুব মন দিয়ে বই পড়বেন।
sva_01874	sva	p1	p3_hon		medium	fut	আমি আগামী সপ্তাহে একা একা বই পড়ব।	আমি আগামী সপ্তাহে একা একা বই পড়বেন।
sva_01875	sva	p1	p2_fam		medium	fut	আমি কিছুদিন পরে বাড়ির কাজ শেষ করে বই পড়ব।	আমি কিছুদিন পরে বাড়ির কাজ শেষ করে বই পড়বে।
sva_01876	sva	p1	p3_ord		long	fut	আমি আগামী সপ্তাহে বাড়ির সব কাজ শেষ করে বন্ধুদের সঙ্গে বই পড়ব।	আমি আগামী সপ্তাহে বাড়ির সব কাজ শেষ করে বন্ধুদের সঙ্গে বই পড়বে।
sva_01877	sva	p1	p2_fam		long	fut	আমি আগামীকাল দীর্ঘ ক্লান্তিকর পথ চলার শেষে একা একা বই পড়ব।	আমি আগামীকাল দীর্ঘ ক্লান্তিকর পথ চলার শেষে একা একা বই পড়বে।
sva_01878	sva	p1	p2_fam		long	fut	আমি আগামী সপ্তাহে পরীক্ষার প্রস্তুতির ফাঁকে অল্প সময়ের জন্য বই পড়ব।	আমি আগামী সপ্তাহে পরীক্ষার প্রস্তুতির ফাঁকে অল্প সময়ের জন্য বই পড়বে।
sva_01879	sva	p1	p3_ord		long	fut	আমি আগামী সপ্তাহে সব রকমের ব্যস্ততার মধ্যেও খুব মন দিয়ে বই পড়ব।	আমি আগামী সপ্তাহে সব রকমের ব্যস্ততার মধ্যেও খুব মন দিয়ে বই পড়বে।
sva_01880	sva	p2_int	p2_fam		none	fut	তুই বই পড়বি।	তুই বই পড়বে।
sva_01881	sva	p2_int	p3_hon		short	fut	তুই আগামীকাল বই পড়বি।	তুই আগামীকাল বই পড়বেন।
sva_01882	sva	p2_int	p1		medium	fut	তুই আগামী সপ্তাহে বন্ধুদের সঙ্গে বই পড়বি।	তুই আগামী সপ্তাহে বন্ধুদের সঙ্গে বই পড়ব।
sva_01883	sva	p2_int	p2_fam		medium	fut	তুই আগামী সপ্তাহে খুব মন দিয়ে বই পড়বি।	তুই আগামী সপ্তাহে খুব মন দিয়ে বই পড়বে।
sva_01884	sva	p2_int	p3_hon		medium	fut	তুই আগামীকাল একা একা বই পড়বি।	তুই আগামীকাল একা একা বই পড়বেন।
sva_01885	sva	p2_int	p2_fam		medium	fut	তুই আগামীকাল বাড়ির কাজ শেষ করে বই পড়বি।	তুই আগামীকাল বাড়ির কাজ শেষ করে বই পড়বে।
sva_01886	sva	p2_int	p1		long	fut	তুই কিছুদিন পরে বাড়ির সব কাজ শেষ করে বন্ধুদের সঙ্গে বই পড়বি।	তুই কিছুদিন পরে বাড়ির সব কাজ শেষ করে বন্ধুদের সঙ্গে বই পড়ব।
sva_01887	sva	p2_int	p3_ord		long	fut	তুই আগামীকাল দীর্ঘ ক্লান্তিকর পথ চলার শেষে একা একা বই পড়বি।	তুই আগামীকাল দীর্ঘ ক্লান্তিকর পথ চলার শেষে একা একা বই পড়বে।
sva_01888	sva	p2_int	p3_ord		long	fut	তুই আগামীকাল পরীক্ষার প্রস্তুতির ফাঁকে অল্প সময়ের জন্য বই পড়বি।	তুই আগামীকাল পরীক্ষার প্রস্তুতির ফাঁকে অল্প সময়ের জন্য বই পড়বে।
sva_01889	sva	p2_int	p2_fam		long	fut	তুই আগামী সপ্তাহে সব রকমের ব্যস্ততার মধ্যেও খুব মন দিয়ে বই পড়বি।	তুই আগামী সপ্তাহে সব রকমের ব্যস্ততার মধ্যেও খুব মন দিয়ে বই পড়বে।
sva_01890	sva	p2_fam	p2_int		none	fut	তুমি বই পড়বে।	তুমি বই পড়বি।
sva_01891	sva	p2_fam	p1		short	fut	তুমি আগামীকাল বই পড়বে।	তুমি আগামীকাল বই পড়ব।
sva_01892	sva	p2_fam	p1		medium	fut	তুমি আগামী সপ্তাহে বন্ধুদের সঙ্গে বই পড়বে।	তুমি আগামী সপ্তাহে বন্ধুদের সঙ্গে বই পড়ব।
sva_01893	sva	p2_fam	p2_hon		medium	fut	তুমি আগামী সপ্তাহে খুব মন দিয়ে বই পড়বে।	তুমি আগামী সপ্তাহে খুব মন দিয়ে বই পড়বেন।
sva_01894	sva	p2_fam	p2_int		medium	fut	তুমি আগামীকাল একা একা বই পড়বে।	তুমি আগামীকাল একা একা বই পড়বি।
sva_01895	sva	p2_fam	p2_int		medium	fut	তুমি আগামী সপ্তাহে বাড়ির কাজ শেষ করে বই পড়বে।	তুমি আগামী সপ্তাহে বাড়ির কাজ শেষ করে বই পড়বি।
sva_01896	sva	p2_fam	p1		long	fut	তুমি কিছুদিন পরে বাড়ির সব কাজ শেষ করে বন্ধুদের সঙ্গে বই পড়বে।	তুমি কিছুদিন পরে বাড়ির সব কাজ শেষ করে বন্ধুদের সঙ্গে বই পড়ব।
sva_01897	sva	p2_fam	p2_int		long	fut	তুমি আগামীকাল দীর্ঘ ক্লান্তিকর পথ চলার শেষে একা একা বই পড়বে।	তুমি আগামীকাল দীর্ঘ ক্লান্তিকর পথ চলার শেষে একা একা বই পড়বি।
sva_01898	sva	p2_fam	p1		long	fut	তুমি কিছুদিন পরে পরীক্ষার প্রস্তুতির ফাঁকে অল্প সময়ের জন্য বই পড়বে।	তুমি কিছুদিন পরে পরীক্ষার প্রস্তুতির ফাঁকে অল্প সময়ের জন্য বই পড়ব।
sva_01899	sva	p2_fam	p2_int		long	fut	তুমি কিছুদিন পরে সব রকমের ব্যস্ততার মধ্যেও খুব মন দিয়ে বই পড়বে।	তুমি কিছুদিন পরে সব রকমের ব্যস্ততার মধ্যেও খুব মন দিয়ে বই পড়বি।
sva_01900	sva	p2_hon	p2_fam		none	fut	আপনি বই পড়বেন।	আপনি বই পড়বে।
sva_01901	sva	p2_hon	p2_fam		short	fut	আপনি আগামী সপ্তাহে বই পড়বেন।	আপনি আগামী সপ্তাহে বই পড়বে।
sva_01902	sva	p2_hon	p3_ord		medium	fut	আপনি আগামীকাল বন্ধুদের সঙ্গে বই পড়বেন।	আপনি আগামীকাল বন্ধুদের সঙ্গে বই পড়বে।
sva_01903	sva	p2_hon	p2_int		medium	fut	আপনি আগামী সপ্তাহে খুব মন দিয়ে বই পড়বেন।	আপনি আগামী সপ্তাহে খুব মন দিয়ে বই পড়বি।
sva_01904	sva	p2_hon	p1		medium	fut	আপনি আগামী সপ্তাহে একা একা বই পড়বেন।	আপনি আগামী সপ্তাহে একা একা বই পড়ব।
sva_01905	sva	p2_hon	p2_int		medium	fut	আপনি কিছুদিন পরে বাড়ির কাজ শেষ করে বই পড়বেন।	আপনি কিছুদিন পরে বাড়ির কাজ শেষ করে বই পড়বি।
sva_01906	sva	p2_hon	p2_fam		long	fut	আপনি আগামীকাল বাড়ির সব কাজ শেষ করে বন্ধুদের সঙ্গে বই পড়বেন।	আপনি আগামীকাল বাড়ির সব কাজ শেষ করে বন্ধুদের সঙ্গে বই পড়বে।
sva_01907	sva	p2_hon	p3_ord		long	fut	আপনি আগামীকাল দীর্ঘ ক্লান্তিকর পথ চলার শেষে একা একা বই পড়বেন।	আপনি আগামীকাল দীর্ঘ ক্লান্তিকর পথ চলার শেষে একা একা বই পড়বে।
sva_01908	sva	p2_hon	p2_fam		long	fut	আপনি কিছুদিন পরে পরীক্ষার প্রস্তুতির ফাঁকে অল্প সময়ের জন্য বই পড়বেন।	আপনি কিছুদিন পরে পরীক্ষার প্রস্তুতির ফাঁকে অল্প সময়ের জন্য বই পড়বে।
sva_01909	sva	p2_hon	p2_fam		long	fut	আপনি কিছুদিন পরে সব রকমের ব্যস্ততার মধ্যেও খুব মন দিয়ে বই পড়বেন।	আপনি কিছুদিন পরে সব রকমের ব্যস্ততার মধ্যেও খুব মন দিয়ে বই পড়বে।
sva_01910	sva	p3_ord	p2_int		none	fut	সে বই পড়বে।	সে বই পড়বি।
sva_01911	sva	p3_ord	p2_int		short	fut	সে আগামী সপ্তাহে বই পড়বে।	সে আগামী সপ্তাহে বই পড়বি।
sva_01912	sva	p3_ord	p3_hon		medium	fut	সে কিছুদিন পরে বন্ধুদের সঙ্গে বই পড়বে।	সে কিছুদিন পরে বন্ধুদের সঙ্গে বই পড়বেন।
sva_01913	sva	p3_ord	p3_hon		medium	fut	সে কিছুদিন পরে খুব মন দিয়ে বই পড়বে।	সে কিছুদিন পরে খুব মন দিয়ে বই পড়বেন।
sva_01914	sva	p3_ord	p1		medium	fut	সে আগামীকাল একা একা বই পড়বে।	সে আগামীকাল একা একা বই পড়ব।
sva_01915	sva	p3_ord	p2_int		medium	fut	সে আগামীকাল বাড়ির কাজ শেষ করে বই পড়বে।	সে আগামীকাল বাড়ির কাজ শেষ করে বই পড়বি।
sva_01916	sva	p3_ord	p3_hon		long	fut	সে আগামী সপ্তাহে বাড়ির সব কাজ শেষ করে বন্ধুদের সঙ্গে বই পড়বে।	সে আগামী সপ্তাহে বাড়ির সব কাজ শেষ করে বন্ধুদের সঙ্গে বই পড়বেন।
sva_01917	sva	p3_ord	p2_hon		long	fut	সে আগামী সপ্তাহে দীর্ঘ ক্লান্তিকর পথ চলার শেষে একা একা বই পড়বে।	সে আগামী সপ্তাহে দীর্ঘ ক্লান্তিকর পথ চলার শেষে একা একা বই পড়বেন।
sva_01918	sva	p3_ord	p2_hon		long	fut	সে আগামীকাল পরীক্ষার প্রস্তুতির ফাঁকে অল্প সময়ের জন্য বই পড়বে।	সে আগামীকাল পরীক্ষার প্রস্তুতির ফাঁকে অল্প সময়ের জন্য বই পড়বেন।
sva_01919	sva	p3_ord	p2_hon		long	fut	সে কিছুদিন পরে সব রকমের ব্যস্ততার মধ্যেও খুব মন দিয়ে বই পড়বে।	সে কিছুদিন পরে সব রকমের ব্যস্ততার মধ্যেও খুব মন দিয়ে বই পড়বেন।
sva_01920	sva	p3_ord	p3_hon		none	fut	ছেলেটি বই পড়বে।	ছেলেটি বই পড়বেন।
sva_01921	sva	p3_ord	p2_int		short	fut	ছেলেটি আগামী সপ্তাহে বই পড়বে।	ছেলেটি আগামী সপ্তাহে বই পড়বি।
sva_01922	sva	p3_ord	p2_int		medium	fut	ছেলেটি কিছুদিন পরে বন্ধুদের সঙ্গে বই পড়বে।	ছেলেটি কিছুদিন পরে বন্ধুদের সঙ্গে বই পড়বি।
sva_01923	sva	p3_ord	p2_int		medium	fut	ছেলেটি কিছুদিন পরে খুব মন দিয়ে বই পড়বে।	ছেলেটি কিছুদিন পরে খুব মন দিয়ে বই পড়বি।
sva_01924	sva	p3_ord	p3_hon		medium	fut	ছেলেটি আগামী সপ্তাহে একা একা বই পড়বে।	ছেলেটি আগামী সপ্তাহে একা একা বই পড়বেন।
sva_01925	sva	p3_ord	p2_int		medium	fut	ছেলেটি আগামী সপ্তাহে বাড়ির কাজ শেষ করে বই পড়বে।	ছেলেটি আগামী সপ্তাহে বাড়ির কাজ শেষ করে বই পড়বি।
sva_01926	sva	p3_ord	p1		long	fut	ছেলেটি আগামীকাল বাড়ির সব কাজ শেষ করে বন্ধুদের সঙ্গে বই পড়বে।	ছেলেটি আগামীকাল বাড়ির সব কাজ শেষ করে বন্ধুদের সঙ্গে বই পড়ব।
sva_01927	sva	p3_ord	p2_int		long	fut	ছেলেটি আগামীকাল দীর্ঘ ক্লান্তিকর পথ চলার শেষে একা একা বই পড়বে।	ছেলেটি আগামীকাল দীর্ঘ ক্লান্তিকর পথ চলার শেষে একা একা বই পড়বি।
sva_01928	sva	p3_ord	p2_int		long	fut	ছেলেটি কিছুদিন পরে পরীক্ষার প্রস্তুতির ফাঁকে অল্প সময়ের জন্য বই পড়বে।	ছেলেটি কিছুদিন পরে পরীক্ষার প্রস্তুতির ফাঁকে অল্প সময়ের জন্য বই পড়বি।
sva_01929	sva	p3_ord	p2_hon		long	fut	ছেলেটি কিছুদিন পরে সব রকমের ব্যস্ততার মধ্যেও খুব মন দিয়ে বই পড়বে।	ছেলেটি কিছুদিন পরে সব রকমের ব্যস্ততার মধ্যেও খুব মন দিয়ে বই পড়বেন।
sva_01930	sva	p3_ord	p2_hon		none	fut	মেয়েটি বই পড়বে।	মেয়েটি বই পড়বেন।
sva_01931	sva	p3_ord	p2_hon		short	fut	মেয়েটি আগামী সপ্তাহে বই পড়বে।	মেয়েটি আগামী সপ্তাহে বই পড়বেন।
sva_01932	sva	p3_ord	p1		medium	fut	মেয়েটি আগামী সপ্তাহে বন্ধুদের সঙ্গে বই পড়বে।	মেয়েটি আগামী সপ্তাহে বন্ধুদের সঙ্গে বই পড়ব।
sva_01933	sva	p3_ord	p1		medium	fut	মেয়েটি আগামী সপ্তাহে খুব মন দিয়ে বই পড়বে।	মেয়েটি আগামী সপ্তাহে খুব মন দিয়ে বই পড়ব।
sva_01934	sva	p3_ord	p2_hon		medium	fut	মেয়েটি আগামী সপ্তাহে একা একা বই পড়বে।	মেয়েটি আগামী সপ্তাহে একা একা বই পড়বেন।
sva_01935	sva	p3_ord	p1		medium	fut	মেয়েটি আগামীকাল বাড়ির কাজ শেষ করে বই পড়বে।	মেয়েটি আগামীকাল বাড়ির কাজ শেষ করে বই পড়ব।
sva_01936	sva	p3_ord	p2_int		long	fut	মেয়েটি আগামীকাল বাড়ির সব কাজ শেষ করে বন্ধুদের সঙ্গে বই পড়বে।	মেয়েটি আগামীকাল বাড়ির সব কাজ শেষ করে বন্ধুদের সঙ্গে বই পড়বি।
sva_01937	sva	p3_ord	p2_hon		long	fut	মেয়েটি আগামীকাল দীর্ঘ ক্লান্তিকর পথ চলার শেষে একা একা বই পড়বে।	মেয়েটি আগামীকাল দীর্ঘ ক্লান্তিকর পথ চলার শেষে একা একা বই পড়বেন।
sva_01938	sva	p3_ord	p2_hon		long	fut	মেয়েটি আগামী সপ্তাহে পরীক্ষার প্রস্তুতির ফাঁকে অল্প সময়ের জন্য বই পড়বে।	মেয়েটি আগামী সপ্তাহে পরীক্ষার প্রস্তুতির ফাঁকে অল্প সময়ের জন্য বই পড়বেন।
sva_01939	sva	p3_ord	p1		long	fut	মেয়েটি কিছুদিন পরে সব রকমের ব্যস্ততার মধ্যেও খুব মন দিয়ে বই পড়বে।	মেয়েটি কিছুদিন পরে সব রকমের ব্যস্ততার মধ্যেও খুব মন দিয়ে বই পড়ব।
sva_01940	sva	p3_ord	p1		none	fut	আমার বন্ধু বই পড়বে।	আমার বন্ধু বই পড়ব।
sva_01941	sva	p3_ord	p1		short	fut	আমার বন্ধু আগামীকাল বই পড়বে।	আমার বন্ধু আগামীকাল বই পড়ব।
sva_01942	sva	p3_ord	p3_hon		medium	fut	আমার বন্ধু কিছুদিন পরে বন্ধুদের সঙ্গে বই পড়বে।	আমার বন্ধু কিছুদিন পরে বন্ধুদের সঙ্গে বই পড়বেন।
sva_01943	sva	p3_ord	p2_hon		medium	fut	আমার বন্ধু আগামীকাল খুব মন দিয়ে বই পড়বে।	আমার বন্ধু আগামীকাল খুব মন দিয়ে বই পড়বেন।
sva_01944	sva	p3_ord	p2_int		medium	fut	আমার বন্ধু আগামী সপ্তাহে একা একা বই পড়বে।	আমার বন্ধু আগামী সপ্তাহে একা একা বই পড়বি।
sva_01945	sva	p3_ord	p1		medium	fut	আমার বন্ধু আগামীকাল বাড়ির কাজ শেষ করে বই পড়বে।	আমার বন্ধু আগামীকাল বাড়ির কাজ শেষ করে বই পড়ব।
sva_01946	sva	p3_ord	p2_hon		long	fut	আমার বন্ধু আগামীকাল বাড়ির সব কাজ শেষ করে বন্ধুদের সঙ্গে বই পড়বে।	আমার বন্ধু আগামীকাল বাড়ির সব কাজ শেষ করে বন্ধুদের সঙ্গে বই পড়বেন।
sva_01947	sva	p3_ord	p1		long	fut	আমার বন্ধু আগামীকাল দীর্ঘ ক্লান্তিকর পথ চলার শেষে একা একা বই পড়বে।	আমার বন্ধু আগামীকাল দীর্ঘ ক্লান্তিকর পথ চলার শেষে একা একা বই পড়ব।
sva_01948	sva	p3_ord	p2_int		long	fut	আমার বন্ধু আগামীকাল পরীক্ষার প্রস্তুতির ফাঁকে অল্প সময়ের জন্য বই পড়বে।	আমার বন্ধু আগামীকাল পরীক্ষার প্রস্তুতির ফাঁকে অল্প সময়ের জন্য বই পড়বি।
sva_01949	sva	p3_ord	p3_hon		long	fut	আমার বন্ধু আগামী সপ্তাহে সব রকমের ব্যস্ততার মধ্যেও খুব মন দিয়ে বই পড়বে।	আমার বন্ধু আগামী সপ্তাহে সব রকমের ব্যস্ততার মধ্যেও খুব মন দিয়ে বই পড়বেন।
sva_01950	sva	p3_ord	p3_hon		none	fut	রহিম বই পড়বে।	রহিম বই পড়বেন।
sva_01951	sva	p3_ord	p2_hon		short	fut	রহিম কিছুদিন পরে বই পড়বে।	রহিম কিছুদিন পরে বই পড়বেন।
sva_01952	sva	p3_ord	p2_hon		medium	fut	রহিম আগামী সপ্তাহে বন্ধুদের সঙ্গে বই পড়বে।	রহিম আগামী সপ্তাহে বন্ধুদের সঙ্গে বই পড়বেন।
sva_01953	sva	p3_ord	p3_hon		medium	fut	রহিম কিছুদিন পরে খুব মন দিয়ে বই পড়বে।	রহিম কিছুদিন পরে খুব মন দিয়ে বই পড়বেন।
sva_01954	sva	p3_ord	p1		medium	fut	রহিম আগামী সপ্তাহে একা একা বই পড়বে।	রহিম আগামী সপ্তাহে একা একা বই পড়ব।
sva_01955	sva	p3_ord	p1		medium	fut	রহিম আগামীকাল বাড়ির কাজ শেষ করে বই পড়বে।	রহিম আগামীকাল বাড়ির কাজ শেষ করে বই পড়ব।
sva_01956	sva	p3_ord	p2_int		long	fut	রহিম আগামী সপ্তাহে বাড়ির সব কাজ শেষ করে বন্ধুদের সঙ্গে বই পড়বে।	রহিম আগামী সপ্তাহে বাড়ির সব কাজ শেষ করে বন্ধুদের সঙ্গে বই পড়বি।
sva_01957	sva	p3_ord	p2_int		long	fut	রহিম কিছুদিন পরে দীর্ঘ ক্লান্তিকর পথ চলার শেষে একা একা বই পড়বে।	রহিম কিছুদিন পরে দীর্ঘ ক্লান্তিকর পথ চলার শেষে একা একা বই পড়বি।
sva_01958	sva	p3_ord	p2_hon		long	fut	রহিম কিছুদিন পরে পরীক্ষার প্রস্তুতির ফাঁকে অল্প সময়ের জন্য বই পড়বে।	রহিম কিছুদিন পরে পরীক্ষার প্রস্তুতির ফাঁকে অল্প সময়ের জন্য বই পড়বেন।
sva_01959	sva	p3_ord	p1		long	fut	রহিম আগামীকাল সব রকমের ব্যস্ততার মধ্যেও খুব মন দিয়ে বই পড়বে।	রহিম আগামীকাল সব রকমের ব্যস্ততার মধ্যেও খুব মন দিয়ে বই পড়ব।
sva_01960	sva	p3_hon	p2_fam		none	fut	তিনি বই পড়বেন।	তিনি বই পড়বে।
sva_01961	sva	p3_hon	p1		short	fut	তিনি আগামীকাল বই পড়বেন।	তিনি আগামীকাল বই পড়ব।
sva_01962	sva	p3_hon	p1		medium	fut	তিনি আগামীকাল বন্ধুদের সঙ্গে বই পড়বেন।	তিনি আগামীকাল বন্ধুদের সঙ্গে বই পড়ব।
sva_01963	sva	p3_hon	p1		medium	fut	তিনি আগামীকাল খুব মন দিয়ে বই পড়বেন।	তিনি আগামীকাল খুব মন দিয়ে বই পড়ব।
sva_01964	sva	p3_hon	p2_int		medium	fut	তিনি আগামী সপ্তাহে একা একা বই পড়বেন।	তিনি আগামী সপ্তাহে একা একা বই পড়বি।
sva_01965	sva	p3_hon	p3_ord		medium	fut	তিনি কিছুদিন পরে বাড়ির কাজ শেষ করে বই পড়বেন।	তিনি কিছুদিন পরে বাড়ির কাজ শেষ করে বই পড়বে।
sva_01966	sva	p3_hon	p1		long	fut	তিনি আগামীকাল বাড়ির সব কাজ শেষ করে বন্ধুদের সঙ্গে বই পড়বেন।	তিনি আগামীকাল বাড়ির সব কাজ শেষ করে বন্ধুদের সঙ্গে বই পড়ব।
sva_01967	sva	p3_hon	p1		long	fut	তিনি আগামীকাল দীর্ঘ ক্লান্তিকর পথ চলার শেষে একা একা বই পড়বেন।	তিনি আগামীকাল দীর্ঘ ক্লান্তিকর পথ চলার শেষে একা একা বই পড়ব।
sva_01968	sva	p3_hon	p2_int		long	fut	তিনি কিছুদিন পরে পরীক্ষার প্রস্তুতির ফাঁকে অল্প সময়ের জন্য বই পড়বেন।	তিনি কিছুদিন পরে পরীক্ষার প্রস্তুতির ফাঁকে অল্প সময়ের জন্য বই পড়বি।
sva_01969	sva	p3_hon	p2_fam		long	fut	তিনি আগামী সপ্তাহে সব রকমের ব্যস্ততার মধ্যেও খুব মন দিয়ে বই পড়বেন।	তিনি আগামী সপ্তাহে সব রকমের ব্যস্ততার মধ্যেও খুব মন দিয়ে বই পড়বে।
sva_01970	sva	p3_hon	p1		none	fut	উনি বই পড়বেন।	উনি বই পড়ব।
sva_01971	sva	p3_hon	p2_int		short	fut	উনি আগামী সপ্তাহে বই পড়বেন।	উনি আগামী সপ্তাহে বই পড়বি।
sva_01972	sva	p3_hon	p1		medium	fut	উনি আগামী সপ্তাহে বন্ধুদের সঙ্গে বই পড়বেন।	উনি আগামী সপ্তাহে বন্ধুদের সঙ্গে বই পড়ব।
sva_01973	sva	p3_hon	p2_fam		medium	fut	উনি আগামী সপ্তাহে খুব মন দিয়ে বই পড়বেন।	উনি আগামী সপ্তাহে খুব মন দিয়ে বই পড়বে।
sva_01974	sva	p3_hon	p1		medium	fut	উনি আগামী সপ্তাহে একা একা বই পড়বেন।	উনি আগামী সপ্তাহে একা একা বই পড়ব।
sva_01975	sva	p3_hon	p1		medium	fut	উনি আগামী সপ্তাহে বাড়ির কাজ শেষ করে বই পড়বেন।	উনি আগামী সপ্তাহে বাড়ির কাজ শেষ করে বই পড়ব।
sva_01976	sva	p3_hon	p2_fam		long	fut	উনি কিছুদিন পরে বাড়ির সব কাজ শেষ করে বন্ধুদের সঙ্গে বই পড়বেন।	উনি কিছুদিন পরে বাড়ির সব কাজ শেষ করে বন্ধুদের সঙ্গে বই পড়বে।
sva_01977	sva	p3_hon	p2_fam		long	fut	উনি কিছুদিন পরে দীর্ঘ ক্লান্তিকর পথ চলার শেষে একা একা বই পড়বেন।	উনি কিছুদিন পরে দীর্ঘ ক্লান্তিকর পথ চলার শেষে একা একা বই পড়বে।
sva_01978	sva	p3_hon	p1		long	fut	উনি আগামী সপ্তাহে পরীক্ষার প্রস্তুতির ফাঁকে অল্প সময়ের জন্য বই পড়বেন।	উনি আগামী সপ্তাহে পরীক্ষার প্রস্তুতির ফাঁকে অল্প সময়ের জন্য বই পড়ব।
sva_01979	sva	p3_hon	p3_ord		long	fut	উনি আগামী সপ্তাহে সব রকমের ব্যস্ততার মধ্যেও খুব মন দিয়ে বই পড়বেন।	উনি আগামী সপ্তাহে সব রকমের ব্যস্ততার মধ্যেও খুব মন দিয়ে বই পড়বে।
sva_01980	sva	p1	p3_hon		none	pres	আমি কথা বলি।	আমি কথা বলেন।
sva_01981	sva	p1	p3_hon		short	pres	আমি প্রতিদিন কথা বলি।	আমি প্রতিদিন কথা বলেন।
sva_01982	sva	p1	p2_hon		medium	pres	আমি প্রায়ই বন্ধুদের সঙ্গে কথা বলি।	আমি প্রায়ই বন্ধুদের সঙ্গে কথা বলেন।
sva_01983	sva	p1	p3_hon		medium	pres	আমি প্রতিদিন খুব মন দিয়ে কথা বলি।	আমি প্রতিদিন খুব মন দিয়ে কথা বলেন।
sva_01984	sva	p1	p2_int		medium	pres	আমি সাধারণত একা একা কথা বলি।	আমি সাধারণত একা একা কথা বলিস।
sva_01985	sva	p1	p2_int		medium	pres	আমি সাধারণত বাড়ির কাজ শেষ করে কথা বলি।	আমি সাধারণত বাড়ির কাজ শেষ করে কথা বলিস।
sva_01986	sva	p1	p2_fam		long	pres	আমি সাধারণত বাড়ির সব কাজ শেষ করে বন্ধুদের সঙ্গে কথা বলি।	আমি সাধারণত বাড়ির সব কাজ শেষ করে বন্ধুদের সঙ্গে কথা বলো।
sva_01987	sva	p1	p2_hon		long	pres	আমি প্রতিদিন দীর্ঘ ক্লান্তিকর পথ চলার শেষে একা একা কথা বলি।	আমি প্রতিদিন দীর্ঘ ক্লান্তিকর পথ চলার শেষে একা একা কথা বলেন।
sva_01988	sva	p1	p2_int		long	pres	আমি প্রতিদিন পরীক্ষার প্রস্তুতির ফাঁকে অল্প সময়ের জন্য কথা বলি।	আমি প্রতিদিন পরীক্ষার প্রস্তুতির ফাঁকে অল্প সময়ের জন্য কথা বলিস।
sva_01989	sva	p1	p3_hon		long	pres	আমি সাধারণত সব রকমের ব্যস্ততার মধ্যেও খুব মন দিয়ে কথা বলি।	আমি সাধারণত সব রকমের ব্যস্ততার মধ্যেও খুব মন দিয়ে কথা বলেন।
sva_01990	sva	p2_int	p2_fam		none	pres	তুই কথা বলিস।	তুই কথা বলো।
sva_01991	sva	p2_int	p2_hon		short	pres	তুই প্রায়ই কথা বলিস।	তুই প্রায়ই কথা বলেন।
sva_01992	sva	p2_int	p3_hon		medium	pres	তুই সাধারণত বন্ধুদের সঙ্গে কথা বলিস।	তুই সাধারণত বন্ধুদের সঙ্গে কথা বলেন।
sva_01993	sva	p2_int	p3_hon		medium	pres	তুই সাধারণত খুব মন দিয়ে কথা বলিস।	তুই সাধারণত খুব মন দিয়ে কথা বলেন।
sva_01994	sva	p2_int	p3_ord		medium	pres	তুই সাধারণত একা একা কথা বলিস।	তুই সাধারণত একা একা কথা বলে।
sva_01995	sva	p2_int	p3_hon		medium	pres	তুই সাধারণত বাড়ির কাজ শেষ করে কথা বলিস।	তুই সাধারণত বাড়ির কাজ শেষ করে কথা বলেন।
sva_01996	sva	p2_int	p2_fam		long	pres	তুই প্রায়ই বাড়ির সব কাজ শেষ করে বন্ধুদের সঙ্গে কথা বলিস।	তুই প্রায়ই বাড়ির সব কাজ শেষ করে বন্ধুদের সঙ্গে কথা বলো।
sva_01997	sva	p2_int	p3_ord		long	pres	তুই সাধারণত দীর্ঘ ক্লান্তিকর পথ চলার শেষে একা একা কথা বলিস।	তুই সাধারণত দীর্ঘ ক্লান্তিকর পথ চলার শেষে একা একা কথা বলে।
sva_01998	sva	p2_int	p1		long	pres	তুই প্রতিদিন পরীক্ষার প্রস্তুতির ফাঁকে অল্প সময়ের জন্য কথা বলিস।	তুই প্রতিদিন পরীক্ষার প্রস্তুতির ফাঁকে অল্প সময়ের জন্য কথা বলি।
sva_01999	sva	p2_int	p1		long	pres	তুই সাধারণত সব রকমের ব্যস্ততার মধ্যেও খুব মন দিয়ে কথা বলিস।	তুই সাধারণত সব রকমের ব্যস্ততার মধ্যেও খুব মন দিয়ে কথা বলি।
sva_02000	sva	p2_fam	p3_hon		none	pres	তুমি কথা বলো।	তুমি কথা বলেন।
sva_02001	sva	p2_fam	p2_hon		short	pres	তুমি প্রায়ই কথা বলো।	তুমি প্রায়ই কথা বলেন।
sva_02002	sva	p2_fam	p1		medium	pres	তুমি সাধারণত বন্ধুদের সঙ্গে কথা বলো।	তুমি সাধারণত বন্ধুদের সঙ্গে কথা বলি।
sva_02003	sva	p2_fam	p3_hon		medium	pres	তুমি প্রায়ই খুব মন দিয়ে কথা বলো।	তুমি প্রায়ই খুব মন দিয়ে কথা বলেন।
sva_02004	sva	p2_fam	p2_hon		medium	pres	তুমি সাধারণত একা একা কথা বলো।	তুমি সাধারণত একা একা কথা বলেন।
sva_02005	sva	p2_fam	p2_hon		medium	pres	তুমি সাধারণত বাড়ির কাজ শেষ করে কথা বলো।	তুমি সাধারণত বাড়ির কাজ শেষ করে কথা বলেন।
sva_02006	sva	p2_fam	p2_hon		long	pres	তুমি সাধারণত বাড়ির সব কাজ শেষ করে বন্ধুদের সঙ্গে কথা বলো।	তুমি সাধারণত বাড়ির সব কাজ শেষ করে বন্ধুদের সঙ্গে কথা বলেন।
sva_02007	sva	p2_fam	p3_ord		long	pres	তুমি সাধারণত দীর্ঘ ক্লান্তিকর পথ চলার শেষে একা একা কথা বলো।	তুমি সাধারণত দীর্ঘ ক্লান্তিকর পথ চলার শেষে একা একা কথা বলে।
sva_02008	sva	p2_fam	p1		long	pres	তুমি প্রতিদিন পরীক্ষার প্রস্তুতির ফাঁকে অল্প সময়ের জন্য কথা বলো।	তুমি প্রতিদিন পরীক্ষার প্রস্তুতির ফাঁকে অল্প সময়ের জন্য কথা বলি।
sva_02009	sva	p2_fam	p1		long	pres	তুমি সাধারণত সব রকমের ব্যস্ততার মধ্যেও খুব মন দিয়ে কথা বলো।	তুমি সাধারণত সব রকমের ব্যস্ততার মধ্যেও খুব মন দিয়ে কথা বলি।
sva_02010	sva	p2_hon	p2_int		none	pres	আপনি কথা বলেন।	আপনি কথা বলিস।
sva_02011	sva	p2_hon	p1		short	pres	আপনি প্রায়ই কথা বলেন।	আপনি প্রায়ই কথা বলি।
sva_02012	sva	p2_hon	p2_fam		medium	pres	আপনি প্রায়ই বন্ধুদের সঙ্গে কথা বলেন।	আপনি প্রায়ই বন্ধুদের সঙ্গে কথা বলো।
sva_02013	sva	p2_hon	p3_ord		medium	pres	আপনি সাধারণত খুব মন দিয়ে কথা বলেন।	আপনি সাধারণত খুব মন দিয়ে কথা বলে।
sva_02014	sva	p2_hon	p2_int		medium	pres	আপনি প্রায়ই একা একা কথা বলেন।	আপনি প্রায়ই একা একা কথা বলিস।
sva_02015	sva	p2_hon	p1		medium	pres	আপনি প্রায়ই বাড়ির কাজ শেষ করে কথা বলেন।	আপনি প্রায়ই বাড়ির কাজ শেষ করে কথা বলি।
sva_02016	sva	p2_hon	p3_ord		long	pres	আপনি প্রতিদিন বাড়ির সব কাজ শেষ করে বন্ধুদের সঙ্গে কথা বলেন।	আপনি প্রতিদিন বাড়ির সব কাজ শেষ করে বন্ধুদের সঙ্গে কথা বলে।
sva_02017	sva	p2_hon	p3_ord		long	pres	আপনি প্রতিদিন দীর্ঘ ক্লান্তিকর পথ চলার শেষে একা একা কথা বলেন।	আপনি প্রতিদিন দীর্ঘ ক্লান্তিকর পথ চলার শেষে একা একা কথা বলে।
sva_02018	sva	p2_hon	p2_fam		long	pres	আপনি সাধারণত পরীক্ষার প্রস্তুতির ফাঁকে অল্প সময়ের জন্য কথা বলেন।	আপনি সাধারণত পরীক্ষার প্রস্তুতির ফাঁকে অল্প সময়ের জন্য কথা বলো।
sva_02019	sva	p2_hon	p2_int		long	pres	আপনি প্রায়ই সব রকমের ব্যস্ততার মধ্যেও খুব মন দিয়ে কথা বলেন।	আপনি প্রায়ই সব রকমের ব্যস্ততার মধ্যেও খুব মন দিয়ে কথা বলিস।
sva_02020	sva	p3_ord	p3_hon		none	pres	সে কথা বলে।	সে কথা বলেন।
sva_02021	sva	p3_ord	p3_hon		short	pres	সে প্রতিদিন কথা বলে।	সে প্রতিদিন কথা বলেন।
sva_02022	sva	p3_ord	p2_int		medium	pres	সে সাধারণত বন্ধুদের সঙ্গে কথা বলে।	সে সাধারণত বন্ধুদের সঙ্গে কথা বলিস।
sva_02023	sva	p3_ord	p2_fam		medium	pres	সে সাধারণত খুব মন দিয়ে কথা বলে।	সে সাধারণত খুব মন দিয়ে কথা বলো।
sva_02024	sva	p3_ord	p3_hon		medium	pres	সে সাধারণত একা একা কথা বলে।	সে সাধারণত একা একা কথা বলেন।
sva_02025	sva	p3_ord	p1		medium	pres	সে প্রায়ই বাড়ির কাজ শেষ করে কথা বলে।	সে প্রায়ই বাড়ির কাজ শেষ করে কথা বলি।
sva_02026	sva	p3_ord	p1		long	pres	সে প্রতিদিন বাড়ির সব কাজ শেষ করে বন্ধুদের সঙ্গে কথা বলে।	সে প্রতিদিন বাড়ির সব কাজ শেষ করে বন্ধুদের সঙ্গে কথা বলি।
sva_02027	sva	p3_ord	p1		long	pres	সে প্রায়ই দীর্ঘ ক্লান্তিকর পথ চলার শেষে একা একা কথা বলে।	সে প্রায়ই দীর্ঘ ক্লান্তিকর পথ চলার শেষে একা একা কথা বলি।
sva_02028	sva	p3_ord	p2_int		long	pres	সে প্রায়ই পরীক্ষার প্রস্তুতির ফাঁকে অল্প সময়ের জন্য কথা বলে।	সে প্রায়ই পরীক্ষার প্রস্তুতির ফাঁকে অল্প সময়ের জন্য কথা বলিস।
sva_02029	sva	p3_ord	p2_int		long	pres	সে প্রায়ই সব রকমের ব্যস্ততার মধ্যেও খুব মন দিয়ে কথা বলে।	সে প্রায়ই সব রকমের ব্যস্ততার মধ্যেও খুব মন দিয়ে কথা বলিস।
sva_02030	sva	p3_ord	p2_int		none	pres	ছেলেটি কথা বলে।	ছেলেটি কথা বলিস।
sva_02031	sva	p3_ord	p2_hon		short	pres	ছেলেটি প্রতিদিন কথা বলে।	ছেলেটি প্রতিদিন কথা বলেন।
sva_02032	sva	p3_ord	p1		medium	pres	ছেলেটি সাধারণত বন্ধুদের সঙ্গে কথা বলে।	ছেলেটি সাধারণত বন্ধুদের সঙ্গে কথা বলি।
sva_02033	sva	p3_ord	p2_hon		medium	pres	ছেলেটি প্রায়ই খুব মন দিয়ে কথা বলে।	ছেলেটি প্রায়ই খুব মন দিয়ে কথা বলেন।
sva_02034	sva	p3_ord	p1		medium	pres	ছেলেটি সাধারণত একা একা কথা বলে।	ছেলেটি সাধারণত একা একা কথা বলি।
sva_02035	sva	p3_ord	p2_int		medium	pres	ছেলেটি সাধারণত বাড়ির কাজ শেষ করে কথা বলে।	ছেলেটি সাধারণত বাড়ির কাজ শেষ করে কথা বলিস।
sva_02036	sva	p3_ord	p2_hon		long	pres	ছেলেটি সাধারণত বাড়ির সব কাজ শেষ করে বন্ধুদের সঙ্গে কথা বলে।	ছেলেটি সাধারণত বাড়ির সব কাজ শেষ করে বন্ধুদের সঙ্গে কথা বলেন।
sva_02037	sva	p3_ord	p2_int		long	pres	ছেলেটি সাধারণত দীর্ঘ ক্লান্তিকর পথ চলার শেষে একা একা কথা বলে।	ছেলেটি সাধারণত দীর্ঘ ক্লান্তিকর পথ চলার শেষে একা একা কথা বলিস।
sva_02038	sva	p3_ord	p1		long	pres	ছেলেটি প্রায়ই পরীক্ষার প্রস্তুতির ফাঁকে অল্প সময়ের জন্য কথা বলে।	ছেলেটি প্রায়ই পরীক্ষার প্রস্তুতির ফাঁকে অল্প সময়ের জন্য কথা বলি।
sva_02039	sva	p3_ord	p3_hon		long	pres	ছেলেটি সাধারণত সব রকমের ব্যস্ততার মধ্যেও খুব মন দিয়ে কথা বলে।	ছেলেটি সাধারণত সব রকমের ব্যস্ততার মধ্যেও খুব মন দিয়ে কথা বলেন।
sva_02040	sva	p3_ord	p1		none	pres	মেয়েটি কথা বলে।	মেয়েটি কথা বলি।
sva_02041	sva	p3_ord	p2_hon		short	pres	মেয়েটি প্রায়ই কথা বলে।	মেয়েটি প্রায়ই কথা বলেন।
sva_02042	sva	p3_ord	p1		medium	pres	মেয়েটি সাধারণত বন্ধুদের সঙ্গে কথা বলে।	মেয়েটি সাধারণত বন্ধুদের সঙ্গে কথা বলি।
sva_02043	sva	p3_ord	p2_int		medium	pres	মেয়েটি সাধারণত খুব মন দিয়ে কথা বলে।	মেয়েটি সাধারণত খুব মন দিয়ে কথা বলিস।
sva_02044	sva	p3_ord	p2_hon		medium	pres	মেয়েটি প্রায়ই একা একা কথা বলে।	মেয়েটি প্রায়ই একা একা কথা বলেন।
sva_02045	sva	p3_ord	p3_hon		medium	pres	মেয়েটি প্রতিদিন বাড়ির কাজ শেষ করে কথা বলে।	মেয়েটি প্রতিদিন বাড়ির কাজ শেষ করে কথা বলেন।
sva_02046	sva	p3_ord	p1		long	pres	মেয়েটি প্রায়ই বাড়ির সব কাজ শেষ করে বন্ধুদের সঙ্গে কথা বলে।	মেয়েটি প্রায়ই বাড়ির সব কাজ শেষ করে বন্ধুদের সঙ্গে কথা বলি।
sva_02047	sva	p3_ord	p2_hon		long	pres	মেয়েটি প্রায়ই দীর্ঘ ক্লান্তিকর পথ চলার শেষে একা একা কথা বলে।	মেয়েটি প্রায়ই দীর্ঘ ক্লান্তিকর পথ চলার শেষে একা একা কথা বলেন।
sva_02048	sva	p3_ord	p2_fam		long	pres	মেয়েটি প্রতিদিন পরীক্ষার প্রস্তুতির ফাঁকে অল্প সময়ের জন্য কথা বলে।	মেয়েটি প্রতিদিন পরীক্ষার প্রস্তুতির ফাঁকে অল্প সময়ের জন্য কথা বলো।
sva_02049	sva	p3_ord	p2_int		long	pres	মেয়েটি প্রায়ই সব রকমের ব্যস্ততার মধ্যেও খুব মন দিয়ে কথা বলে।	মেয়েটি প্রায়ই সব রকমের ব্যস্ততার মধ্যেও খুব মন দিয়ে কথা বলিস।
sva_02050	sva	p3_ord	p2_hon		none	pres	আমার বন্ধু কথা বলে।	আমার বন্ধু কথা বলেন।
sva_02051	sva	p3_ord	p2_hon		short	pres	আমার বন্ধু সাধারণত কথা বলে।	আমার বন্ধু সাধারণত কথা বলেন।
sva_02052	sva	p3_ord	p3_hon		medium	pres	আমার বন্ধু প্রায়ই বন্ধুদের সঙ্গে কথা বলে।	আমার বন্ধু প্রায়ই বন্ধুদের সঙ্গে কথা বলেন।
sva_02053	sva	p3_ord	p2_int		medium	pres	আমার বন্ধু প্রায়ই খুব মন দিয়ে কথা বলে।	আমার বন্ধু প্রায়ই খুব মন দিয়ে কথা বলিস।
sva_02054	sva	p3_ord	p2_hon		medium	pres	আমার বন্ধু প্রতিদিন একা একা কথা বলে।	আমার বন্ধু প্রতিদিন একা একা কথা বলেন।
sva_02055	sva	p3_ord	p2_int		medium	pres	আমার বন্ধু প্রায়ই বাড়ির কাজ শেষ করে কথা বলে।	আমার বন্ধু প্রায়ই বাড়ির কাজ শেষ করে কথা বলিস।
sva_02056	sva	p3_ord	p2_fam		long	pres	আমার বন্ধু সাধারণত বাড়ির সব কাজ শেষ করে বন্ধুদের সঙ্গে কথা বলে।	আমার বন্ধু সাধারণত বাড়ির সব কাজ শেষ করে বন্ধুদের সঙ্গে কথা বলো।
sva_02057	sva	p3_ord	p2_hon		long	pres	আমার বন্ধু সাধারণত দীর্ঘ ক্লান্তিকর পথ চলার শেষে একা একা কথা বলে।	আমার বন্ধু সাধারণত দীর্ঘ ক্লান্তিকর পথ চলার শেষে একা একা কথা বলেন।
sva_02058	sva	p3_ord	p1		long	pres	আমার বন্ধু প্রায়ই পরীক্ষার প্রস্তুতির ফাঁকে অল্প সময়ের জন্য কথা বলে।	আমার বন্ধু প্রায়ই পরীক্ষার প্রস্তুতির ফাঁকে অল্প সময়ের জন্য কথা বলি।
sva_02059	sva	p3_ord	p2_int		long	pres	আমার বন্ধু প্রায়ই সব রকমের ব্যস্ততার মধ্যেও খুব মন দিয়ে কথা বলে।	আমার বন্ধু প্রায়ই সব রকমের ব্যস্ততার মধ্যেও খুব মন দিয়ে কথা বলিস।
sva_02060	sva	p3_ord	p2_fam		none	pres	রহিম কথা বলে।	রহিম কথা বলো।
sva_02061	sva	p3_ord	p3_hon		short	pres	রহিম সাধারণত কথা বলে।	রহিম সাধারণত কথা বলেন।
sva_02062	sva	p3_ord	p3_hon		medium	pres	রহিম সাধারণত বন্ধুদের সঙ্গে কথা বলে।	রহিম সাধারণত বন্ধুদের সঙ্গে কথা বলেন।
sva_02063	sva	p3_ord	p2_int		medium	pres	রহিম সাধারণত খুব মন দিয়ে কথা বলে।	রহিম সাধারণত খুব মন দিয়ে কথা বলিস।
sva_02064	sva	p3_ord	p2_fam		medium	pres	রহিম প্রায়ই একা একা কথা বলে।	রহিম প্রায়ই একা একা কথা বলো।
sva_02065	sva	p3_ord	p2_hon		medium	pres	রহিম সাধারণত বাড়ির কাজ শেষ করে কথা বলে।	রহিম সাধারণত বাড়ির কাজ শেষ করে কথা বলেন।
sva_02066	sva	p3_ord	p1		long	pres	রহিম প্রায়ই বাড়ির সব কাজ শেষ করে বন্ধুদের সঙ্গে কথা বলে।	রহিম প্রায়ই বাড়ির সব কাজ শেষ করে বন্ধুদের সঙ্গে কথা বলি।
sva_02067	sva	p3_ord	p1		long	pres	রহিম সাধারণত দীর্ঘ ক্লান্তিকর পথ চলার শেষে একা একা কথা বলে।	রহিম সাধারণত দীর্ঘ ক্লান্তিকর পথ চলার শেষে একা একা কথা বলি।
sva_02068	sva	p3_ord	p2_hon		long	pres	রহিম সাধারণত পরীক্ষার প্রস্তুতির ফাঁকে অল্প সময়ের জন্য কথা বলে।	রহিম সাধারণত পরীক্ষার প্রস্তুতির ফাঁকে অল্প সময়ের জন্য কথা বলেন।
sva_02069	sva	p3_ord	p1		long	pres	রহিম সাধারণত সব রকমের ব্যস্ততার মধ্যেও খুব মন দিয়ে কথা বলে।	রহিম সাধারণত সব রকমের ব্যস্ততার মধ্যেও খুব মন দিয়ে কথা বলি।
sva_02070	sva	p3_hon	p1		none	pres	তিনি কথা বলেন।	তিনি কথা বলি।
sva_02071	sva	p3_hon	p3_ord		short	pres	তিনি প্রতিদিন কথা বলেন।	তিনি প্রতিদিন কথা বলে।
sva_02072	sva	p3_hon	p2_fam		medium	pres	তিনি প্রায়ই বন্ধুদের সঙ্গে কথা বলেন।	তিনি প্রায়ই বন্ধুদের সঙ্গে কথা বলো।
sva_02073	sva	p3_hon	p2_fam		medium	pres	তিনি সাধারণত খুব মন দিয়ে কথা বলেন।	তিনি সাধারণত খুব মন দিয়ে কথা বলো।
sva_02074	sva	p3_hon	p1		medium	pres	তিনি প্রতিদিন একা একা কথা বলেন।	তিনি প্রতিদিন একা একা কথা বলি।
sva_02075	sva	p3_hon	p1		medium	pres	তিনি প্রতিদিন বাড়ির কাজ শেষ করে কথা বলেন।	তিনি প্রতিদিন বাড়ির কাজ শেষ করে কথা বলি।
sva_02076	sva	p3_hon	p2_fam		long	pres	তিনি প্রতিদিন বাড়ির সব কাজ শেষ করে বন্ধুদের সঙ্গে কথা বলেন।	তিনি প্রতিদিন বাড়ির সব কাজ শেষ করে বন্ধুদের সঙ্গে কথা বলো।
sva_02077	sva	p3_hon	p2_int		long	pres	তিনি প্রায়ই দীর্ঘ ক্লান্তিকর পথ চলার শেষে একা একা কথা বলেন।	তিনি প্রায়ই দীর্ঘ ক্লান্তিকর পথ চলার শেষে একা একা কথা বলিস।
sva_02078	sva	p3_hon	p3_ord		long	pres	তিনি প্রতিদিন পরীক্ষার প্রস্তুতির ফাঁকে অল্প সময়ের জন্য কথা বলেন।	তিনি প্রতিদিন পরীক্ষার প্রস্তুতির ফাঁকে অল্প সময়ের জন্য কথা বলে।
sva_02079	sva	p3_hon	p3_ord		long	pres	তিনি প্রায়ই সব রকমের ব্যস্ততার মধ্যেও খুব মন দিয়ে কথা বলেন।	তিনি প্রায়ই সব রকমের ব্যস্ততার মধ্যেও খুব মন দিয়ে কথা বলে।
sva_02080	sva	p3_hon	p1		none	pres	উনি কথা বলেন।	উনি কথা বলি।
sva_02081	sva	p3_hon	p3_ord		short	pres	উনি প্রতিদিন কথা বলেন।	উনি প্রতিদিন কথা বলে।
sva_02082	sva	p3_hon	p2_int		medium	pres	উনি প্রতিদিন বন্ধুদের সঙ্গে কথা বলেন।	উনি প্রতিদিন বন্ধুদের সঙ্গে কথা বলিস।
sva_02083	sva	p3_hon	p2_int		medium	pres	উনি সাধারণত খুব মন দিয়ে কথা বলেন।	উনি সাধারণত খুব মন দিয়ে কথা বলিস।
sva_02084	sva	p3_hon	p1		medium	pres	উনি প্রতিদিন একা একা কথা বলেন।	উনি প্রতিদিন একা একা কথা বলি।
sva_02085	sva	p3_hon	p2_fam		medium	pres	উনি প্রতিদিন বাড়ির কাজ শেষ করে কথা বলেন।	উনি প্রতিদিন বাড়ির কাজ শেষ করে কথা বলো।
sva_02086	sva	p3_hon	p1		long	pres	উনি সাধারণত বাড়ির সব কাজ শেষ করে বন্ধুদের সঙ্গে কথা বলেন।	উনি সাধারণত বাড়ির সব কাজ শেষ করে বন্ধুদের সঙ্গে কথা বলি।
sva_02087	sva	p3_hon	p2_fam		long	pres	উনি সাধারণত দীর্ঘ ক্লান্তিকর পথ চলার শেষে একা একা কথা বলেন।	উনি সাধারণত দীর্ঘ ক্লান্তিকর পথ চলার শেষে একা একা কথা বলো।
sva_02088	sva	p3_hon	p2_int		long	pres	উনি সাধারণত পরীক্ষার প্রস্তুতির ফাঁকে অল্প সময়ের জন্য কথা বলেন।	উনি সাধারণত পরীক্ষার প্রস্তুতির ফাঁকে অল্প সময়ের জন্য কথা বলিস।
sva_02089	sva	p3_hon	p2_fam		long	pres	উনি সাধারণত সব রকমের ব্যস্ততার মধ্যেও খুব মন দিয়ে কথা বলেন।	উনি সাধারণত সব রকমের ব্যস্ততার মধ্যেও খুব মন দিয়ে কথা বলো।
sva_02090	sva	p1	p2_hon		none	past	আমি কথা বললাম।	আমি কথা বললেন।
sva_02091	sva	p1	p3_hon		short	past	আমি গত সপ্তাহে কথা বললাম।	আমি গত সপ্তাহে কথা বললেন।
sva_02092	sva	p1	p2_hon		medium	past	আমি কাল সন্ধ্যায় বন্ধুদের সঙ্গে কথা বললাম।	আমি কাল সন্ধ্যায় বন্ধুদের সঙ্গে কথা বললেন।
sva_02093	sva	p1	p2_hon		medium	past	আমি গত সপ্তাহে খুব মন দিয়ে কথা বললাম।	আমি গত সপ্তাহে খুব মন দিয়ে কথা বললেন।
sva_02094	sva	p1	p3_hon		medium	past	আমি গতকাল একা একা কথা বললাম।	আমি গতকাল একা একা কথা বললেন।
sva_02095	sva	p1	p3_hon		medium	past	আমি গত সপ্তাহে বাড়ির কাজ শেষ করে কথা বললাম।	আমি গত সপ্তাহে বাড়ির কাজ শেষ করে কথা বললেন।
sva_02096	sva	p1	p3_ord		long	past	আমি কাল সন্ধ্যায় বাড়ির সব কাজ শেষ করে বন্ধুদের সঙ্গে কথা বললাম।	আমি কাল সন্ধ্যায় বাড়ির সব কাজ শেষ করে বন্ধুদের সঙ্গে কথা বললো।
sva_02097	sva	p1	p2_fam		long	past	আমি গতকাল দীর্ঘ ক্লান্তিকর পথ চলার শেষে একা একা কথা বললাম।	আমি গতকাল দীর্ঘ ক্লান্তিকর পথ চলার শেষে একা একা কথা বললে।
sva_02098	sva	p1	p2_hon		long	past	আমি গতকাল পরীক্ষার প্রস্তুতির ফাঁকে অল্প সময়ের জন্য কথা বললাম।	আমি গতকাল পরীক্ষার প্রস্তুতির ফাঁকে অল্প সময়ের জন্য কথা বললেন।
sva_02099	sva	p1	p2_fam		long	past	আমি গত সপ্তাহে সব রকমের ব্যস্ততার মধ্যেও খুব মন দিয়ে কথা বললাম।	আমি গত সপ্তাহে সব রকমের ব্যস্ততার মধ্যেও খুব মন দিয়ে কথা বললে।
sva_02100	sva	p2_int	p1		none	past	তুই কথা বললি।	তুই কথা বললাম।
sva_02101	sva	p2_int	p3_ord		short	past	তুই কাল সন্ধ্যায় কথা বললি।	তুই কাল সন্ধ্যায় কথা বললো।
sva_02102	sva	p2_int	p1		medium	past	তুই কাল সন্ধ্যায় বন্ধুদের সঙ্গে কথা বললি।	তুই কাল সন্ধ্যায় বন্ধুদের সঙ্গে কথা বললাম।
sva_02103	sva	p2_int	p2_fam		medium	past	তুই গত সপ্তাহে খুব মন দিয়ে কথা বললি।	তুই গত সপ্তাহে খুব মন দিয়ে কথা বললে।
sva_02104	sva	p2_int	p1		medium	past	তুই গতকাল একা একা কথা বললি।	তুই গতকাল একা একা কথা বললাম।
sva_02105	sva	p2_int	p3_ord		medium	past	তুই গত সপ্তাহে বাড়ির কাজ শেষ করে কথা বললি।	তুই গত সপ্তাহে বাড়ির কাজ শেষ করে কথা বললো।
sva_02106	sva	p2_int	p1		long	past	তুই গত সপ্তাহে বাড়ির সব কাজ শেষ করে বন্ধুদের সঙ্গে কথা বললি।	তুই গত সপ্তাহে বাড়ির সব কাজ শেষ করে বন্ধুদের সঙ্গে কথা বললাম।
sva_02107	sva	p2_int	p3_ord		long	past	তুই গতকাল দীর্ঘ ক্লান্তিকর পথ চলার শেষে একা একা কথা বললি।	তুই গতকাল দীর্ঘ ক্লান্তিকর পথ চলার শেষে একা একা কথা বললো।
sva_02108	sva	p2_int	p3_hon		long	past	তুই গতকাল পরীক্ষার প্রস্তুতির ফাঁকে অল্প সময়ের জন্য কথা বললি।	তুই গতকাল পরীক্ষার প্রস্তুতির ফাঁকে অল্প সময়ের জন্য কথা বললেন।
sva_02109	sva	p2_int	p2_hon		long	past	তুই কাল সন্ধ্যায় সব রকমের ব্যস্ততার মধ্যেও খুব মন দিয়ে কথা বললি।	তুই কাল সন্ধ্যায় সব রকমের ব্যস্ততার মধ্যেও খুব মন দিয়ে কথা বললেন।
sva_02110	sva	p2_fam	p2_int		none	past	তুমি কথা বললে।	তুমি কথা বললি।
sva_02111	sva	p2_fam	p3_ord		short	past	তুমি কাল সন্ধ্যায় কথা বললে।	তুমি কাল সন্ধ্যায় কথা বললো।
sva_02112	sva	p2_fam	p3_hon		medium	past	তুমি কাল সন্ধ্যায় বন্ধুদের সঙ্গে কথা বললে।	তুমি কাল সন্ধ্যায় বন্ধুদের সঙ্গে কথা বললেন।
sva_02113	sva	p2_fam	p3_ord		medium	past	তুমি গতকাল খুব মন দিয়ে কথা বললে।	তুমি গতকাল খুব মন দিয়ে কথা বললো।
sva_02114	sva	p2_fam	p2_int		medium	past	তুমি গত সপ্তাহে একা একা কথা বললে।	তুমি গত সপ্তাহে একা একা কথা বললি।
sva_02115	sva	p2_fam	p3_ord		medium	past	তুমি গত সপ্তাহে বাড়ির কাজ শেষ করে কথা বললে।	তুমি গত সপ্তাহে বাড়ির কাজ শেষ করে কথা বললো।
sva_02116	sva	p2_fam	p3_hon		long	past	তুমি গতকাল বাড়ির সব কাজ শেষ করে বন্ধুদের সঙ্গে কথা বললে।	তুমি গতকাল বাড়ির সব কাজ শেষ করে বন্ধুদের সঙ্গে কথা বললেন।
sva_02117	sva	p2_fam	p2_hon		long	past	তুমি কাল সন্ধ্যায় দীর্ঘ ক্লান্তিকর পথ চলার শেষে একা একা কথা বললে।	তুমি কাল সন্ধ্যায় দীর্ঘ ক্লান্তিকর পথ চলার শেষে একা একা কথা বললেন।
sva_02118	sva	p2_fam	p2_int		long	past	তুমি গত সপ্তাহে পরীক্ষার প্রস্তুতির ফাঁকে অল্প সময়ের জন্য কথা বললে।	তুমি গত সপ্তাহে পরীক্ষার প্রস্তুতির ফাঁকে অল্প সময়ের জন্য কথা বললি।
sva_02119	sva	p2_fam	p3_hon		long	past	তুমি কাল সন্ধ্যায় সব রকমের ব্যস্ততার মধ্যেও খুব মন দিয়ে কথা বললে।	তুমি কাল সন্ধ্যায় সব রকমের ব্যস্ততার মধ্যেও খুব মন দিয়ে কথা বললেন।
sva_02120	sva	p2_hon	p2_fam		none	past	আপনি কথা বললেন।	আপনি কথা বললে।
sva_02121	sva	p2_hon	p2_int		short	past	আপনি গত সপ্তাহে কথা বললেন।	আপনি গত সপ্তাহে কথা বললি।
sva_02122	sva	p2_hon	p1		medium	past	আপনি গতকাল বন্ধুদের সঙ্গে কথা বললেন।	আপনি গতকাল বন্ধুদের সঙ্গে কথা বললাম।
sva_02123	sva	p2_hon	p1		medium	past	আপনি কাল সন্ধ্যায় খুব মন দিয়ে কথা বললেন।	আপনি কাল সন্ধ্যায় খুব মন দিয়ে কথা বললাম।
sva_02124	sva	p2_hon	p1		medium	past	আপনি গত সপ্তাহে একা একা কথা বললেন।	আপনি গত সপ্তাহে একা একা কথা বললাম।
sva_02125	sva	p2_hon	p2_int		medium	past	আপনি গত সপ্তাহে বাড়ির কাজ শেষ করে কথা বললেন।	আপনি গত সপ্তাহে বাড়ির কাজ শেষ করে কথা বললি।
sva_02126	sva	p2_hon	p2_fam		long	past	আপনি কাল সন্ধ্যায় বাড়ির সব কাজ শেষ করে বন্ধুদের সঙ্গে কথা বললেন।	আপনি কাল সন্ধ্যায় বাড়ির সব কাজ শেষ করে বন্ধুদের সঙ্গে কথা বললে।
sva_02127	sva	p2_hon	p1		long	past	আপনি গত সপ্তাহে দীর্ঘ ক্লান্তিকর পথ চলার শেষে একা একা কথা বললেন।	আপনি গত সপ্তাহে দীর্ঘ ক্লান্তিকর পথ চলার শেষে একা একা কথা বললাম।
sva_02128	sva	p2_hon	p3_ord		long	past	আপনি গত সপ্তাহে পরীক্ষার প্রস্তুতির ফাঁকে অল্প সময়ের জন্য কথা বললেন।	আপনি গত সপ্তাহে পরীক্ষার প্রস্তুতির ফাঁকে অল্প সময়ের জন্য কথা বললো।
sva_02129	sva	p2_hon	p3_ord		long	past	আপনি কাল সন্ধ্যায় সব রকমের ব্যস্ততার মধ্যেও খুব মন দিয়ে কথা বললেন।	আপনি কাল সন্ধ্যায় সব রকমের ব্যস্ততার মধ্যেও খুব মন দিয়ে কথা বললো।
sva_02130	sva	p3_ord	p2_hon		none	past	সে কথা বললো।	সে কথা বললেন।
sva_02131	sva	p3_ord	p2_int		short	past	সে কাল সন্ধ্যায় কথা বললো।	সে কাল সন্ধ্যায় কথা বললি।
sva_02132	sva	p3_ord	p1		medium	past	সে গতকাল বন্ধুদের সঙ্গে কথা বললো।	সে গতকাল বন্ধুদের সঙ্গে কথা বললাম।
sva_02133	sva	p3_ord	p2_hon		medium	past	সে গতকাল খুব মন দিয়ে কথা বললো।	সে গতকাল খুব মন দিয়ে কথা বললেন।
sva_02134	sva	p3_ord	p2_int		medium	past	সে গতকাল একা একা কথা বললো।	সে গতকাল একা একা কথা বললি।
sva_02135	sva	p3_ord	p2_int		medium	past	সে গত সপ্তাহে বাড়ির কাজ শেষ করে কথা বললো।	সে গত সপ্তাহে বাড়ির কাজ শেষ করে কথা বললি।
sva_02136	sva	p3_ord	p2_int		long	past	সে কাল সন্ধ্যায় বাড়ির সব কাজ শেষ করে বন্ধুদের সঙ্গে কথা বললো।	সে কাল সন্ধ্যায় বাড়ির সব কাজ শেষ করে বন্ধুদের সঙ্গে কথা বললি।
sva_02137	sva	p3_ord	p2_fam		long	past	সে গতকাল দীর্ঘ ক্লান্তিকর পথ চলার শেষে একা একা কথা বললো।	সে গতকাল দীর্ঘ ক্লান্তিকর পথ চলার শেষে একা একা কথা বললে।
sva_02138	sva	p3_ord	p3_hon		long	past	সে গতকাল পরীক্ষার প্রস্তুতির ফাঁকে অল্প সময়ের জন্য কথা বললো।	সে গতকাল পরীক্ষার প্রস্তুতির ফাঁকে অল্প সময়ের জন্য কথা বললেন।
sva_02139	sva	p3_ord	p2_hon		long	past	সে গতকাল সব রকমের ব্যস্ততার মধ্যেও খুব মন দিয়ে কথা বললো।	সে গতকাল সব রকমের ব্যস্ততার মধ্যেও খুব মন দিয়ে কথা বললেন।
sva_02140	sva	p3_ord	p2_hon		none	past	ছেলেটি কথা বললো।	ছেলেটি কথা বললেন।
sva_02141	sva	p3_ord	p1		short	past	ছেলেটি গতকাল কথা বললো।	ছেলেটি গতকাল কথা বললাম।
sva_02142	sva	p3_ord	p1		medium	past	ছেলেটি গতকাল বন্ধুদের সঙ্গে কথা বললো।	ছেলেটি গতকাল বন্ধুদের সঙ্গে কথা বললাম।
sva_02143	sva	p3_ord	p2_hon		medium	past	ছেলেটি গত সপ্তাহে খুব মন দিয়ে কথা বললো।	ছেলেটি গত সপ্তাহে খুব মন দিয়ে কথা বললেন।
sva_02144	sva	p3_ord	p2_fam		medium	past	ছেলেটি গতকাল একা একা কথা বললো।	ছেলেটি গতকাল একা একা কথা বললে।
sva_02145	sva	p3_ord	p2_hon		medium	past	ছেলেটি গতকাল বাড়ির কাজ শেষ করে কথা বললো।	ছেলেটি গতকাল বাড়ির কাজ শেষ করে কথা বললেন।
sva_02146	sva	p3_ord	p2_hon		long	past	ছেলেটি গতকাল বাড়ির সব কাজ শেষ করে বন্ধুদের সঙ্গে কথা বললো।	ছেলেটি গতকাল বাড়ির সব কাজ শেষ করে বন্ধুদের সঙ্গে কথা বললেন।
sva_02147	sva	p3_ord	p2_int		long	past	ছেলেটি গতকাল দীর্ঘ ক্লান্তিকর পথ চলার শেষে একা একা কথা বললো।	ছেলেটি গতকাল দীর্ঘ ক্লান্তিকর পথ চলার শেষে একা একা কথা বললি।
sva_02148	sva	p3_ord	p2_int		long	past	ছেলেটি গত সপ্তাহে পরীক্ষার প্রস্তুতির ফাঁকে অল্প সময়ের জন্য কথা বললো।	ছেলেটি গত সপ্তাহে পরীক্ষার প্রস্তুতির ফাঁকে অল্প সময়ের জন্য কথা বললি।
sva_02149	sva	p3_ord	p3_hon		long	past	ছেলেটি কাল সন্ধ্যায় সব রকমের ব্যস্ততার মধ্যেও খুব মন দিয়ে কথা বললো।	ছেলেটি কাল সন্ধ্যায় সব রকমের ব্যস্ততার মধ্যেও খুব মন দিয়ে কথা বললেন।
sva_02150	sva	p3_ord	p3_hon		none	past	মেয়েটি কথা বললো।	মেয়েটি কথা বললেন।
sva_02151	sva	p3_ord	p2_hon		short	past	মেয়েটি কাল সন্ধ্যায় কথা বললো।	মেয়েটি কাল সন্ধ্যায় কথা বললেন।
sva_02152	sva	p3_ord	p2_fam		medium	past	মেয়েটি কাল সন্ধ্যায় বন্ধুদের সঙ্গে কথা বললো।	মেয়েটি কাল সন্ধ্যায় বন্ধুদের সঙ্গে কথা বললে।
sva_02153	sva	p3_ord	p3_hon		medium	past	মেয়েটি গত সপ্তাহে খুব মন দিয়ে কথা বললো।	মেয়েটি গত সপ্তাহে খুব মন দিয়ে কথা বললেন।
sva_02154	sva	p3_ord	p3_hon		medium	past	মেয়েটি গতকাল একা একা কথা বললো।	মেয়েটি গতকাল একা একা কথা বললেন।
sva_02155	sva	p3_ord	p2_fam		medium	past	মেয়েটি গতকাল বাড়ির কাজ শেষ করে কথা বললো।	মেয়েটি গতকাল বাড়ির কাজ শেষ করে কথা বললে।
sva_02156	sva	p3_ord	p2_fam		long	past	মেয়েটি গতকাল বাড়ির সব কাজ শেষ করে বন্ধুদের সঙ্গে কথা বললো।	মেয়েটি গতকাল বাড়ির সব কাজ শেষ করে বন্ধুদের সঙ্গে কথা বললে।
sva_02157	sva	p3_ord	p3_hon		long	past	মেয়েটি গত সপ্তাহে দীর্ঘ ক্লান্তিকর পথ চলার শেষে একা একা কথা বললো।	মেয়েটি গত সপ্তাহে দীর্ঘ ক্লান্তিকর পথ চলার শেষে একা একা কথা বললেন।
sva_02158	sva	p3_ord	p3_hon		long	past	মেয়েটি গত সপ্তাহে পরীক্ষার প্রস্তুতির ফাঁকে অল্প সময়ের জন্য কথা বললো।	মেয়েটি গত সপ্তাহে পরীক্ষার প্রস্তুতির ফাঁকে অল্প সময়ের জন্য কথা বললেন।
sva_02159	sva	p3_ord	p2_fam		long	past	মেয়েটি কাল সন্ধ্যায় সব রকমের ব্যস্ততার মধ্যেও খুব মন দিয়ে কথা বললো।	মেয়েটি কাল সন্ধ্যায় সব রকমের ব্যস্ততার মধ্যেও খুব মন দিয়ে কথা বললে।
sva_02160	sva	p3_ord	p1		none	past	আমার বন্ধু কথা বললো।	আমার বন্ধু কথা বললাম।
sva_02161	sva	p3_ord	p2_fam		short	past	আমার বন্ধু কাল সন্ধ্যায় কথা বললো।	আমার বন্ধু কাল সন্ধ্যায় কথা বললে।
sva_02162	sva	p3_ord	p1		medium	past	আমার বন্ধু গত সপ্তাহে বন্ধুদের সঙ্গে কথা বললো।	আমার বন্ধু গত সপ্তাহে বন্ধুদের সঙ্গে কথা বললাম।
sva_02163	sva	p3_ord	p2_int		medium	past	আমার বন্ধু কাল সন্ধ্যায় খুব মন দিয়ে কথা বললো।	আমার বন্ধু কাল সন্ধ্যায় খুব মন দিয়ে কথা বললি।
sva_02164	sva	p3_ord	p2_hon		medium	past	আমার বন্ধু গতকাল একা একা কথা বললো।	আমার বন্ধু গতকাল একা একা কথা বললেন।
sva_02165	sva	p3_ord	p1		medium	past	আমার বন্ধু গতকাল বাড়ির কাজ শেষ করে কথা বললো।	আমার বন্ধু গতকাল বাড়ির কাজ শেষ করে কথা বললাম।
sva_02166	sva	p3_ord	p2_int		long	past	আমার বন্ধু গত সপ্তাহে বাড়ির সব কাজ শেষ করে বন্ধুদের সঙ্গে কথা বললো।	আমার বন্ধু গত সপ্তাহে বাড়ির সব কাজ শেষ করে বন্ধুদের সঙ্গে কথা বললি।
sva_02167	sva	p3_ord	p1		long	past	আমার বন্ধু গতকাল দীর্ঘ ক্লান্তিকর পথ চলার শেষে একা একা কথা বললো।	আমার বন্ধু গতকাল দীর্ঘ ক্লান্তিকর পথ চলার শেষে একা একা কথা বললাম।
sva_02168	sva	p3_ord	p2_hon		long	past	আমার বন্ধু কাল সন্ধ্যায় পরীক্ষার প্রস্তুতির ফাঁকে অল্প সময়ের জন্য কথা বললো।	আমার বন্ধু কাল সন্ধ্যায় পরীক্ষার প্রস্তুতির ফাঁকে অল্প সময়ের জন্য কথা বললেন।
sva_02169	sva	p3_ord	p2_fam		long	past	আমার বন্ধু গত সপ্তাহে সব রকমের ব্যস্ততার মধ্যেও খুব মন দিয়ে কথা বললো।	আমার বন্ধু গত সপ্তাহে সব রকমের ব্যস্ততার মধ্যেও খুব মন দিয়ে কথা বললে।
sva_02170	sva	p3_ord	p2_int		none	past	রহিম কথা বললো।	রহিম কথা বললি।
sva_02171	sva	p3_ord	p2_fam		short	past	রহিম গতকাল কথা বললো।	রহিম গতকাল কথা বললে।
sva_02172	sva	p3_ord	p2_fam		medium	past	রহিম কাল সন্ধ্যায় বন্ধুদের সঙ্গে কথা বললো।	রহিম কাল সন্ধ্যায় বন্ধুদের সঙ্গে কথা বললে।
sva_02173	sva	p3_ord	p2_int		medium	past	রহিম কাল সন্ধ্যায় খুব মন দিয়ে কথা বললো।	রহিম কাল সন্ধ্যায় খুব মন দিয়ে কথা বললি।
sva_02174	sva	p3_ord	p3_hon		medium	past	রহিম গতকাল একা একা কথা বললো।	রহিম গতকাল একা একা কথা বললেন।
sva_02175	sva	p3_ord	p2_hon		medium	past	রহিম গতকাল বাড়ির কাজ শেষ করে কথা বললো।	রহিম গতকাল বাড়ির কাজ শেষ করে কথা বললেন।
sva_02176	sva	p3_ord	p3_hon		long	past	রহিম কাল সন্ধ্যায় বাড়ির সব কাজ শেষ করে বন্ধুদের সঙ্গে কথা বললো।	রহিম কাল সন্ধ্যায় বাড়ির সব কাজ শেষ করে বন্ধুদের সঙ্গে কথা বললেন।
sva_02177	sva	p3_ord	p2_fam		long	past	রহিম কাল সন্ধ্যায় দীর্ঘ ক্লান্তিকর পথ চলার শেষে একা একা কথা বললো।	রহিম কাল সন্ধ্যায় দীর্ঘ ক্লান্তিকর পথ চলার শেষে একা একা কথা বললে।
sva_02178	sva	p3_ord	p2_fam		long	past	রহিম গতকাল পরীক্ষার প্রস্তুতির ফাঁকে অল্প সময়ের জন্য কথা বললো।	রহিম গতকাল পরীক্ষার প্রস্তুতির ফাঁকে অল্প সময়ের জন্য কথা বললে।
sva_02179	sva	p3_ord	p2_hon		long	past	রহিম গত সপ্তাহে সব রকমের ব্যস্ততার মধ্যেও খুব মন দিয়ে কথা বললো।	রহিম গত সপ্তাহে সব রকমের ব্যস্ততার মধ্যেও খুব মন দিয়ে কথা বললেন।
sva_02180	sva	p3_hon	p1		none	past	তিনি কথা বললেন।	তিনি কথা বললাম।
sva_02181	sva	p3_hon	p1		short	past	তিনি কাল সন্ধ্যায় কথা বললেন।	তিনি কাল সন্ধ্যায় কথা বললাম।
sva_02182	sva	p3_hon	p2_int		medium	past	তিনি গত সপ্তাহে বন্ধুদের সঙ্গে কথা বললেন।	তিনি গত সপ্তাহে বন্ধুদের সঙ্গে কথা বললি।
sva_02183	sva	p3_hon	p1		medium	past	তিনি গতকাল খুব মন দিয়ে কথা বললেন।	তিনি গতকাল খুব মন দিয়ে কথা বললাম।
sva_02184	sva	p3_hon	p1		medium	past	তিনি গত সপ্তাহে একা একা কথা বললেন।	তিনি গত সপ্তাহে একা একা কথা বললাম।
sva_02185	sva	p3_hon	p2_int		medium	past	তিনি কাল সন্ধ্যায় বাড়ির কাজ শেষ করে কথা বললেন।	তিনি কাল সন্ধ্যায় বাড়ির কাজ শেষ করে কথা বললি।
sva_02186	sva	p3_hon	p2_fam		long	past	তিনি কাল সন্ধ্যায় বাড়ির সব কাজ শেষ করে বন্ধুদের সঙ্গে কথা বললেন।	তিনি কাল সন্ধ্যায় বাড়ির সব কাজ শেষ করে বন্ধুদের সঙ্গে কথা বললে।
sva_02187	sva	p3_hon	p2_int		long	past	তিনি গতকাল দীর্ঘ ক্লান্তিকর পথ চলার শেষে একা একা কথা বললেন।	তিনি গতকাল দীর্ঘ ক্লান্তিকর পথ চলার শেষে একা একা কথা বললি।
sva_02188	sva	p3_hon	p1		long	past	তিনি গতকাল পরীক্ষার প্রস্তুতির ফাঁকে অল্প সময়ের জন্য কথা বললেন।	তিনি গতকাল পরীক্ষার প্রস্তুতির ফাঁকে অল্প সময়ের জন্য কথা বললাম।
sva_02189	sva	p3_hon	p2_int		long	past	তিনি কাল সন্ধ্যায় সব রকমের ব্যস্ততার মধ্যেও খুব মন দিয়ে কথা বললেন।	তিনি কাল সন্ধ্যায় সব রকমের ব্যস্ততার মধ্যেও খুব মন দিয়ে কথা বললি।
sva_02190	sva	p3_hon	p3_ord		none	past	উনি কথা বললেন।	উনি কথা বললো।
sva_02191	sva	p3_hon	p1		short	past	উনি গত সপ্তাহে কথা বললেন।	উনি গত সপ্তাহে কথা বললাম।
sva_02192	sva	p3_hon	p3_ord		medium	past	উনি কাল সন্ধ্যায় বন্ধুদের সঙ্গে কথা বললেন।	উনি কাল সন্ধ্যায় বন্ধুদের সঙ্গে কথা বললো।
sva_02193	sva	p3_hon	p1		medium	past	উনি গত সপ্তাহে খুব মন দিয়ে কথা বললেন।	উনি গত সপ্তাহে খুব মন দিয়ে কথা বললাম।
sva_02194	sva	p3_hon	p1		medium	past	উনি গতকাল একা একা কথা বললেন।	উনি গতকাল একা একা কথা বললাম।
sva_02195	sva	p3_hon	p2_int		medium	past	উনি কাল সন্ধ্যায় বাড়ির কাজ শেষ করে কথা বললেন।	উনি কাল সন্ধ্যায় বাড়ির কাজ শেষ করে কথা বললি।
sva_02196	sva	p3_hon	p1		long	past	উনি কাল সন্ধ্যায় বাড়ির সব কাজ শেষ করে বন্ধুদের সঙ্গে কথা বললেন।	উনি কাল সন্ধ্যায় বাড়ির সব কাজ শেষ করে বন্ধুদের সঙ্গে কথা বললাম।
sva_02197	sva	p3_hon	p2_int		long	past	উনি গতকাল দীর্ঘ ক্লান্তিকর পথ চলার শেষে একা একা কথা বললেন।	উনি গতকাল দীর্ঘ ক্লান্তিকর পথ চলার শেষে একা একা কথা বললি।
sva_02198	sva	p3_hon	p2_fam		long	past	উনি গতকাল পরীক্ষার প্রস্তুতির ফাঁকে অল্প সময়ের জন্য কথা বললেন।	উনি গতকাল পরীক্ষার প্রস্তুতির ফাঁকে অল্প সময়ের জন্য কথা বললে।
sva_02199	sva	p3_hon	p2_fam		long	past	উনি গত সপ্তাহে সব রকমের ব্যস্ততার মধ্যেও খুব মন দিয়ে কথা বললেন।	উনি গত সপ্তাহে সব রকমের ব্যস্ততার মধ্যেও খুব মন দিয়ে কথা বললে।
sva_02200	sva	p1	p2_fam		none	fut	আমি কথা বলব।	আমি কথা বলবে।
sva_02201	sva	p1	p2_int		short	fut	আমি আগামীকাল কথা বলব।	আমি আগামীকাল কথা বলবি।
sva_02202	sva	p1	p2_int		medium	fut	আমি আগামীকাল বন্ধুদের সঙ্গে কথা বলব।	আমি আগামীকাল বন্ধুদের সঙ্গে কথা বলবি।
sva_02203	sva	p1	p2_fam		medium	fut	আমি আগামীকাল খুব মন দিয়ে কথা বলব।	আমি আগামীকাল খুব মন দিয়ে কথা বলবে।
sva_02204	sva	p1	p2_fam		medium	fut	আমি আগামী সপ্তাহে একা একা কথা বলব।	আমি আগামী সপ্তাহে একা একা কথা বলবে।
sva_02205	sva	p1	p3_hon		medium	fut	আমি কিছুদিন পরে বাড়ির কাজ শেষ করে কথা বলব।	আমি কিছুদিন পরে বাড়ির কাজ শেষ করে কথা বলবেন।
sva_02206	sva	p1	p2_fam		long	fut	আমি আগামী সপ্তাহে বাড়ির সব কাজ শেষ করে বন্ধুদের সঙ্গে কথা বলব।	আমি আগামী সপ্তাহে বাড়ির সব কাজ শেষ করে বন্ধুদের সঙ্গে কথা বলবে।
sva_02207	sva	p1	p3_hon		long	fut	আমি কিছুদিন পরে দীর্ঘ ক্লান্তিকর পথ চলার শেষে একা একা কথা বলব।	আমি কিছুদিন পরে দীর্ঘ ক্লান্তিকর পথ চলার শেষে একা একা কথা বলবেন।
sva_02208	sva	p1	p3_hon		long	fut	আমি কিছুদিন পরে পরীক্ষার প্রস্তুতির ফাঁকে অল্প সময়ের জন্য কথা বলব।	আমি কিছুদিন পরে পরীক্ষার প্রস্তুতির ফাঁকে অল্প সময়ের জন্য কথা বলবেন।
sva_02209	sva	p1	p2_fam		long	fut	আমি কিছুদিন পরে সব রকমের ব্যস্ততার মধ্যেও খুব মন দিয়ে কথা বলব।	আমি কিছুদিন পরে সব রকমের ব্যস্ততার মধ্যেও খুব মন দিয়ে কথা বলবে।
sva_02210	sva	p2_int	p2_fam		none	fut	তুই কথা বলবি।	তুই কথা বলবে।
sva_02211	sva	p2_int	p3_hon		short	fut	তুই কিছুদিন পরে কথা বলবি।	তুই কিছুদিন পরে কথা বলবেন।
sva_02212	sva	p2_int	p1		medium	fut	তুই আগামীকাল বন্ধুদের সঙ্গে কথা বলবি।	তুই আগামীকাল বন্ধুদের সঙ্গে কথা বলব।
sva_02213	sva	p2_int	p1		medium	fut	তুই কিছুদিন পরে খুব মন দিয়ে কথা বলবি।	তুই কিছুদিন পরে খুব মন দিয়ে কথা বলব।
sva_02214	sva	p2_int	p2_fam		medium	fut	তুই কিছুদিন পরে একা একা কথা বলবি।	তুই কিছুদিন পরে একা একা কথা বলবে।
sva_02215	sva	p2_int	p1		medium	fut	তুই আগামীকাল বাড়ির কাজ শেষ করে কথা বলবি।	তুই আগামীকাল বাড়ির কাজ শেষ করে কথা বলব।
sva_02216	sva	p2_int	p3_hon		long	fut	তুই আগামীকাল বাড়ির সব কাজ শেষ করে বন্ধুদের সঙ্গে কথা বলবি।	তুই আগামীকাল বাড়ির সব কাজ শেষ করে বন্ধুদের সঙ্গে কথা বলবেন।
sva_02217	sva	p2_int	p3_ord		long	fut	তুই কিছুদিন পরে দীর্ঘ ক্লান্তিকর পথ চলার শেষে একা একা কথা বলবি।	তুই কিছুদিন পরে দীর্ঘ ক্লান্তিকর পথ চলার শেষে একা একা কথা বলবে।
sva_02218	sva	p2_int	p2_fam		long	fut	তুই কিছুদিন পরে পরীক্ষার প্রস্তুতির ফাঁকে অল্প সময়ের জন্য কথা বলবি।	তুই কিছুদিন পরে পরীক্ষার প্রস্তুতির ফাঁকে অল্প সময়ের জন্য কথা বলবে।
sva_02219	sva	p2_int	p3_ord		long	fut	তুই কিছুদিন পরে সব রকমের ব্যস্ততার মধ্যেও খুব মন দিয়ে কথা বলবি।	তুই কিছুদিন পরে সব রকমের ব্যস্ততার মধ্যেও খুব মন দিয়ে কথা বলবে।
sva_02220	sva	p2_fam	p2_int		none	fut	তুমি কথা বলবে।	তুমি কথা বলবি।
sva_02221	sva	p2_fam	p2_int		short	fut	তুমি আগামীকাল কথা বলবে।	তুমি আগামীকাল কথা বলবি।
sva_02222	sva	p2_fam	p1		medium	fut	তুমি কিছুদিন পরে বন্ধুদের সঙ্গে কথা বলবে।	তুমি কিছুদিন পরে বন্ধুদের সঙ্গে কথা বলব।
sva_02223	sva	p2_fam	p1		medium	fut	তুমি আগামী সপ্তাহে খুব মন দিয়ে কথা বলবে।	তুমি আগামী সপ্তাহে খুব মন দিয়ে কথা বলব।
sva_02224	sva	p2_fam	p1		medium	fut	তুমি আগামী সপ্তাহে একা একা কথা বলবে।	তুমি আগামী সপ্তাহে একা একা কথা বলব।
sva_02225	sva	p2_fam	p1		medium	fut	তুমি কিছুদিন পরে বাড়ির কাজ শেষ করে কথা বলবে।	তুমি কিছুদিন পরে বাড়ির কাজ শেষ করে কথা বলব।
sva_02226	sva	p2_fam	p2_hon		long	fut	তুমি কিছুদিন পরে বাড়ির সব কাজ শেষ করে বন্ধুদের সঙ্গে কথা বলবে।	তুমি কিছুদিন পরে বাড়ির সব কাজ শেষ করে বন্ধুদের সঙ্গে কথা বলবেন।
sva_02227	sva	p2_fam	p2_int		long	fut	তুমি কিছুদিন পরে দীর্ঘ ক্লান্তিকর পথ চলার শেষে একা একা কথা বলবে।	তুমি কিছুদিন পরে দীর্ঘ ক্লান্তিকর পথ চলার শেষে একা একা কথা বলবি।
sva_02228	sva	p2_fam	p1		long	fut	তুমি আগামী সপ্তাহে পরীক্ষার প্রস্তুতির ফাঁকে অল্প সময়ের জন্য কথা বলবে।	তুমি আগামী সপ্তাহে পরীক্ষার প্রস্তুতির ফাঁকে অল্প সময়ের জন্য কথা বলব।
sva_02229	sva	p2_fam	p2_int		long	fut	তুমি কিছুদিন পরে সব রকমের ব্যস্ততার মধ্যেও খুব মন দিয়ে কথা বলবে।	তুমি কিছুদিন পরে সব রকমের ব্যস্ততার মধ্যেও খুব মন দিয়ে কথা বলবি।
sva_02230	sva	p2_hon	p1		none	fut	আপনি কথা বলবেন।	আপনি কথা বলব।
sva_02231	sva	p2_hon	p2_int		short	fut	আপনি আগামী সপ্তাহে কথা বলবেন।	আপনি আগামী সপ্তাহে কথা বলবি।
sva_02232	sva	p2_hon	p1		medium	fut	আপনি আগামী সপ্তাহে বন্ধুদের সঙ্গে কথা বলবেন।	আপনি আগামী সপ্তাহে বন্ধুদের সঙ্গে কথা বলব।
sva_02233	sva	p2_hon	p1		medium	fut	আপনি কিছুদিন পরে খুব মন দিয়ে কথা বলবেন।	আপনি কিছুদিন পরে খুব মন দিয়ে কথা বলব।
sva_02234	sva	p2_hon	p2_int		medium	fut	আপনি কিছুদিন পরে একা একা কথা বলবেন।	আপনি কিছুদিন পরে একা একা কথা বলবি।
sva_02235	sva	p2_hon	p1		medium	fut	আপনি কিছুদিন পরে বাড়ির কাজ শেষ করে কথা বলবেন।	আপনি কিছুদিন পরে বাড়ির কাজ শেষ করে কথা বলব।
sva_02236	sva	p2_hon	p3_ord		long	fut	আপনি আগামী সপ্তাহে বাড়ির সব কাজ শেষ করে বন্ধুদের সঙ্গে কথা বলবেন।	আপনি আগামী সপ্তাহে বাড়ির সব কাজ শেষ করে বন্ধুদের সঙ্গে কথা বলবে।
sva_02237	sva	p2_hon	p2_int		long	fut	আপনি আগামী সপ্তাহে দীর্ঘ ক্লান্তিকর পথ চলার শেষে একা একা কথা বলবেন।	আপনি আগামী সপ্তাহে দীর্ঘ ক্লান্তিকর পথ চলার শেষে একা একা কথা বলবি।
sva_02238	sva	p2_hon	p2_int		long	fut	আপনি আগামীকাল পরীক্ষার প্রস্তুতির ফাঁকে অল্প সময়ের জন্য কথা বলবেন।	আপনি আগামীকাল পরীক্ষার প্রস্তুতির ফাঁকে অল্প সময়ের জন্য কথা বলবি।
sva_02239	sva	p2_hon	p3_ord		long	fut	আপনি কিছুদিন পরে সব রকমের ব্যস্ততার মধ্যেও খুব মন দিয়ে কথা বলবেন।	আপনি কিছুদিন পরে সব রকমের ব্যস্ততার মধ্যেও খুব মন দিয়ে কথা বলবে।
sva_02240	sva	p3_ord	p3_hon		none	fut	সে কথা বলবে।	সে কথা বলবেন।
sva_02241	sva	p3_ord	p3_hon		short	fut	সে আগামী সপ্তাহে কথা বলবে।	সে আগামী সপ্তাহে কথা বলবেন।
sva_02242	sva	p3_ord	p3_hon		medium	fut	সে আগামীকাল বন্ধুদের সঙ্গে কথা বলবে।	সে আগামীকাল বন্ধুদের সঙ্গে কথা বলবেন।
sva_02243	sva	p3_ord	p1		medium	fut	সে আগামী সপ্তাহে খুব মন দিয়ে কথা বলবে।	সে আগামী সপ্তাহে খুব মন দিয়ে কথা বলব।
sva_02244	sva	p3_ord	p1		medium	fut	সে আগামী সপ্তাহে একা একা কথা বলবে।	সে আগামী সপ্তাহে একা একা কথা বলব।
sva_02245	sva	p3_ord	p1		medium	fut	সে কিছুদিন পরে বাড়ির কাজ শেষ করে কথা বলবে।	সে কিছুদিন পরে বাড়ির কাজ শেষ করে কথা বলব।
sva_02246	sva	p3_ord	p1		long	fut	সে আগামীকাল বাড়ির সব কাজ শেষ করে বন্ধুদের সঙ্গে কথা বলবে।	সে আগামীকাল বাড়ির সব কাজ শেষ করে বন্ধুদের সঙ্গে কথা বলব।
sva_02247	sva	p3_ord	p1		long	fut	সে কিছুদিন পরে দীর্ঘ ক্লান্তিকর পথ চলার শেষে একা একা কথা বলবে।	সে কিছুদিন পরে দীর্ঘ ক্লান্তিকর পথ চলার শেষে একা একা কথা বলব।
sva_02248	sva	p3_ord	p3_hon		long	fut	সে আগামীকাল পরীক্ষার প্রস্তুতির ফাঁকে অল্প সময়ের জন্য কথা বলবে।	সে আগামীকাল পরীক্ষার প্রস্তুতির ফাঁকে অল্প সময়ের জন্য কথা বলবেন।
sva_02249	sva	p3_ord	p3_hon		long	fut	সে আগামী সপ্তাহে সব রকমের ব্যস্ততার মধ্যেও খুব মন দিয়ে কথা বলবে।	সে আগামী সপ্তাহে সব রকমের ব্যস্ততার মধ্যেও খুব মন দিয়ে কথা বলবেন।
sva_02250	sva	p3_ord	p3_hon		none	fut	ছেলেটি কথা বলবে।	ছেলেটি কথা বলবেন।
sva_02251	sva	p3_ord	p3_hon		short	fut	ছেলেটি আগামী সপ্তাহে কথা বলবে।	ছেলেটি আগামী সপ্তাহে কথা বলবেন।
sva_02252	sva	p3_ord	p2_hon		medium	fut	ছেলেটি কিছুদিন পরে বন্ধুদের সঙ্গে কথা বলবে।	ছেলেটি কিছুদিন পরে বন্ধুদের সঙ্গে কথা বলবেন।
sva_02253	sva	p3_ord	p2_int		medium	fut	ছেলেটি কিছুদিন পরে খুব মন দিয়ে কথা বলবে।	ছেলেটি কিছুদিন পরে খুব মন দিয়ে কথা বলবি।
sva_02254	sva	p3_ord	p2_int		medium	fut	ছেলেটি আগামী সপ্তাহে একা একা কথা বলবে।	ছেলেটি আগামী সপ্তাহে একা একা কথা বলবি।
sva_02255	sva	p3_ord	p1		medium	fut	ছেলেটি আগামীকাল বাড়ির কাজ শেষ করে কথা বলবে।	ছেলেটি আগামীকাল বাড়ির কাজ শেষ করে কথা বলব।
sva_02256	sva	p3_ord	p2_int		long	fut	ছেলেটি আগামী সপ্তাহে বাড়ির সব কাজ শেষ করে বন্ধুদের সঙ্গে কথা বলবে।	ছেলেটি আগামী সপ্তাহে বাড়ির সব কাজ শেষ করে বন্ধুদের সঙ্গে কথা বলবি।
sva_02257	sva	p3_ord	p3_hon		long	fut	ছেলেটি আগামীকাল দীর্ঘ ক্লান্তিকর পথ চলার শেষে একা একা কথা বলবে।	ছেলেটি আগামীকাল দীর্ঘ ক্লান্তিকর পথ চলার শেষে একা একা কথা বলবেন।
sva_02258	sva	p3_ord	p2_int		long	fut	ছেলেটি আগামী সপ্তাহে পরীক্ষার প্রস্তুতির ফাঁকে অল্প সময়ের জন্য কথা বলবে।	ছেলেটি আগামী সপ্তাহে পরীক্ষার প্রস্তুতির ফাঁকে অল্প সময়ের জন্য কথা বলবি।
sva_02259	sva	p3_ord	p1		long	fut	ছেলেটি কিছুদিন পরে সব রকমের ব্যস্ততার মধ্যেও খুব মন দিয়ে কথা বলবে।	ছেলেটি কিছুদিন পরে সব রকমের ব্যস্ততার মধ্যেও খুব মন দিয়ে কথা বলব।
sva_02260	sva	p3_ord	p2_int		none	fut	মেয়েটি কথা বলবে।	মেয়েটি কথা বলবি।
sva_02261	sva	p3_ord	p2_int		short	fut	মেয়েটি আগামী সপ্তাহে কথা বলবে।	মেয়েটি আগামী সপ্তাহে কথা বলবি।
sva_02262	sva	p3_ord	p2_hon		medium	fut	মেয়েটি আগামীকাল বন্ধুদের সঙ্গে কথা বলবে।	মেয়েটি আগামীকাল বন্ধুদের সঙ্গে কথা বলবেন।
sva_02263	sva	p3_ord	p2_hon		medium	fut	মেয়েটি কিছুদিন পরে খুব মন দিয়ে কথা বলবে।	মেয়েটি কিছুদিন পরে খুব মন দিয়ে কথা বলবেন।
sva_02264	sva	p3_ord	p2_int		medium	fut	মেয়েটি কিছুদিন পরে একা একা কথা বলবে।	মেয়েটি কিছুদিন পরে একা একা কথা বলবি।
sva_02265	sva	p3_ord	p1		medium	fut	মেয়েটি আগামী সপ্তাহে বাড়ির কাজ শেষ করে কথা বলবে।	মেয়েটি আগামী সপ্তাহে বাড়ির কাজ শেষ করে কথা বলব।
sva_02266	sva	p3_ord	p2_int		long	fut	মেয়েটি আগামীকাল বাড়ির সব কাজ শেষ করে বন্ধুদের সঙ্গে কথা বলবে।	মেয়েটি আগামীকাল বাড়ির সব কাজ শেষ করে বন্ধুদের সঙ্গে কথা বলবি।
sva_02267	sva	p3_ord	p2_int		long	fut	মেয়েটি আগামী সপ্তাহে দীর্ঘ ক্লান্তিকর পথ চলার শেষে একা একা কথা বলবে।	মেয়েটি আগামী সপ্তাহে দীর্ঘ ক্লান্তিকর পথ চলার শেষে একা একা কথা বলবি।
sva_02268	sva	p3_ord	p2_int		long	fut	মেয়েটি আগামী সপ্তাহে পরীক্ষার প্রস্তুতির ফাঁকে অল্প সময়ের জন্য কথা বলবে।	মেয়েটি আগামী সপ্তাহে পরীক্ষার প্রস্তুতির ফাঁকে অল্প সময়ের জন্য কথা বলবি।
sva_02269	sva	p3_ord	p3_hon		long	fut	মেয়েটি আগামী সপ্তাহে সব রকমের ব্যস্ততার মধ্যেও খুব মন দিয়ে কথা বলবে।	মেয়েটি আগামী সপ্তাহে সব রকমের ব্যস্ততার মধ্যেও খুব মন দিয়ে কথা বলবেন।
sva_02270	sva	p3_ord	p3_hon		none	fut	আমার বন্ধু কথা বলবে।	আমার বন্ধু কথা বলবেন।
sva_02271	sva	p3_ord	p3_hon		short	fut	আমার বন্ধু আগামী সপ্তাহে কথা বলবে।	আমার বন্ধু আগামী সপ্তাহে কথা বলবেন।
sva_02272	sva	p3_ord	p3_hon		medium	fut	আমার বন্ধু আগামীকাল বন্ধুদের সঙ্গে কথা বলবে।	আমার বন্ধু আগামীকাল বন্ধুদের সঙ্গে কথা বলবেন।
sva_02273	sva	p3_ord	p2_hon		medium	fut	আমার বন্ধু কিছুদিন পরে খুব মন দিয়ে কথা বলবে।	আমার বন্ধু কিছুদিন পরে খুব মন দিয়ে কথা বলবেন।
sva_02274	sva	p3_ord	p2_int		medium	fut	আমার বন্ধু আগামীকাল একা একা কথা বলবে।	আমার বন্ধু আগামীকাল একা একা কথা বলবি।
sva_02275	sva	p3_ord	p1		medium	fut	আমার বন্ধু আগামী সপ্তাহে বাড়ির কাজ শেষ করে কথা বলবে।	আমার বন্ধু আগামী সপ্তাহে বাড়ির কাজ শেষ করে কথা বলব।
sva_02276	sva	p3_ord	p1		long	fut	আমার বন্ধু আগামী সপ্তাহে বাড়ির সব কাজ শেষ করে বন্ধুদের সঙ্গে কথা বলবে।	আমার বন্ধু আগামী সপ্তাহে বাড়ির সব কাজ শেষ করে বন্ধুদের সঙ্গে কথা বলব।
sva_02277	sva	p3_ord	p2_int		long	fut	আমার বন্ধু আগামীকাল দীর্ঘ ক্লান্তিকর পথ চলার শেষে একা একা কথা বলবে।	আমার বন্ধু আগামীকাল দীর্ঘ ক্লান্তিকর পথ চলার শেষে একা একা কথা বলবি।
sva_02278	sva	p3_ord	p2_hon		long	fut	আমার বন্ধু আগামীকাল পরীক্ষার প্রস্তুতির ফাঁকে অল্প সময়ের জন্য কথা বলবে।	আমার বন্ধু আগামীকাল পরীক্ষার প্রস্তুতির ফাঁকে অল্প সময়ের জন্য কথা বলবেন।
sva_02279	sva	p3_ord	p2_int		long	fut	আমার বন্ধু আগামীকাল সব রকমের ব্যস্ততার মধ্যেও খুব মন দিয়ে কথা বলবে।	আমার বন্ধু আগামীকাল সব রকমের ব্যস্ততার মধ্যেও খুব মন দিয়ে কথা বলবি।
sva_02280	sva	p3_ord	p2_hon		none	fut	রহিম কথা বলবে।	রহিম কথা বলবেন।
sva_02281	sva	p3_ord	p2_int		short	fut	রহিম কিছুদিন পরে কথা বলবে।	রহিম কিছুদিন পরে কথা বলবি।
sva_02282	sva	p3_ord	p3_hon		medium	fut	রহিম কিছুদিন পরে বন্ধুদের সঙ্গে কথা বলবে।	রহিম কিছুদিন পরে বন্ধুদের সঙ্গে কথা বলবেন।
sva_02283	sva	p3_ord	p2_int		medium	fut	রহিম কিছুদিন পরে খুব মন দিয়ে কথা বলবে।	রহিম কিছুদিন পরে খুব মন দিয়ে কথা বলবি।
sva_02284	sva	p3_ord	p1		medium	fut	রহিম আগামীকাল একা একা কথা বলবে।	রহিম আগামীকাল একা একা কথা বলব।
sva_02285	sva	p3_ord	p3_hon		medium	fut	রহিম আগামীকাল বাড়ির কাজ শেষ করে কথা বলবে।	রহিম আগামীকাল বাড়ির কাজ শেষ করে কথা বলবেন।
sva_02286	sva	p3_ord	p3_hon		long	fut	রহিম কিছুদিন পরে বাড়ির সব কাজ শেষ করে বন্ধুদের সঙ্গে কথা বলবে।	রহিম কিছুদিন পরে বাড়ির সব কাজ শেষ করে বন্ধুদের সঙ্গে কথা বলবেন।
sva_02287	sva	p3_ord	p3_hon		long	fut	রহিম আগামীকাল দীর্ঘ ক্লান্তিকর পথ চলার শেষে একা একা কথা বলবে।	রহিম আগামীকাল দীর্ঘ ক্লান্তিকর পথ চলার শেষে একা একা কথা বলবেন।
sva_02288	sva	p3_ord	p3_hon		long	fut	রহিম আগামী সপ্তাহে পরীক্ষার প্রস্তুতির ফাঁকে অল্প সময়ের জন্য কথা বলবে।	রহিম আগামী সপ্তাহে পরীক্ষার প্রস্তুতির ফাঁকে অল্প সময়ের জন্য কথা বলবেন।
sva_02289	sva	p3_ord	p2_int		long	fut	রহিম আগামী সপ্তাহে সব রকমের ব্যস্ততার মধ্যেও খুব মন দিয়ে কথা বলবে।	রহিম আগামী সপ্তাহে সব রকমের ব্যস্ততার মধ্যেও খুব মন দিয়ে কথা বলবি।
sva_02290	sva	p3_hon	p2_int		none	fut	তিনি কথা বলবেন।	তিনি কথা বলবি।
sva_02291	sva	p3_hon	p2_fam		short	fut	তিনি কিছুদিন পরে কথা বলবেন।	তিনি কিছুদিন পরে কথা বলবে।
sva_02292	sva	p3_hon	p1		medium	fut	তিনি আগামীকাল বন্ধুদের সঙ্গে কথা বলবেন।	তিনি আগামীকাল বন্ধুদের সঙ্গে কথা বলব।
sva_02293	sva	p3_hon	p1		medium	fut	তিনি আগামী সপ্তাহে খুব মন দিয়ে কথা বলবেন।	তিনি আগামী সপ্তাহে খুব মন দিয়ে কথা বলব।
sva_02294	sva	p3_hon	p2_fam		medium	fut	তিনি আগামী সপ্তাহে একা একা কথা বলবেন।	তিনি আগামী সপ্তাহে একা একা কথা বলবে।
sva_02295	sva	p3_hon	p1		medium	fut	তিনি আগামীকাল বাড়ির কাজ শেষ করে কথা বলবেন।	তিনি আগামীকাল বাড়ির কাজ শেষ করে কথা বলব।
sva_02296	sva	p3_hon	p2_int		long	fut	তিনি আগামীকাল বাড়ির সব কাজ শেষ করে বন্ধুদের সঙ্গে কথা বলবেন।	তিনি আগামীকাল বাড়ির সব কাজ শেষ করে বন্ধুদের সঙ্গে কথা বলবি।
sva_02297	sva	p3_hon	p2_fam		long	fut	তিনি আগামীকাল দীর্ঘ ক্লান্তিকর পথ চলার শেষে একা একা কথা বলবেন।	তিনি আগামীকাল দীর্ঘ ক্লান্তিকর পথ চলার শেষে একা একা কথা বলবে।
sva_02298	sva	p3_hon	p3_ord		long	fut	তিনি কিছুদিন পরে পরীক্ষার প্রস্তুতির ফাঁকে অল্প সময়ের জন্য কথা বলবেন।	তিনি কিছুদিন পরে পরীক্ষার প্রস্তুতির ফাঁকে অল্প সময়ের জন্য কথা বলবে।
sva_02299	sva	p3_hon	p1		long	fut	তিনি আগামীকাল সব রকমের ব্যস্ততার মধ্যেও খুব মন দিয়ে কথা বলবেন।	তিনি আগামীকাল সব রকমের ব্যস্ততার মধ্যেও খুব মন দিয়ে কথা বলব।
sva_02300	sva	p3_hon	p2_fam		none	fut	উনি কথা বলবেন।	উনি কথা বলবে।
sva_02301	sva	p3_hon	p2_int		short	fut	উনি কিছুদিন পরে কথা বলবেন।	উনি কিছুদিন পরে কথা বলবি।
sva_02302	sva	p3_hon	p3_ord		medium	fut	উনি আগামীকাল বন্ধুদের সঙ্গে কথা বলবেন।	উনি আগামীকাল বন্ধুদের সঙ্গে কথা বলবে।
sva_02303	sva	p3_hon	p2_fam		medium	fut	উনি কিছুদিন পরে খুব মন দিয়ে কথা বলবেন।	উনি কিছুদিন পরে খুব মন দিয়ে কথা বলবে।
sva_02304	sva	p3_hon	p1		medium	fut	উনি কিছুদিন পরে একা একা কথা বলবেন।	উনি কিছুদিন পরে একা একা কথা বলব।
sva_02305	sva	p3_hon	p1		medium	fut	উনি আগামীকাল বাড়ির কাজ শেষ করে কথা বলবেন।	উনি আগামীকাল বাড়ির কাজ শেষ করে কথা বলব।
sva_02306	sva	p3_hon	p2_fam		long	fut	উনি কিছুদিন পরে বাড়ির সব কাজ শেষ করে বন্ধুদের সঙ্গে কথা বলবেন।	উনি কিছুদিন পরে বাড়ির সব কাজ শেষ করে বন্ধুদের সঙ্গে কথা বলবে।
sva_02307	sva	p3_hon	p1		long	fut	উনি কিছুদিন পরে দীর্ঘ ক্লান্তিকর পথ চলার শেষে একা একা কথা বলবেন।	উনি কিছুদিন পরে দীর্ঘ ক্লান্তিকর পথ চলার শেষে একা একা কথা বলব।
sva_02308	sva	p3_hon	p1		long	fut	উনি আগামী সপ্তাহে পরীক্ষার প্রস্তুতির ফাঁকে অল্প সময়ের জন্য কথা বলবেন।	উনি আগামী সপ্তাহে পরীক্ষার প্রস্তুতির ফাঁকে অল্প সময়ের জন্য কথা বলব।
sva_02309	sva	p3_hon	p2_fam		long	fut	উনি কিছুদিন পরে সব রকমের ব্যস্ততার মধ্যেও খুব মন দিয়ে কথা বলবেন।	উনি কিছুদিন পরে সব রকমের ব্যস্ততার মধ্যেও খুব মন দিয়ে কথা বলবে।
sva_02310	sva	p1	p2_int		none	pres	আমি বাড়িতে আসি।	আমি বাড়িতে আসিস।
sva_02311	sva	p1	p2_hon		short	pres	আমি প্রতিদিন বাড়িতে আসি।	আমি প্রতিদিন বাড়িতে আসেন।
sva_02312	sva	p1	p2_fam		medium	pres	আমি প্রতিদিন বন্ধুদের সঙ্গে বাড়িতে আসি।	আমি প্রতিদিন বন্ধুদের সঙ্গে বাড়িতে আসো।
sva_02313	sva	p1	p3_hon		medium	pres	আমি প্রায়ই খুব মন দিয়ে বাড়িতে আসি।	আমি প্রায়ই খুব মন দিয়ে বাড়িতে আসেন।
sva_02314	sva	p1	p2_int		medium	pres	আমি সাধারণত একা একা বাড়িতে আসি।	আমি সাধারণত একা একা বাড়িতে আসিস।
sva_02315	sva	p1	p2_hon		medium	pres	আমি প্রায়ই বাড়ির কাজ শেষ করে বাড়িতে আসি।	আমি প্রায়ই বাড়ির কাজ শেষ করে বাড়িতে আসেন।
sva_02316	sva	p1	p2_int		long	pres	আমি প্রতিদিন বাড়ির সব কাজ শেষ করে বন্ধুদের সঙ্গে বাড়িতে আসি।	আমি প্রতিদিন বাড়ির সব কাজ শেষ করে বন্ধুদের সঙ্গে বাড়িতে আসিস।
sva_02317	sva	p1	p2_fam		long	pres	আমি প্রতিদিন দীর্ঘ ক্লান্তিকর পথ চলার শেষে একা একা বাড়িতে আসি।	আমি প্রতিদিন দীর্ঘ ক্লান্তিকর পথ চলার শেষে একা একা বাড়িতে আসো।
sva_02318	sva	p1	p3_hon		long	pres	আমি প্রতিদিন পরীক্ষার প্রস্তুতির ফাঁকে অল্প সময়ের জন্য বাড়িতে আসি।	আমি প্রতিদিন পরীক্ষার প্রস্তুতির ফাঁকে অল্প সময়ের জন্য বাড়িতে আসেন।
sva_02319	sva	p1	p2_hon		long	pres	আমি প্রায়ই সব রকমের ব্যস্ততার মধ্যেও খুব মন দিয়ে বাড়িতে আসি।	আমি প্রায়ই সব রকমের ব্যস্ততার মধ্যেও খুব মন দিয়ে বাড়িতে আসেন।
sva_02320	sva	p2_int	p2_fam		none	pres	তুই বাড়িতে আসিস।	তুই বাড়িতে আসো।
sva_02321	sva	p2_int	p2_fam		short	pres	তুই প্রায়ই বাড়িতে আসিস।	তুই প্রায়ই বাড়িতে আসো।
sva_02322	sva	p2_int	p1		medium	pres	তুই সাধারণত বন্ধুদের সঙ্গে বাড়িতে আসিস।	তুই সাধারণত বন্ধুদের সঙ্গে বাড়িতে আসি।
sva_02323	sva	p2_int	p1		medium	pres	তুই সাধারণত খুব মন দিয়ে বাড়িতে আসিস।	তুই সাধারণত খুব মন দিয়ে বাড়িতে আসি।
sva_02324	sva	p2_int	p2_hon		medium	pres	তুই সাধারণত একা একা বাড়িতে আসিস।	তুই সাধারণত একা একা বাড়িতে আসেন।
sva_02325	sva	p2_int	p2_hon		medium	pres	তুই সাধারণত বাড়ির কাজ শেষ করে বাড়িতে আসিস।	তুই সাধারণত বাড়ির কাজ শেষ করে বাড়িতে আসেন।
sva_02326	sva	p2_int	p3_hon		long	pres	তুই প্রায়ই বাড়ির সব কাজ শেষ করে বন্ধুদের সঙ্গে বাড়িতে আসিস।	তুই প্রায়ই বাড়ির সব কাজ শেষ করে বন্ধুদের সঙ্গে বাড়িতে আসেন।
sva_02327	sva	p2_int	p2_hon		long	pres	তুই সাধারণত দীর্ঘ ক্লান্তিকর পথ চলার শেষে একা একা বাড়িতে আসিস।	তুই সাধারণত দীর্ঘ ক্লান্তিকর পথ চলার শেষে একা একা বাড়িতে আসেন।
sva_02328	sva	p2_int	p3_ord		long	pres	তুই প্রায়ই পরীক্ষার প্রস্তুতির ফাঁকে অল্প সময়ের জন্য বাড়িতে আসিস।	তুই প্রায়ই পরীক্ষার প্রস্তুতির ফাঁকে অল্প সময়ের জন্য বাড়িতে আসে।
sva_02329	sva	p2_int	p1		long	pres	তুই সাধারণত সব রকমের ব্যস্ততার মধ্যেও খুব মন দিয়ে বাড়িতে আসিস।	তুই সাধারণত সব রকমের ব্যস্ততার মধ্যেও খুব মন দিয়ে বাড়িতে আসি।
sva_02330	sva	p2_fam	p2_int		none	pres	তুমি বাড়িতে আসো।	তুমি বাড়িতে আসিস।
sva_02331	sva	p2_fam	p3_hon		short	pres	তুমি প্রায়ই বাড়িতে আসো।	তুমি প্রায়ই বাড়িতে আসেন।
sva_02332	sva	p2_fam	p1		medium	pres	তুমি প্রতিদিন বন্ধুদের সঙ্গে বাড়িতে আসো।	তুমি প্রতিদিন বন্ধুদের সঙ্গে বাড়িতে আসি।
sva_02333	sva	p2_fam	p2_int		medium	pres	তুমি সাধারণত খুব মন দিয়ে বাড়িতে আসো।	তুমি সাধারণত খুব মন দিয়ে বাড়িতে আসিস।
sva_02334	sva	p2_fam	p2_hon		medium	pres	তুমি প্রায়ই একা একা বাড়িতে আসো।	তুমি প্রায়ই একা একা বাড়িতে আসেন।
sva_02335	sva	p2_fam	p2_hon		medium	pres	তুমি প্রায়ই বাড়ির কাজ শেষ করে বাড়িতে আসো।	তুমি প্রায়ই বাড়ির কাজ শেষ করে বাড়িতে আসেন।
sva_02336	sva	p2_fam	p1		long	pres	তুমি প্রতিদিন বাড়ির সব কাজ শেষ করে বন্ধুদের সঙ্গে বাড়িতে আসো।	তুমি প্রতিদিন বাড়ির সব কাজ শেষ করে বন্ধুদের সঙ্গে বাড়িতে আসি।
sva_02337	sva	p2_fam	p2_int		long	pres	তুমি প্রতিদিন দীর্ঘ ক্লান্তিকর পথ চলার শেষে একা একা বাড়িতে আসো।	তুমি প্রতিদিন দীর্ঘ ক্লান্তিকর পথ চলার শেষে একা একা বাড়িতে আসিস।
sva_02338	sva	p2_fam	p1		long	pres	তুমি প্রতিদিন পরীক্ষার প্রস্তুতির ফাঁকে অল্প সময়ের জন্য বাড়িতে আসো।	তুমি প্রতিদিন পরীক্ষার প্রস্তুতির ফাঁকে অল্প সময়ের জন্য বাড়িতে আসি।
sva_02339	sva	p2_fam	p3_ord		long	pres	তুমি প্রায়ই সব রকমের ব্যস্ততার মধ্যেও খুব মন দিয়ে বাড়িতে আসো।	তুমি প্রায়ই সব রকমের ব্যস্ততার মধ্যেও খুব মন দিয়ে বাড়িতে আসে।
sva_02340	sva	p2_hon	p3_ord		none	pres	আপনি বাড়িতে আসেন।	আপনি বাড়িতে আসে।
sva_02341	sva	p2_hon	p3_ord		short	pres	আপনি প্রতিদিন বাড়িতে আসেন।	আপনি প্রতিদিন বাড়িতে আসে।
sva_02342	sva	p2_hon	p3_ord		medium	pres	আপনি সাধারণত বন্ধুদের সঙ্গে বাড়িতে আসেন।	আপনি সাধারণত বন্ধুদের সঙ্গে বাড়িতে আসে।
sva_02343	sva	p2_hon	p3_ord		medium	pres	আপনি সাধারণত খুব মন দিয়ে বাড়িতে আসেন।	আপনি সাধারণত খুব মন দিয়ে বাড়িতে আসে।
sva_02344	sva	p2_hon	p2_int		medium	pres	আপনি প্রায়ই একা একা বাড়িতে আসেন।	আপনি প্রায়ই একা একা বাড়িতে আসিস।
sva_02345	sva	p2_hon	p2_fam		medium	pres	আপনি সাধারণত বাড়ির কাজ শেষ করে বাড়িতে আসেন।	আপনি সাধারণত বাড়ির কাজ শেষ করে বাড়িতে আসো।
sva_02346	sva	p2_hon	p2_fam		long	pres	আপনি সাধারণত বাড়ির সব কাজ শেষ করে বন্ধুদের সঙ্গে বাড়িতে আসেন।	আপনি সাধারণত বাড়ির সব কাজ শেষ করে বন্ধুদের সঙ্গে বাড়িতে আসো।
sva_02347	sva	p2_hon	p2_int		long	pres	আপনি প্রতিদিন দীর্ঘ ক্লান্তিকর পথ চলার শেষে একা একা বাড়িতে আসেন।	আপনি প্রতিদিন দীর্ঘ ক্লান্তিকর পথ চলার শেষে একা একা বাড়িতে আসিস।
sva_02348	sva	p2_hon	p2_int		long	pres	আপনি প্রায়ই পরীক্ষার প্রস্তুতির ফাঁকে অল্প সময়ের জন্য বাড়িতে আসেন।	আপনি প্রায়ই পরীক্ষার প্রস্তুতির ফাঁকে অল্প সময়ের জন্য বাড়িতে আসিস।
sva_02349	sva	p2_hon	p1		long	pres	আপনি প্রতিদিন সব রকমের ব্যস্ততার মধ্যেও খুব মন দিয়ে বাড়িতে আসেন।	আপনি প্রতিদিন সব রকমের ব্যস্ততার মধ্যেও খুব মন দিয়ে বাড়িতে আসি।
sva_02350	sva	p3_ord	p3_hon		none	pres	সে বাড়িতে আসে।	সে বাড়িতে আসেন।
sva_02351	sva	p3_ord	p2_fam		short	pres	সে প্রতিদিন বাড়িতে আসে।	সে প্রতিদিন বাড়িতে আসো।
sva_02352	sva	p3_ord	p3_hon		medium	pres	সে প্রায়ই বন্ধুদের সঙ্গে বাড়িতে আসে।	সে প্রায়ই বন্ধুদের সঙ্গে বাড়িতে আসেন।
sva_02353	sva	p3_ord	p3_hon		medium	pres	সে প্রায়ই খুব মন দিয়ে বাড়িতে আসে।	সে প্রায়ই খুব মন দিয়ে বাড়িতে আসেন।
sva_02354	sva	p3_ord	p3_hon		medium	pres	সে প্রতিদিন একা একা বাড়িতে আসে।	সে প্রতিদিন একা একা বাড়িতে আসেন।
sva_02355	sva	p3_ord	p2_fam		medium	pres	সে প্রতিদিন বাড়ির কাজ শেষ করে বাড়িতে আসে।	সে প্রতিদিন বাড়ির কাজ শেষ করে বাড়িতে আসো।
sva_02356	sva	p3_ord	p2_int		long	pres	সে প্রায়ই বাড়ির সব কাজ শেষ করে বন্ধুদের সঙ্গে বাড়িতে আসে।	সে প্রায়ই বাড়ির সব কাজ শেষ করে বন্ধুদের সঙ্গে বাড়িতে আসিস।
sva_02357	sva	p3_ord	p3_hon		long	pres	সে প্রতিদিন দীর্ঘ ক্লান্তিকর পথ চলার শেষে একা একা বাড়িতে আসে।	সে প্রতিদিন দীর্ঘ ক্লান্তিকর পথ চলার শেষে একা একা বাড়িতে আসেন।
sva_02358	sva	p3_ord	p3_hon		long	pres	সে প্রতিদিন পরীক্ষার প্রস্তুতির ফাঁকে অল্প সময়ের জন্য বাড়িতে আসে।	সে প্রতিদিন পরীক্ষার প্রস্তুতির ফাঁকে অল্প সময়ের জন্য বাড়িতে আসেন।
sva_02359	sva	p3_ord	p1		long	pres	সে প্রতিদিন সব রকমের ব্যস্ততার মধ্যেও খুব মন দিয়ে বাড়িতে আসে।	সে প্রতিদিন সব রকমের ব্যস্ততার মধ্যেও খুব মন দিয়ে বাড়িতে আসি।
sva_02360	sva	p3_ord	p2_fam		none	pres	ছেলেটি বাড়িতে আসে।	ছেলেটি বাড়িতে আসো।
sva_02361	sva	p3_ord	p2_fam		short	pres	ছেলেটি সাধারণত বাড়িতে আসে।	ছেলেটি সাধারণত বাড়িতে আসো।
sva_02362	sva	p3_ord	p2_fam		medium	pres	ছেলেটি প্রায়ই বন্ধুদের সঙ্গে বাড়িতে আসে।	ছেলেটি প্রায়ই বন্ধুদের সঙ্গে বাড়িতে আসো।
sva_02363	sva	p3_ord	p3_hon		medium	pres	ছেলেটি প্রায়ই খুব মন দিয়ে বাড়িতে আসে।	ছেলেটি প্রায়ই খুব মন দিয়ে বাড়িতে আসেন।
sva_02364	sva	p3_ord	p2_int		medium	pres	ছেলেটি সাধারণত একা একা বাড়িতে আসে।	ছেলেটি সাধারণত একা একা বাড়িতে আসিস।
sva_02365	sva	p3_ord	p2_fam		medium	pres	ছেলেটি প্রতিদিন বাড়ির কাজ শেষ করে বাড়িতে আসে।	ছেলেটি প্রতিদিন বাড়ির কাজ শেষ করে বাড়িতে আসো।
sva_02366	sva	p3_ord	p1		long	pres	ছেলেটি সাধারণত বাড়ির সব কাজ শেষ করে বন্ধুদের সঙ্গে বাড়িতে আসে।	ছেলেটি সাধারণত বাড়ির সব কাজ শেষ করে বন্ধুদের সঙ্গে বাড়িতে আসি।
sva_02367	sva	p3_ord	p1		long	pres	ছেলেটি প্রায়ই দীর্ঘ ক্লান্তিকর পথ চলার শেষে একা একা বাড়িতে আসে।	ছেলেটি প্রায়ই দীর্ঘ ক্লান্তিকর পথ চলার শেষে একা একা বাড়িতে আসি।
sva_02368	sva	p3_ord	p2_fam		long	pres	ছেলেটি প্রতিদিন পরীক্ষার প্রস্তুতির ফাঁকে অল্প সময়ের জন্য বাড়িতে আসে।	ছেলেটি প্রতিদিন পরীক্ষার প্রস্তুতির ফাঁকে অল্প সময়ের জন্য বাড়িতে আসো।
sva_02369	sva	p3_ord	p3_hon		long	pres	ছেলেটি প্রতিদিন সব রকমের ব্যস্ততার মধ্যেও খুব মন দিয়ে বাড়িতে আসে।	ছেলেটি প্রতিদিন সব রকমের ব্যস্ততার মধ্যেও খুব মন দিয়ে বাড়িতে আসেন।
sva_02370	sva	p3_ord	p2_fam		none	pres	মেয়েটি বাড়িতে আসে।	মেয়েটি বাড়িতে আসো।
sva_02371	sva	p3_ord	p1		short	pres	মেয়েটি সাধারণত বাড়িতে আসে।	মেয়েটি সাধারণত বাড়িতে আসি।
sva_02372	sva	p3_ord	p2_int		medium	pres	মেয়েটি প্রায়ই বন্ধুদের সঙ্গে বাড়িতে আসে।	মেয়েটি প্রায়ই বন্ধুদের সঙ্গে বাড়িতে আসিস।
sva_02373	sva	p3_ord	p3_hon		medium	pres	মেয়েটি সাধারণত খুব মন দিয়ে বাড়িতে আসে।	মেয়েটি সাধারণত খুব মন দিয়ে বাড়িতে আসেন।
sva_02374	sva	p3_ord	p3_hon		medium	pres	মেয়েটি সাধারণত একা একা বাড়িতে আসে।	মেয়েটি সাধারণত একা একা বাড়িতে আসেন।
sva_02375	sva	p3_ord	p3_hon		medium	pres	মেয়েটি সাধারণত বাড়ির কাজ শেষ করে বাড়িতে আসে।	মেয়েটি সাধারণত বাড়ির কাজ শেষ করে বাড়িতে আসেন।
sva_02376	sva	p3_ord	p1		long	pres	মেয়েটি প্রায়ই বাড়ির সব কাজ শেষ করে বন্ধুদের সঙ্গে বাড়িতে আসে।	মেয়েটি প্রায়ই বাড়ির সব কাজ শেষ করে বন্ধুদের সঙ্গে বাড়িতে আসি।
sva_02377	sva	p3_ord	p2_hon		long	pres	মেয়েটি প্রায়ই দীর্ঘ ক্লান্তিকর পথ চলার শেষে একা একা বাড়িতে আসে।	মেয়েটি প্রায়ই দীর্ঘ ক্লান্তিকর পথ চলার শেষে একা একা বাড়িতে আসেন।
sva_02378	sva	p3_ord	p3_hon		long	pres	মেয়েটি সাধারণত পরীক্ষার প্রস্তুতির ফাঁকে অল্প সময়ের জন্য বাড়িতে আসে।	মেয়েটি সাধারণত পরীক্ষার প্রস্তুতির ফাঁকে অল্প সময়ের জন্য বাড়িতে আসেন।
sva_02379	sva	p3_ord	p1		long	pres	মেয়েটি সাধারণত সব রকমের ব্যস্ততার মধ্যেও খুব মন দিয়ে বাড়িতে আসে।	মেয়েটি সাধারণত সব রকমের ব্যস্ততার মধ্যেও খুব মন দিয়ে বাড়িতে আসি।
sva_02380	sva	p3_ord	p2_fam		none	pres	আমার বন্ধু বাড়িতে আসে।	আমার বন্ধু বাড়িতে আসো।
sva_02381	sva	p3_ord	p2_fam		short	pres	আমার বন্ধু প্রতিদিন বাড়িতে আসে।	আমার বন্ধু প্রতিদিন বাড়িতে আসো।
sva_02382	sva	p3_ord	p3_hon		medium	pres	আমার বন্ধু প্রায়ই বন্ধুদের সঙ্গে বাড়িতে আসে।	আমার বন্ধু প্রায়ই বন্ধুদের সঙ্গে বাড়িতে আসেন।
sva_02383	sva	p3_ord	p2_fam		medium	pres	আমার বন্ধু প্রায়ই খুব মন দিয়ে বাড়িতে আসে।	আমার বন্ধু প্রায়ই খুব মন দিয়ে বাড়িতে আসো।
sva_02384	sva	p3_ord	p2_fam		medium	pres	আমার বন্ধু সাধারণত একা একা বাড়িতে আসে।	আমার বন্ধু সাধারণত একা একা বাড়িতে আসো।
sva_02385	sva	p3_ord	p3_hon		medium	pres	আমার বন্ধু প্রতিদিন বাড়ির কাজ শেষ করে বাড়িতে আসে।	আমার বন্ধু প্রতিদিন বাড়ির কাজ শেষ করে বাড়িতে আসেন।
sva_02386	sva	p3_ord	p3_hon		long	pres	আমার বন্ধু প্রায়ই বাড়ির সব কাজ শেষ করে বন্ধুদের সঙ্গে বাড়িতে আসে।	আমার বন্ধু প্রায়ই বাড়ির সব কাজ শেষ করে বন্ধুদের সঙ্গে বাড়িতে আসেন।
sva_02387	sva	p3_ord	p2_hon		long	pres	আমার বন্ধু সাধারণত দীর্ঘ ক্লান্তিকর পথ চলার শেষে একা একা বাড়িতে আসে।	আমার বন্ধু সাধারণত দীর্ঘ ক্লান্তিকর পথ চলার শেষে একা একা বাড়িতে আসেন।
sva_02388	sva	p3_ord	p3_hon		long	pres	আমার বন্ধু সাধারণত পরীক্ষার প্রস্তুতির ফাঁকে অল্প সময়ের জন্য বাড়িতে আসে।	আমার বন্ধু সাধারণত পরীক্ষার প্রস্তুতির ফাঁকে অল্প সময়ের জন্য বাড়িতে আসেন।
sva_02389	sva	p3_ord	p2_fam		long	pres	আমার বন্ধু সাধারণত সব রকমের ব্যস্ততার মধ্যেও খুব মন দিয়ে বাড়িতে আসে।	আমার বন্ধু সাধারণত সব রকমের ব্যস্ততার মধ্যেও খুব মন দিয়ে বাড়িতে আসো।
sva_02390	sva	p3_ord	p2_fam		none	pres	রহিম বাড়িতে আসে।	রহিম বাড়িতে আসো।
sva_02391	sva	p3_ord	p2_hon		short	pres	রহিম প্রায়ই বাড়িতে আসে।	রহিম প্রায়ই বাড়িতে আসেন।
sva_02392	sva	p3_ord	p2_fam		medium	pres	রহিম প্রতিদিন বন্ধুদের সঙ্গে বাড়িতে আসে।	রহিম প্রতিদিন বন্ধুদের সঙ্গে বাড়িতে আসো।
sva_02393	sva	p3_ord	p1		medium	pres	রহিম প্রায়ই খুব মন দিয়ে বাড়িতে আসে।	রহিম প্রায়ই খুব মন দিয়ে বাড়িতে আসি।
sva_02394	sva	p3_ord	p2_fam		medium	pres	রহিম প্রতিদিন একা একা বাড়িতে আসে।	রহিম প্রতিদিন একা একা বাড়িতে আসো।
sva_02395	sva	p3_ord	p1		medium	pres	রহিম সাধারণত বাড়ির কাজ শেষ করে বাড়িতে আসে।	রহিম সাধারণত বাড়ির কাজ শেষ করে বাড়িতে আসি।
sva_02396	sva	p3_ord	p1		long	pres	রহিম প্রায়ই বাড়ির সব কাজ শেষ করে বন্ধুদের সঙ্গে বাড়িতে আসে।	রহিম প্রায়ই বাড়ির সব কাজ শেষ করে বন্ধুদের সঙ্গে বাড়িতে আসি।
sva_02397	sva	p3_ord	p2_int		long	pres	রহিম প্রতিদিন দীর্ঘ ক্লান্তিকর পথ চলার শেষে একা একা বাড়িতে আসে।	রহিম প্রতিদিন দীর্ঘ ক্লান্তিকর পথ চলার শেষে একা একা বাড়িতে আসিস।
sva_02398	sva	p3_ord	p1		long	pres	রহিম প্রতিদিন পরীক্ষার প্রস্তুতির ফাঁকে অল্প সময়ের জন্য বাড়িতে আসে।	রহিম প্রতিদিন পরীক্ষার প্রস্তুতির ফাঁকে অল্প সময়ের জন্য বাড়িতে আসি।
sva_02399	sva	p3_ord	p2_hon		long	pres	রহিম প্রতিদিন সব রকমের ব্যস্ততার মধ্যেও খুব মন দিয়ে বাড়িতে আসে।	রহিম প্রতিদিন সব রকমের ব্যস্ততার মধ্যেও খুব মন দিয়ে বাড়িতে আসেন।
sva_02400	sva	p3_hon	p1		none	pres	তিনি বাড়িতে আসেন।	তিনি বাড়িতে আসি।
sva_02401	sva	p3_hon	p1		short	pres	তিনি প্রতিদিন বাড়িতে আসেন।	তিনি প্রতিদিন বাড়িতে আসি।
sva_02402	sva	p3_hon	p1		medium	pres	তিনি সাধারণত বন্ধুদের সঙ্গে বাড়িতে আসেন।	তিনি সাধারণত বন্ধুদের সঙ্গে বাড়িতে আসি।
sva_02403	sva	p3_hon	p2_fam		medium	pres	তিনি প্রতিদিন খুব মন দিয়ে বাড়িতে আসেন।	তিনি প্রতিদিন খুব মন দিয়ে বাড়িতে আসো।
sva_02404	sva	p3_hon	p2_int		medium	pres	তিনি প্রায়ই একা একা বাড়িতে আসেন।	তিনি প্রায়ই একা একা বাড়িতে আসিস।
sva_02405	sva	p3_hon	p2_fam		medium	pres	তিনি প্রতিদিন বাড়ির কাজ শেষ করে বাড়িতে আসেন।	তিনি প্রতিদিন বাড়ির কাজ শেষ করে বাড়িতে আসো।
sva_02406	sva	p3_hon	p3_ord		long	pres	তিনি প্রায়ই বাড়ির সব কাজ শেষ করে বন্ধুদের সঙ্গে বাড়িতে আসেন।	তিনি প্রায়ই বাড়ির সব কাজ শেষ করে বন্ধুদের সঙ্গে বাড়িতে আসে।
sva_02407	sva	p3_hon	p2_int		long	pres	তিনি সাধারণত দীর্ঘ ক্লান্তিকর পথ চলার শেষে একা একা বাড়িতে আসেন।	তিনি সাধারণত দীর্ঘ ক্লান্তিকর পথ চলার শেষে একা একা বাড়িতে আসিস।
sva_02408	sva	p3_hon	p1		long	pres	তিনি প্রতিদিন পরীক্ষার প্রস্তুতির ফাঁকে অল্প সময়ের জন্য বাড়িতে আসেন।	তিনি প্রতিদিন পরীক্ষার প্রস্তুতির ফাঁকে অল্প সময়ের জন্য বাড়িতে আসি।
sva_02409	sva	p3_hon	p2_fam		long	pres	তিনি প্রায়ই সব রকমের ব্যস্ততার মধ্যেও খুব মন দিয়ে বাড়িতে আসেন।	তিনি প্রায়ই সব রকমের ব্যস্ততার মধ্যেও খুব মন দিয়ে বাড়িতে আসো।
sva_02410	sva	p3_hon	p2_int		none	pres	উনি বাড়িতে আসেন।	উনি বাড়িতে আসিস।
sva_02411	sva	p3_hon	p3_ord		short	pres	উনি প্রতিদিন বাড়িতে আসেন।	উনি প্রতিদিন বাড়িতে আসে।
sva_02412	sva	p3_hon	p1		medium	pres	উনি সাধারণত বন্ধুদের সঙ্গে বাড়িতে আসেন।	উনি সাধারণত বন্ধুদের সঙ্গে বাড়িতে আসি।
sva_02413	sva	p3_hon	p2_fam		medium	pres	উনি প্রায়ই খুব মন দিয়ে বাড়িতে আসেন।	উনি প্রায়ই খুব মন দিয়ে বাড়িতে আসো।
sva_02414	sva	p3_hon	p3_ord		medium	pres	উনি প্রতিদিন একা একা বাড়িতে আসেন।	উনি প্রতিদিন একা একা বাড়িতে আসে।
sva_02415	sva	p3_hon	p1		medium	pres	উনি সাধারণত বাড়ির কাজ শেষ করে বাড়িতে আসেন।	উনি সাধারণত বাড়ির কাজ শেষ করে বাড়িতে আসি।
sva_02416	sva	p3_hon	p2_int		long	pres	উনি সাধারণত বাড়ির সব কাজ শেষ করে বন্ধুদের সঙ্গে বাড়িতে আসেন।	উনি সাধারণত বাড়ির সব কাজ শেষ করে বন্ধুদের সঙ্গে বাড়িতে আসিস।
sva_02417	sva	p3_hon	p3_ord		long	pres	উনি প্রায়ই দীর্ঘ ক্লান্তিকর পথ চলার শেষে একা একা বাড়িতে আসেন।	উনি প্রায়ই দীর্ঘ ক্লান্তিকর পথ চলার শেষে একা একা বাড়িতে আসে।
sva_02418	sva	p3_hon	p3_ord		long	pres	উনি সাধারণত পরীক্ষার প্রস্তুতির ফাঁকে অল্প সময়ের জন্য বাড়িতে আসেন।	উনি সাধারণত পরীক্ষার প্রস্তুতির ফাঁকে অল্প সময়ের জন্য বাড়িতে আসে।
sva_02419	sva	p3_hon	p3_ord		long	pres	উনি সাধারণত সব রকমের ব্যস্ততার মধ্যেও খুব মন দিয়ে বাড়িতে আসেন।	উনি সাধারণত সব রকমের ব্যস্ততার মধ্যেও খুব মন দিয়ে বাড়িতে আসে।
sva_02420	sva	p1	p3_hon		none	past	আমি বাড়িতে আসলাম।	আমি বাড়িতে আসলেন।
sva_02421	sva	p1	p2_hon		short	past	আমি গতকাল বাড়িতে আসলাম।	আমি গতকাল বাড়িতে আসলেন।
sva_02422	sva	p1	p3_hon		medium	past	আমি গতকাল বন্ধুদের সঙ্গে বাড়িতে আসলাম।	আমি গতকাল বন্ধুদের সঙ্গে বাড়িতে আসলেন।
sva_02423	sva	p1	p2_hon		medium	past	আমি গতকাল খুব মন দিয়ে বাড়িতে আসলাম।	আমি গতকাল খুব মন দিয়ে বাড়িতে আসলেন।
sva_02424	sva	p1	p3_ord		medium	past	আমি কাল সন্ধ্যায় একা একা বাড়িতে আসলাম।	আমি কাল সন্ধ্যায় একা একা বাড়িতে আসলো।
sva_02425	sva	p1	p3_hon		medium	past	আমি কাল সন্ধ্যায় বাড়ির কাজ শেষ করে বাড়িতে আসলাম।	আমি কাল সন্ধ্যায় বাড়ির কাজ শেষ করে বাড়িতে আসলেন।
sva_02426	sva	p1	p2_int		long	past	আমি গত সপ্তাহে বাড়ির সব কাজ শেষ করে বন্ধুদের সঙ্গে বাড়িতে আসলাম।	আমি গত সপ্তাহে বাড়ির সব কাজ শেষ করে বন্ধুদের সঙ্গে বাড়িতে আসলি।
sva_02427	sva	p1	p3_hon		long	past	আমি কাল সন্ধ্যায় দীর্ঘ ক্লান্তিকর পথ চলার শেষে একা একা বাড়িতে আসলাম।	আমি কাল সন্ধ্যায় দীর্ঘ ক্লান্তিকর পথ চলার শেষে একা একা বাড়িতে আসলেন।
sva_02428	sva	p1	p3_hon		long	past	আমি কাল সন্ধ্যায় পরীক্ষার প্রস্তুতির ফাঁকে অল্প সময়ের জন্য বাড়িতে আসলাম।	আমি কাল সন্ধ্যায় পরীক্ষার প্রস্তুতির ফাঁকে অল্প সময়ের জন্য বাড়িতে আসলেন।
sva_02429	sva	p1	p2_int		long	past	আমি কাল সন্ধ্যায় সব রকমের ব্যস্ততার মধ্যেও খুব মন দিয়ে বাড়িতে আসলাম।	আমি কাল সন্ধ্যায় সব রকমের ব্যস্ততার মধ্যেও খুব মন দিয়ে বাড়িতে আসলি।
sva_02430	sva	p2_int	p1		none	past	তুই বাড়িতে আসলি।	তুই বাড়িতে আসলাম।
sva_02431	sva	p2_int	p3_ord		short	past	তুই গতকাল বাড়িতে আসলি।	তুই গতকাল বাড়িতে আসলো।
sva_02432	sva	p2_int	p3_ord		medium	past	তুই গত সপ্তাহে বন্ধুদের সঙ্গে বাড়িতে আসলি।	তুই গত সপ্তাহে বন্ধুদের সঙ্গে বাড়িতে আসলো।
sva_02433	sva	p2_int	p2_fam		medium	past	তুই গত সপ্তাহে খুব মন দিয়ে বাড়িতে আসলি।	তুই গত সপ্তাহে খুব মন দিয়ে বাড়িতে আসলে।
sva_02434	sva	p2_int	p1		medium	past	তুই গতকাল একা একা বাড়িতে আসলি।	তুই গতকাল একা একা বাড়িতে আসলাম।
sva_02435	sva	p2_int	p3_ord		medium	past	তুই গতকাল বাড়ির কাজ শেষ করে বাড়িতে আসলি।	তুই গতকাল বাড়ির কাজ শেষ করে বাড়িতে আসলো।
sva_02436	sva	p2_int	p3_hon		long	past	তুই কাল সন্ধ্যায় বাড়ির সব কাজ শেষ করে বন্ধুদের সঙ্গে বাড়িতে আসলি।	তুই কাল সন্ধ্যায় বাড়ির সব কাজ শেষ করে বন্ধুদের সঙ্গে বাড়িতে আসলেন।
sva_02437	sva	p2_int	p3_hon		long	past	তুই কাল সন্ধ্যায় দীর্ঘ ক্লান্তিকর পথ চলার শেষে একা একা বাড়িতে আসলি।	তুই কাল সন্ধ্যায় দীর্ঘ ক্লান্তিকর পথ চলার শেষে একা একা বাড়িতে আসলেন।
sva_02438	sva	p2_int	p3_hon		long	past	তুই গত সপ্তাহে পরীক্ষার প্রস্তুতির ফাঁকে অল্প সময়ের জন্য বাড়িতে আসলি।	তুই গত সপ্তাহে পরীক্ষার প্রস্তুতির ফাঁকে অল্প সময়ের জন্য বাড়িতে আসলেন।
sva_02439	sva	p2_int	p2_hon		long	past	তুই গত সপ্তাহে সব রকমের ব্যস্ততার মধ্যেও খুব মন দিয়ে বাড়িতে আসলি।	তুই গত সপ্তাহে সব রকমের ব্যস্ততার মধ্যেও খুব মন দিয়ে বাড়িতে আসলেন।
sva_02440	sva	p2_fam	p3_ord		none	past	তুমি বাড়িতে আসলে।	তুমি বাড়িতে আসলো।
sva_02441	sva	p2_fam	p3_ord		short	past	তুমি গত সপ্তাহে বাড়িতে আসলে।	তুমি গত সপ্তাহে বাড়িতে আসলো।
sva_02442	sva	p2_fam	p2_int		medium	past	তুমি গতকাল বন্ধুদের সঙ্গে বাড়িতে আসলে।	তুমি গতকাল বন্ধুদের সঙ্গে বাড়িতে আসলি।
sva_02443	sva	p2_fam	p1		medium	past	তুমি কাল সন্ধ্যায় খুব মন দিয়ে বাড়িতে আসলে।	তুমি কাল সন্ধ্যায় খুব মন দিয়ে বাড়িতে আসলাম।
sva_02444	sva	p2_fam	p1		medium	past	তুমি গত সপ্তাহে একা একা বাড়িতে আসলে।	তুমি গত সপ্তাহে একা একা বাড়িতে আসলাম।
sva_02445	sva	p2_fam	p3_ord		medium	past	তুমি কাল সন্ধ্যায় বাড়ির কাজ শেষ করে বাড়িতে আসলে।	তুমি কাল সন্ধ্যায় বাড়ির কাজ শেষ করে বাড়িতে আসলো।
sva_02446	sva	p2_fam	p1		long	past	তুমি গত সপ্তাহে বাড়ির সব কাজ শেষ করে বন্ধুদের সঙ্গে বাড়িতে আসলে।	তুমি গত সপ্তাহে বাড়ির সব কাজ শেষ করে বন্ধুদের সঙ্গে বাড়িতে আসলাম।
sva_02447	sva	p2_fam	p3_ord		long	past	তুমি গতকাল দীর্ঘ ক্লান্তিকর পথ চলার শেষে একা একা বাড়িতে আসলে।	তুমি গতকাল দীর্ঘ ক্লান্তিকর পথ চলার শেষে একা একা বাড়িতে আসলো।
sva_02448	sva	p2_fam	p1		long	past	তুমি গতকাল পরীক্ষার প্রস্তুতির ফাঁকে অল্প সময়ের জন্য বাড়িতে আসলে।	তুমি গতকাল পরীক্ষার প্রস্তুতির ফাঁকে অল্প সময়ের জন্য বাড়িতে আসলাম।
sva_02449	sva	p2_fam	p1		long	past	তুমি গত সপ্তাহে সব রকমের ব্যস্ততার মধ্যেও খুব মন দিয়ে বাড়িতে আসলে।	তুমি গত সপ্তাহে সব রকমের ব্যস্ততার মধ্যেও খুব মন দিয়ে বাড়িতে আসলাম।
sva_02450	sva	p2_hon	p1		none	past	আপনি বাড়িতে আসলেন।	আপনি বাড়িতে আসলাম।
sva_02451	sva	p2_hon	p2_int		short	past	আপনি কাল সন্ধ্যায় বাড়িতে আসলেন।	আপনি কাল সন্ধ্যায় বাড়িতে আসলি।
sva_02452	sva	p2_hon	p3_ord		medium	past	আপনি কাল সন্ধ্যায় বন্ধুদের সঙ্গে বাড়িতে আসলেন।	আপনি কাল সন্ধ্যায় বন্ধুদের সঙ্গে বাড়িতে আসলো।
sva_02453	sva	p2_hon	p1		medium	past	আপনি গতকাল খুব মন দিয়ে বাড়িতে আসলেন।	আপনি গতকাল খুব মন দিয়ে বাড়িতে আসলাম।
sva_02454	sva	p2_hon	p3_ord		medium	past	আপনি গত সপ্তাহে একা একা বাড়িতে আসলেন।	আপনি গত সপ্তাহে একা একা বাড়িতে আসলো।
sva_02455	sva	p2_hon	p3_ord		medium	past	আপনি কাল সন্ধ্যায় বাড়ির কাজ শেষ করে বাড়িতে আসলেন।	আপনি কাল সন্ধ্যায় বাড়ির কাজ শেষ করে বাড়িতে আসলো।
sva_02456	sva	p2_hon	p2_fam		long	past	আপনি কাল সন্ধ্যায় বাড়ির সব কাজ শেষ করে বন্ধুদের সঙ্গে বাড়িতে আসলেন।	আপনি কাল সন্ধ্যায় বাড়ির সব কাজ শেষ করে বন্ধুদের সঙ্গে বাড়িতে আসলে।
sva_02457	sva	p2_hon	p1		long	past	আপনি কাল সন্ধ্যায় দীর্ঘ ক্লান্তিকর পথ চলার শেষে একা একা বাড়িতে আসলেন।	আপনি কাল সন্ধ্যায় দীর্ঘ ক্লান্তিকর পথ চলার শেষে একা একা বাড়িতে আসলাম।
sva_02458	sva	p2_hon	p1		long	past	আপনি গতকাল পরীক্ষার প্রস্তুতির ফাঁকে অল্প সময়ের জন্য বাড়িতে আসলেন।	আপনি গতকাল পরীক্ষার প্রস্তুতির ফাঁকে অল্প সময়ের জন্য বাড়িতে আসলাম।
sva_02459	sva	p2_hon	p2_int		long	past	আপনি কাল সন্ধ্যায় সব রকমের ব্যস্ততার মধ্যেও খুব মন দিয়ে বাড়িতে আসলেন।	আপনি কাল সন্ধ্যায় সব রকমের ব্যস্ততার মধ্যেও খুব মন দিয়ে বাড়িতে আসলি।
sva_02460	sva	p3_ord	p2_hon		none	past	সে বাড়িতে আসলো।	সে বাড়িতে আসলেন।
sva_02461	sva	p3_ord	p1		short	past	সে গত সপ্তাহে বাড়িতে আসলো।	সে গত সপ্তাহে বাড়িতে আসলাম।
sva_02462	sva	p3_ord	p3_hon		medium	past	সে কাল সন্ধ্যায় বন্ধুদের সঙ্গে বাড়িতে আসলো।	সে কাল সন্ধ্যায় বন্ধুদের সঙ্গে বাড়িতে আসলেন।
sva_02463	sva	p3_ord	p2_hon		medium	past	সে কাল সন্ধ্যায় খুব মন দিয়ে বাড়িতে আসলো।	সে কাল সন্ধ্যায় খুব মন দিয়ে বাড়িতে আসলেন।
sva_02464	sva	p3_ord	p1		medium	past	সে গতকাল একা একা বাড়িতে আসলো।	সে গতকাল একা একা বাড়িতে আসলাম।
sva_02465	sva	p3_ord	p2_int		medium	past	সে কাল সন্ধ্যায় বাড়ির কাজ শেষ করে বাড়িতে আসলো।	সে কাল সন্ধ্যায় বাড়ির কাজ শেষ করে বাড়িতে আসলি।
sva_02466	sva	p3_ord	p2_hon		long	past	সে গতকাল বাড়ির সব কাজ শেষ করে বন্ধুদের সঙ্গে বাড়িতে আসলো।	সে গতকাল বাড়ির সব কাজ শেষ করে বন্ধুদের সঙ্গে বাড়িতে আসলেন।
sva_02467	sva	p3_ord	p2_hon		long	past	সে গত সপ্তাহে দীর্ঘ ক্লান্তিকর পথ চলার শেষে একা একা বাড়িতে আসলো।	সে গত সপ্তাহে দীর্ঘ ক্লান্তিকর পথ চলার শেষে একা একা বাড়িতে আসলেন।
sva_02468	sva	p3_ord	p1		long	past	সে গতকাল পরীক্ষার প্রস্তুতির ফাঁকে অল্প সময়ের জন্য বাড়িতে আসলো।	সে গতকাল পরীক্ষার প্রস্তুতির ফাঁকে অল্প সময়ের জন্য বাড়িতে আসলাম।
sva_02469	sva	p3_ord	p2_hon		long	past	সে গত সপ্তাহে সব রকমের ব্যস্ততার মধ্যেও খুব মন দিয়ে বাড়িতে আসলো।	সে গত সপ্তাহে সব রকমের ব্যস্ততার মধ্যেও খুব মন দিয়ে বাড়িতে আসলেন।
sva_02470	sva	p3_ord	p2_fam		none	past	ছেলেটি বাড়িতে আসলো।	ছেলেটি বাড়িতে আসলে।
sva_02471	sva	p3_ord	p1		short	past	ছেলেটি কাল সন্ধ্যায় বাড়িতে আসলো।	ছেলেটি কাল সন্ধ্যায় বাড়িতে আসলাম।
sva_02472	sva	p3_ord	p3_hon		medium	past	ছেলেটি গত সপ্তাহে বন্ধুদের সঙ্গে বাড়িতে আসলো।	ছেলেটি গত সপ্তাহে বন্ধুদের সঙ্গে বাড়িতে আসলেন।
sva_02473	sva	p3_ord	p1		medium	past	ছেলেটি গত সপ্তাহে খুব মন দিয়ে বাড়িতে আসলো।	ছেলেটি গত সপ্তাহে খুব মন দিয়ে বাড়িতে আসলাম।
sva_02474	sva	p3_ord	p2_int		medium	past	ছেলেটি গতকাল একা একা বাড়িতে আসলো।	ছেলেটি গতকাল একা একা বাড়িতে আসলি।
sva_02475	sva	p3_ord	p2_int		medium	past	ছেলেটি কাল সন্ধ্যায় বাড়ির কাজ শেষ করে বাড়িতে আসলো।	ছেলেটি কাল সন্ধ্যায় বাড়ির কাজ শেষ করে বাড়িতে আসলি।
sva_02476	sva	p3_ord	p3_hon		long	past	ছেলেটি গতকাল বাড়ির সব কাজ শেষ করে বন্ধুদের সঙ্গে বাড়িতে আসলো।	ছেলেটি গতকাল বাড়ির সব কাজ শেষ করে বন্ধুদের সঙ্গে বাড়িতে আসলেন।
sva_02477	sva	p3_ord	p2_fam		long	past	ছেলেটি গত সপ্তাহে দীর্ঘ ক্লান্তিকর পথ চলার শেষে একা একা বাড়িতে আসলো।	ছেলেটি গত সপ্তাহে দীর্ঘ ক্লান্তিকর পথ চলার শেষে একা একা বাড়িতে আসলে।
sva_02478	sva	p3_ord	p1		long	past	ছেলেটি গতকাল পরীক্ষার প্রস্তুতির ফাঁকে অল্প সময়ের জন্য বাড়িতে আসলো।	ছেলেটি গতকাল পরীক্ষার প্রস্তুতির ফাঁকে অল্প সময়ের জন্য বাড়িতে আসলাম।
sva_02479	sva	p3_ord	p3_hon		long	past	ছেলেটি গতকাল সব রকমের ব্যস্ততার মধ্যেও খুব মন দিয়ে বাড়িতে আসলো।	ছেলেটি গতকাল সব রকমের ব্যস্ততার মধ্যেও খুব মন দিয়ে বাড়িতে আসলেন।
sva_02480	sva	p3_ord	p2_hon		none	past	মেয়েটি বাড়িতে আসলো।	মেয়েটি বাড়িতে আসলেন।
sva_02481	sva	p3_ord	p3_hon		short	past	মেয়েটি কাল সন্ধ্যায় বাড়িতে আসলো।	মেয়েটি কাল সন্ধ্যায় বাড়িতে আসলেন।
sva_02482	sva	p3_ord	p3_hon		medium	past	মেয়েটি কাল সন্ধ্যায় বন্ধুদের সঙ্গে বাড়িতে আসলো।	মেয়েটি কাল সন্ধ্যায় বন্ধুদের সঙ্গে বাড়িতে আসলেন।
sva_02483	sva	p3_ord	p1		medium	past	মেয়েটি গত সপ্তাহে খুব মন দিয়ে বাড়িতে আসলো।	মেয়েটি গত সপ্তাহে খুব মন দিয়ে বাড়িতে আসলাম।
sva_02484	sva	p3_ord	p2_fam		medium	past	মেয়েটি গত সপ্তাহে একা একা বাড়িতে আসলো।	মেয়েটি গত সপ্তাহে একা একা বাড়িতে আসলে।
sva_02485	sva	p3_ord	p2_hon		medium	past	মেয়েটি গতকাল বাড়ির কাজ শেষ করে বাড়িতে আসলো।	মেয়েটি গতকাল বাড়ির কাজ শেষ করে বাড়িতে আসলেন।
sva_02486	sva	p3_ord	p1		long	past	মেয়েটি কাল সন্ধ্যায় বাড়ির সব কাজ শেষ করে বন্ধুদের সঙ্গে বাড়িতে আসলো।	মেয়েটি কাল সন্ধ্যায় বাড়ির সব কাজ শেষ করে বন্ধুদের সঙ্গে বাড়িতে আসলাম।
sva_02487	sva	p3_ord	p2_fam		long	past	মেয়েটি গত সপ্তাহে দীর্ঘ ক্লান্তিকর পথ চলার শেষে একা একা বাড়িতে আসলো।	মেয়েটি গত সপ্তাহে দীর্ঘ ক্লান্তিকর পথ চলার শেষে একা একা বাড়িতে আসলে।
sva_02488	sva	p3_ord	p2_int		long	past	মেয়েটি গত সপ্তাহে পরীক্ষার প্রস্তুতির ফাঁকে অল্প সময়ের জন্য বাড়িতে আসলো।	মেয়েটি গত সপ্তাহে পরীক্ষার প্রস্তুতির ফাঁকে অল্প সময়ের জন্য বাড়িতে আসলি।
sva_02489	sva	p3_ord	p2_int		long	past	মেয়েটি গত সপ্তাহে সব রকমের ব্যস্ততার মধ্যেও খুব মন দিয়ে বাড়িতে আসলো।	মেয়েটি গত সপ্তাহে সব রকমের ব্যস্ততার মধ্যেও খুব মন দিয়ে বাড়িতে আসলি।
sva_02490	sva	p3_ord	p2_fam		none	past	আমার বন্ধু বাড়িতে আসলো।	আমার বন্ধু বাড়িতে আসলে।
sva_02491	sva	p3_ord	p3_hon		short	past	আমার বন্ধু গতকাল বাড়িতে আসলো।	আমার বন্ধু গতকাল বাড়িতে আসলেন।
sva_02492	sva	p3_ord	p2_int		medium	past	আমার বন্ধু কাল সন্ধ্যায় বন্ধুদের সঙ্গে বাড়িতে আসলো।	আমার বন্ধু কাল সন্ধ্যায় বন্ধুদের সঙ্গে বাড়িতে আসলি।
sva_02493	sva	p3_ord	p3_hon		medium	past	আমার বন্ধু গতকাল খুব মন দিয়ে বাড়িতে আসলো।	আমার বন্ধু গতকাল খুব মন দিয়ে বাড়িতে আসলেন।
sva_02494	sva	p3_ord	p2_fam		medium	past	আমার বন্ধু গত সপ্তাহে একা একা বাড়িতে আসলো।	আমার বন্ধু গত সপ্তাহে একা একা বাড়িতে আসলে।
sva_02495	sva	p3_ord	p2_int		medium	past	আমার বন্ধু গতকাল বাড়ির কাজ শেষ করে বাড়িতে আসলো।	আমার বন্ধু গতকাল বাড়ির কাজ শেষ করে বাড়িতে আসলি।
sva_02496	sva	p3_ord	p2_int		long	past	আমার বন্ধু কাল সন্ধ্যায় বাড়ির সব কাজ শেষ করে বন্ধুদের সঙ্গে বাড়িতে আসলো।	আমার বন্ধু কাল সন্ধ্যায় বাড়ির সব কাজ শেষ করে বন্ধুদের সঙ্গে বাড়িতে আসলি।
sva_02497	sva	p3_ord	p1		long	past	আমার বন্ধু গতকাল দীর্ঘ ক্লান্তিকর পথ চলার শেষে একা একা বাড়িতে আসলো।	আমার বন্ধু গতকাল দীর্ঘ ক্লান্তিকর পথ চলার শেষে একা একা বাড়িতে আসলাম।
sva_02498	sva	p3_ord	p2_int		long	past	আমার বন্ধু গত সপ্তাহে পরীক্ষার প্রস্তুতির ফাঁকে অল্প সময়ের জন্য বাড়িতে আসলো।	আমার বন্ধু গত সপ্তাহে পরীক্ষার প্রস্তুতির ফাঁকে অল্প সময়ের জন্য বাড়িতে আসলি।
sva_02499	sva	p3_ord	p3_hon		long	past	আমার বন্ধু গতকাল সব রকমের ব্যস্ততার মধ্যেও খুব মন দিয়ে বাড়িতে আসলো।	আমার বন্ধু গতকাল সব রকমের ব্যস্ততার মধ্যেও খুব মন দিয়ে বাড়িতে আসলেন।
sva_02500	sva	p3_ord	p3_hon		none	past	রহিম বাড়িতে আসলো।	রহিম বাড়িতে আসলেন।
sva_02501	sva	p3_ord	p2_fam		short	past	রহিম গত সপ্তাহে বাড়িতে আসলো।	রহিম গত সপ্তাহে বাড়িতে আসলে।
sva_02502	sva	p3_ord	p2_hon		medium	past	রহিম কাল সন্ধ্যায় বন্ধুদের সঙ্গে বাড়িতে আসলো।	রহিম কাল সন্ধ্যায় বন্ধুদের সঙ্গে বাড়িতে আসলেন।
sva_02503	sva	p3_ord	p2_int		medium	past	রহিম গতকাল খুব মন দিয়ে বাড়িতে আসলো।	রহিম গতকাল খুব মন দিয়ে বাড়িতে আসলি।
sva_02504	sva	p3_ord	p1		medium	past	রহিম কাল সন্ধ্যায় একা একা বাড়িতে আসলো।	রহিম কাল সন্ধ্যায় একা একা বাড়িতে আসলাম।
sva_02505	sva	p3_ord	p1		medium	past	রহিম কাল সন্ধ্যায় বাড়ির কাজ শেষ করে বাড়িতে আসলো।	রহিম কাল সন্ধ্যায় বাড়ির কাজ শেষ করে বাড়িতে আসলাম।
sva_02506	sva	p3_ord	p3_hon		long	past	রহিম কাল সন্ধ্যায় বাড়ির সব কাজ শেষ করে বন্ধুদের সঙ্গে বাড়িতে আসলো।	রহিম কাল সন্ধ্যায় বাড়ির সব কাজ শেষ করে বন্ধুদের সঙ্গে বাড়িতে আসলেন।
sva_02507	sva	p3_ord	p2_int		long	past	রহিম কাল সন্ধ্যায় দীর্ঘ ক্লান্তিকর পথ চলার শেষে একা একা বাড়িতে আসলো।	রহিম কাল সন্ধ্যায় দীর্ঘ ক্লান্তিকর পথ চলার শেষে একা একা বাড়িতে আসলি।
sva_02508	sva	p3_ord	p2_int		long	past	রহিম কাল সন্ধ্যায় পরীক্ষার প্রস্তুতির ফাঁকে অল্প সময়ের জন্য বাড়িতে আসলো।	রহিম কাল সন্ধ্যায় পরীক্ষার প্রস্তুতির ফাঁকে অল্প সময়ের জন্য বাড়িতে আসলি।
sva_02509	sva	p3_ord	p2_fam		long	past	রহিম কাল সন্ধ্যায় সব রকমের ব্যস্ততার মধ্যেও খুব মন দিয়ে বাড়িতে আসলো।	রহিম কাল সন্ধ্যায় সব রকমের ব্যস্ততার মধ্যেও খুব মন দিয়ে বাড়িতে আসলে।
sva_02510	sva	p3_hon	p2_int		none	past	তিনি বাড়িতে আসলেন।	তিনি বাড়িতে আসলি।
sva_02511	sva	p3_hon	p3_ord		short	past	তিনি গতকাল বাড়িতে আসলেন।	তিনি গতকাল বাড়িতে আসলো।
sva_02512	sva	p3_hon	p2_fam		medium	past	তিনি গত সপ্তাহে বন্ধুদের সঙ্গে বাড়িতে আসলেন।	তিনি গত সপ্তাহে বন্ধুদের সঙ্গে বাড়িতে আসলে।
sva_02513	sva	p3_hon	p2_fam		medium	past	তিনি কাল সন্ধ্যায় খুব মন দিয়ে বাড়িতে আসলেন।	তিনি কাল সন্ধ্যায় খুব মন দিয়ে বাড়িতে আসলে।
sva_02514	sva	p3_hon	p1		medium	past	তিনি কাল সন্ধ্যায় একা একা বাড়িতে আসলেন।	তিনি কাল সন্ধ্যায় একা একা বাড়িতে আসলাম।
sva_02515	sva	p3_hon	p1		medium	past	তিনি কাল সন্ধ্যায় বাড়ির কাজ শেষ করে বাড়িতে আসলেন।	তিনি কাল সন্ধ্যায় বাড়ির কাজ শেষ করে বাড়িতে আসলাম।
sva_02516	sva	p3_hon	p2_fam		long	past	তিনি গতকাল বাড়ির সব কাজ শেষ করে বন্ধুদের সঙ্গে বাড়িতে আসলেন।	তিনি গতকাল বাড়ির সব কাজ শেষ করে বন্ধুদের সঙ্গে বাড়িতে আসলে।
sva_02517	sva	p3_hon	p3_ord		long	past	তিনি গতকাল দীর্ঘ ক্লান্তিকর পথ চলার শেষে একা একা বাড়িতে আসলেন।	তিনি গতকাল দীর্ঘ ক্লান্তিকর পথ চলার শেষে একা একা বাড়িতে আসলো।
sva_02518	sva	p3_hon	p1		long	past	তিনি গতকাল পরীক্ষার প্রস্তুতির ফাঁকে অল্প সময়ের জন্য বাড়িতে আসলেন।	তিনি গতকাল পরীক্ষার প্রস্তুতির ফাঁকে অল্প সময়ের জন্য বাড়িতে আসলাম।
sva_02519	sva	p3_hon	p2_int		long	past	তিনি গত সপ্তাহে সব রকমের ব্যস্ততার মধ্যেও খুব মন দিয়ে বাড়িতে আসলেন।	তিনি গত সপ্তাহে সব রকমের ব্যস্ততার মধ্যেও খুব মন দিয়ে বাড়িতে আসলি।
sva_02520	sva	p3_hon	p2_int		none	past	উনি বাড়িতে আসলেন।	উনি বাড়িতে আসলি।
sva_02521	sva	p3_hon	p1		short	past	উনি গত সপ্তাহে বাড়িতে আসলেন।	উনি গত সপ্তাহে বাড়িতে আসলাম।
sva_02522	sva	p3_hon	p1		medium	past	উনি গত সপ্তাহে বন্ধুদের সঙ্গে বাড়িতে আসলেন।	উনি গত সপ্তাহে বন্ধুদের সঙ্গে বাড়িতে আসলাম।
sva_02523	sva	p3_hon	p2_fam		medium	past	উনি গত সপ্তাহে খুব মন দিয়ে বাড়িতে আসলেন।	উনি গত সপ্তাহে খুব মন দিয়ে বাড়িতে আসলে।
sva_02524	sva	p3_hon	p2_fam		medium	past	উনি কাল সন্ধ্যায় একা একা বাড়িতে আসলেন।	উনি কাল সন্ধ্যায় একা একা বাড়িতে আসলে।
sva_02525	sva	p3_hon	p2_int		medium	past	উনি গত সপ্তাহে বাড়ির কাজ শেষ করে বাড়িতে আসলেন।	উনি গত সপ্তাহে বাড়ির কাজ শেষ করে বাড়িতে আসলি।
sva_02526	sva	p3_hon	p2_int		long	past	উনি কাল সন্ধ্যায় বাড়ির সব কাজ শেষ করে বন্ধুদের সঙ্গে বাড়িতে আসলেন।	উনি কাল সন্ধ্যায় বাড়ির সব কাজ শেষ করে বন্ধুদের সঙ্গে বাড়িতে আসলি।
sva_02527	sva	p3_hon	p2_fam		long	past	উনি গতকাল দীর্ঘ ক্লান্তিকর পথ চলার শেষে একা একা বাড়িতে আসলেন।	উনি গতকাল দীর্ঘ ক্লান্তিকর পথ চলার শেষে একা একা বাড়িতে আসলে।
sva_02528	sva	p3_hon	p2_int		long	past	উনি কাল সন্ধ্যায় পরীক্ষার প্রস্তুতির ফাঁকে অল্প সময়ের জন্য বাড়িতে আসলেন।	উনি কাল সন্ধ্যায় পরীক্ষার প্রস্তুতির ফাঁকে অল্প সময়ের জন্য বাড়িতে আসলি।
sva_02529	sva	p3_hon	p2_fam		long	past	উনি গত সপ্তাহে সব রকমের ব্যস্ততার মধ্যেও খুব মন দিয়ে বাড়িতে আসলেন।	উনি গত সপ্তাহে সব রকমের ব্যস্ততার মধ্যেও খুব মন দিয়ে বাড়িতে আসলে।
sva_02530	sva	p1	p2_hon		none	fut	আমি বাড়িতে আসব।	আমি বাড়িতে আসবেন।
sva_02531	sva	p1	p2_int		short	fut	আমি আগামী সপ্তাহে বাড়িতে আসব।	আমি আগামী সপ্তাহে বাড়িতে আসবি।
sva_02532	sva	p1	p2_fam		medium	fut	আমি কিছুদিন পরে বন্ধুদের সঙ্গে বাড়িতে আসব।	আমি কিছুদিন পরে বন্ধুদের সঙ্গে বাড়িতে আসবে।
sva_02533	sva	p1	p2_int		medium	fut	আমি আগামী সপ্তাহে খুব মন দিয়ে বাড়িতে আসব।	আমি আগামী সপ্তাহে খুব মন দিয়ে বাড়িতে আসবি।
sva_02534	sva	p1	p2_hon		medium	fut	আমি কিছুদিন পরে একা একা বাড়িতে আসব।	আমি কিছুদিন পরে একা একা বাড়িতে আসবেন।
sva_02535	sva	p1	p3_hon		medium	fut	আমি আগামীকাল বাড়ির কাজ শেষ করে বাড়িতে আসব।	আমি আগামীকাল বাড়ির কাজ শেষ করে বাড়িতে আসবেন।
sva_02536	sva	p1	p3_ord		long	fut	আমি কিছুদিন পরে বাড়ির সব কাজ শেষ করে বন্ধুদের সঙ্গে বাড়িতে আসব।	আমি কিছুদিন পরে বাড়ির সব কাজ শেষ করে বন্ধুদের সঙ্গে বাড়িতে আসবে।
sva_02537	sva	p1	p2_fam		long	fut	আমি আগামীকাল দীর্ঘ ক্লান্তিকর পথ চলার শেষে একা একা বাড়িতে আসব।	আমি আগামীকাল দীর্ঘ ক্লান্তিকর পথ চলার শেষে একা একা বাড়িতে আসবে।
sva_02538	sva	p1	p3_ord		long	fut	আমি আগামীকাল পরীক্ষার প্রস্তুতির ফাঁকে অল্প সময়ের জন্য বাড়িতে আসব।	আমি আগামীকাল পরীক্ষার প্রস্তুতির ফাঁকে অল্প সময়ের জন্য বাড়িতে আসবে।
sva_02539	sva	p1	p3_ord		long	fut	আমি আগামী সপ্তাহে সব রকমের ব্যস্ততার মধ্যেও খুব মন দিয়ে বাড়িতে আসব।	আমি আগামী সপ্তাহে সব রকমের ব্যস্ততার মধ্যেও খুব মন দিয়ে বাড়িতে আসবে।
sva_02540	sva	p2_int	p2_hon		none	fut	তুই বাড়িতে আসবি।	তুই বাড়িতে আসবেন।
sva_02541	sva	p2_int	p1		short	fut	তুই আগামী সপ্তাহে বাড়িতে আসবি।	তুই আগামী সপ্তাহে বাড়িতে আসব।
sva_02542	sva	p2_int	p2_fam		medium	fut	তুই আগামীকাল বন্ধুদের সঙ্গে বাড়িতে আসবি।	তুই আগামীকাল বন্ধুদের সঙ্গে বাড়িতে আসবে।
sva_02543	sva	p2_int	p2_fam		medium	fut	তুই আগামী সপ্তাহে খুব মন দিয়ে বাড়িতে আসবি।	তুই আগামী সপ্তাহে খুব মন দিয়ে বাড়িতে আসবে।
sva_02544	sva	p2_int	p3_ord		medium	fut	তুই কিছুদিন পরে একা একা বাড়িতে আসবি।	তুই কিছুদিন পরে একা একা বাড়িতে আসবে।
sva_02545	sva	p2_int	p2_hon		medium	fut	তুই আগামীকাল বাড়ির কাজ শেষ করে বাড়িতে আসবি।	তুই আগামীকাল বাড়ির কাজ শেষ করে বাড়িতে আসবেন।
sva_02546	sva	p2_int	p2_hon		long	fut	তুই কিছুদিন পরে বাড়ির সব কাজ শেষ করে বন্ধুদের সঙ্গে বাড়িতে আসবি।	তুই কিছুদিন পরে বাড়ির সব কাজ শেষ করে বন্ধুদের সঙ্গে বাড়িতে আসবেন।
sva_02547	sva	p2_int	p3_ord		long	fut	তুই কিছুদিন পরে দীর্ঘ ক্লান্তিকর পথ চলার শেষে একা একা বাড়িতে আসবি।	তুই কিছুদিন পরে দীর্ঘ ক্লান্তিকর পথ চলার শেষে একা একা বাড়িতে আসবে।
sva_02548	sva	p2_int	p1		long	fut	তুই কিছুদিন পরে পরীক্ষার প্রস্তুতির ফাঁকে অল্প সময়ের জন্য বাড়িতে আসবি।	তুই কিছুদিন পরে পরীক্ষার প্রস্তুতির ফাঁকে অল্প সময়ের জন্য বাড়িতে আসব।
sva_02549	sva	p2_int	p2_fam		long	fut	তুই আগামীকাল সব রকমের ব্যস্ততার মধ্যেও খুব মন দিয়ে বাড়িতে আসবি।	তুই আগামীকাল সব রকমের ব্যস্ততার মধ্যেও খুব মন দিয়ে বাড়িতে আসবে।
sva_02550	sva	p2_fam	p2_int		none	fut	তুমি বাড়িতে আসবে।	তুমি বাড়িতে আসবি।
sva_02551	sva	p2_fam	p2_hon		short	fut	তুমি আগামীকাল বাড়িতে আসবে।	তুমি আগামীকাল বাড়িতে আসবেন।
sva_02552	sva	p2_fam	p1		medium	fut	তুমি কিছুদিন পরে বন্ধুদের সঙ্গে বাড়িতে আসবে।	তুমি কিছুদিন পরে বন্ধুদের সঙ্গে বাড়িতে আসব।
sva_02553	sva	p2_fam	p2_int		medium	fut	তুমি কিছুদিন পরে খুব মন দিয়ে বাড়িতে আসবে।	তুমি কিছুদিন পরে খুব মন দিয়ে বাড়িতে আসবি।
sva_02554	sva	p2_fam	p1		medium	fut	তুমি কিছুদিন পরে একা একা বাড়িতে আসবে।	তুমি কিছুদিন পরে একা একা বাড়িতে আসব।
sva_02555	sva	p2_fam	p1		medium	fut	তুমি আগামী সপ্তাহে বাড়ির কাজ শেষ করে বাড়িতে আসবে।	তুমি আগামী সপ্তাহে বাড়ির কাজ শেষ করে বাড়িতে আসব।
sva_02556	sva	p2_fam	p2_int		long	fut	তুমি কিছুদিন পরে বাড়ির সব কাজ শেষ করে বন্ধুদের সঙ্গে বাড়িতে আসবে।	তুমি কিছুদিন পরে বাড়ির সব কাজ শেষ করে বন্ধুদের সঙ্গে বাড়িতে আসবি।
sva_02557	sva	p2_fam	p2_hon		long	fut	তুমি আগামী সপ্তাহে দীর্ঘ ক্লান্তিকর পথ চলার শেষে একা একা বাড়িতে আসবে।	তুমি আগামী সপ্তাহে দীর্ঘ ক্লান্তিকর পথ চলার শেষে একা একা বাড়িতে আসবেন।
sva_02558	sva	p2_fam	p2_int		long	fut	তুমি কিছুদিন পরে পরীক্ষার প্রস্তুতির ফাঁকে অল্প সময়ের জন্য বাড়িতে আসবে।	তুমি কিছুদিন পরে পরীক্ষার প্রস্তুতির ফাঁকে অল্প সময়ের জন্য বাড়িতে আসবি।
sva_02559	sva	p2_fam	p2_hon		long	fut	তুমি কিছুদিন পরে সব রকমের ব্যস্ততার মধ্যেও খুব মন দিয়ে বাড়িতে আসবে।	তুমি কিছুদিন পরে সব রকমের ব্যস্ততার মধ্যেও খুব মন দিয়ে বাড়িতে আসবেন।
sva_02560	sva	p2_hon	p2_fam		none	fut	আপনি বাড়িতে আসবেন।	আপনি বাড়িতে আসবে।
sva_02561	sva	p2_hon	p1		short	fut	আপনি কিছুদিন পরে বাড়িতে আসবেন।	আপনি কিছুদিন পরে বাড়িতে আসব।
sva_02562	sva	p2_hon	p2_int		medium	fut	আপনি আগামীকাল বন্ধুদের সঙ্গে বাড়িতে আসবেন।	আপনি আগামীকাল বন্ধুদের সঙ্গে বাড়িতে আসবি।
sva_02563	sva	p2_hon	p2_int		medium	fut	আপনি কিছুদিন পরে খুব মন দিয়ে বাড়িতে আসবেন।	আপনি কিছুদিন পরে খুব মন দিয়ে বাড়িতে আসবি।
sva_02564	sva	p2_hon	p3_ord		medium	fut	আপনি আগামী সপ্তাহে একা একা বাড়িতে আসবেন।	আপনি আগামী সপ্তাহে একা একা বাড়িতে আসবে।
sva_02565	sva	p2_hon	p3_ord		medium	fut	আপনি আগামী সপ্তাহে বাড়ির কাজ শেষ করে বাড়িতে আসবেন।	আপনি আগামী সপ্তাহে বাড়ির কাজ শেষ করে বাড়িতে আসবে।
sva_02566	sva	p2_hon	p3_ord		long	fut	আপনি আগামীকাল বাড়ির সব কাজ শেষ করে বন্ধুদের সঙ্গে বাড়িতে আসবেন।	আপনি আগামীকাল বাড়ির সব কাজ শেষ করে বন্ধুদের সঙ্গে বাড়িতে আসবে।
sva_02567	sva	p2_hon	p2_int		long	fut	আপনি আগামী সপ্তাহে দীর্ঘ ক্লান্তিকর পথ চলার শেষে একা একা বাড়িতে আসবেন।	আপনি আগামী সপ্তাহে দীর্ঘ ক্লান্তিকর পথ চলার শেষে একা একা বাড়িতে আসবি।
sva_02568	sva	p2_hon	p1		long	fut	আপনি কিছুদিন পরে পরীক্ষার প্রস্তুতির ফাঁকে অল্প সময়ের জন্য বাড়িতে আসবেন।	আপনি কিছুদিন পরে পরীক্ষার প্রস্তুতির ফাঁকে অল্প সময়ের জন্য বাড়িতে আসব।
sva_02569	sva	p2_hon	p3_ord		long	fut	আপনি আগামী সপ্তাহে সব রকমের ব্যস্ততার মধ্যেও খুব মন দিয়ে বাড়িতে আসবেন।	আপনি আগামী সপ্তাহে সব রকমের ব্যস্ততার মধ্যেও খুব মন দিয়ে বাড়িতে আসবে।
sva_02570	sva	p3_ord	p1		none	fut	সে বাড়িতে আসবে।	সে বাড়িতে আসব।
sva_02571	sva	p3_ord	p1		short	fut	সে আগামী সপ্তাহে বাড়িতে আসবে।	সে আগামী সপ্তাহে বাড়িতে আসব।
sva_02572	sva	p3_ord	p1		medium	fut	সে আগামীকাল বন্ধুদের সঙ্গে বাড়িতে আসবে।	সে আগামীকাল বন্ধুদের সঙ্গে বাড়িতে আসব।
sva_02573	sva	p3_ord	p2_hon		medium	fut	সে কিছুদিন পরে খুব মন দিয়ে বাড়িতে আসবে।	সে কিছুদিন পরে খুব মন দিয়ে বাড়িতে আসবেন।
sva_02574	sva	p3_ord	p3_hon		medium	fut	সে আগামী সপ্তাহে একা একা বাড়িতে আসবে।	সে আগামী সপ্তাহে একা একা বাড়িতে আসবেন।
sva_02575	sva	p3_ord	p3_hon		medium	fut	সে আগামীকাল বাড়ির কাজ শেষ করে বাড়িতে আসবে।	সে আগামীকাল বাড়ির কাজ শেষ করে বাড়িতে আসবেন।
sva_02576	sva	p3_ord	p3_hon		long	fut	সে আগামীকাল বাড়ির সব কাজ শেষ করে বন্ধুদের সঙ্গে বাড়িতে আসবে।	সে আগামীকাল বাড়ির সব কাজ শেষ করে বন্ধুদের সঙ্গে বাড়িতে আসবেন।
sva_02577	sva	p3_ord	p2_int		long	fut	সে আগামীকাল দীর্ঘ ক্লান্তিকর পথ চলার শেষে একা একা বাড়িতে আসবে।	সে আগামীকাল দীর্ঘ ক্লান্তিকর পথ চলার শেষে একা একা বাড়িতে আসবি।
sva_02578	sva	p3_ord	p2_int		long	fut	সে কিছুদিন পরে পরীক্ষার প্রস্তুতির ফাঁকে অল্প সময়ের জন্য বাড়িতে আসবে।	সে কিছুদিন পরে পরীক্ষার প্রস্তুতির ফাঁকে অল্প সময়ের জন্য বাড়িতে আসবি।
sva_02579	sva	p3_ord	p1		long	fut	সে আগামী সপ্তাহে সব রকমের ব্যস্ততার মধ্যেও খুব মন দিয়ে বাড়িতে আসবে।	সে আগামী সপ্তাহে সব রকমের ব্যস্ততার মধ্যেও খুব মন দিয়ে বাড়িতে আসব।
sva_02580	sva	p3_ord	p2_int		none	fut	ছেলেটি বাড়িতে আসবে।	ছেলেটি বাড়িতে আসবি।
sva_02581	sva	p3_ord	p2_hon		short	fut	ছেলেটি আগামী সপ্তাহে বাড়িতে আসবে।	ছেলেটি আগামী সপ্তাহে বাড়িতে আসবেন।
sva_02582	sva	p3_ord	p2_int		medium	fut	ছেলেটি কিছুদিন পরে বন্ধুদের সঙ্গে বাড়িতে আসবে।	ছেলেটি কিছুদিন পরে বন্ধুদের সঙ্গে বাড়িতে আসবি।
sva_02583	sva	p3_ord	p2_hon		medium	fut	ছেলেটি আগামীকাল খুব মন দিয়ে বাড়িতে আসবে।	ছেলেটি আগামীকাল খুব মন দিয়ে বাড়িতে আসবেন।
sva_02584	sva	p3_ord	p2_int		medium	fut	ছেলেটি কিছুদিন পরে একা একা বাড়িতে আসবে।	ছেলেটি কিছুদিন পরে একা একা বাড়িতে আসবি।
sva_02585	sva	p3_ord	p2_hon		medium	fut	ছেলেটি আগামী সপ্তাহে বাড়ির কাজ শেষ করে বাড়িতে আসবে।	ছেলেটি আগামী সপ্তাহে বাড়ির কাজ শেষ করে বাড়িতে আসবেন।
sva_02586	sva	p3_ord	p2_int		long	fut	ছেলেটি আগামী সপ্তাহে বাড়ির সব কাজ শেষ করে বন্ধুদের সঙ্গে বাড়িতে আসবে।	ছেলেটি আগামী সপ্তাহে বাড়ির সব কাজ শেষ করে বন্ধুদের সঙ্গে বাড়িতে আসবি।
sva_02587	sva	p3_ord	p3_hon		long	fut	ছেলেটি কিছুদিন পরে দীর্ঘ ক্লান্তিকর পথ চলার শেষে একা একা বাড়িতে আসবে।	ছেলেটি কিছুদিন পরে দীর্ঘ ক্লান্তিকর পথ চলার শেষে একা একা বাড়িতে আসবেন।
sva_02588	sva	p3_ord	p2_int		long	fut	ছেলেটি আগামীকাল পরীক্ষার প্রস্তুতির ফাঁকে অল্প সময়ের জন্য বাড়িতে আসবে।	ছেলেটি আগামীকাল পরীক্ষার প্রস্তুতির ফাঁকে অল্প সময়ের জন্য বাড়িতে আসবি।
sva_02589	sva	p3_ord	p3_hon		long	fut	ছেলেটি আগামীকাল সব রকমের ব্যস্ততার মধ্যেও খুব মন দিয়ে বাড়িতে আসবে।	ছেলেটি আগামীকাল সব রকমের ব্যস্ততার মধ্যেও খুব মন দিয়ে বাড়িতে আসবেন।
sva_02590	sva	p3_ord	p3_hon		none	fut	মেয়েটি বাড়িতে আসবে।	মেয়েটি বাড়িতে আসবেন।
sva_02591	sva	p3_ord	p1		short	fut	মেয়েটি কিছুদিন পরে বাড়িতে আসবে।	মেয়েটি কিছুদিন পরে বাড়িতে আসব।
sva_02592	sva	p3_ord	p2_hon		medium	fut	মেয়েটি কিছুদিন পরে বন্ধুদের সঙ্গে বাড়িতে আসবে।	মেয়েটি কিছুদিন পরে বন্ধুদের সঙ্গে বাড়িতে আসবেন।
sva_02593	sva	p3_ord	p2_int		medium	fut	মেয়েটি কিছুদিন পরে খুব মন দিয়ে বাড়িতে আসবে।	মেয়েটি কিছুদিন পরে খুব মন দিয়ে বাড়িতে আসবি।
sva_02594	sva	p3_ord	p2_int		medium	fut	মেয়েটি আগামীকাল একা একা বাড়িতে আসবে।	মেয়েটি আগামীকাল একা একা বাড়িতে আসবি।
sva_02595	sva	p3_ord	p2_int		medium	fut	মেয়েটি আগামী সপ্তাহে বাড়ির কাজ শেষ করে বাড়িতে আসবে।	মেয়েটি আগামী সপ্তাহে বাড়ির কাজ শেষ করে বাড়িতে আসবি।
sva_02596	sva	p3_ord	p2_int		long	fut	মেয়েটি আগামী সপ্তাহে বাড়ির সব কাজ শেষ করে বন্ধুদের সঙ্গে বাড়িতে আসবে।	মেয়েটি আগামী সপ্তাহে বাড়ির সব কাজ শেষ করে বন্ধুদের সঙ্গে বাড়িতে আসবি।
sva_02597	sva	p3_ord	p3_hon		long	fut	মেয়েটি আগামী সপ্তাহে দীর্ঘ ক্লান্তিকর পথ চলার শেষে একা একা বাড়িতে আসবে।	মেয়েটি আগামী সপ্তাহে দীর্ঘ ক্লান্তিকর পথ চলার শেষে একা একা বাড়িতে আসবেন।
sva_02598	sva	p3_ord	p2_hon		long	fut	মেয়েটি আগামী সপ্তাহে পরীক্ষার প্রস্তুতির ফাঁকে অল্প সময়ের জন্য বাড়িতে আসবে।	মেয়েটি আগামী সপ্তাহে পরীক্ষার প্রস্তুতির ফাঁকে অল্প সময়ের জন্য বাড়িতে আসবেন।
sva_02599	sva	p3_ord	p1		long	fut	মেয়েটি আগামীকাল সব রকমের ব্যস্ততার মধ্যেও খুব মন দিয়ে বাড়িতে আসবে।	মেয়েটি আগামীকাল সব রকমের ব্যস্ততার মধ্যেও খুব মন দিয়ে বাড়িতে আসব।
sva_02600	sva	p3_ord	p2_int		none	fut	আমার বন্ধু বাড়িতে আসবে।	আমার বন্ধু বাড়িতে আসবি।
sva_02601	sva	p3_ord	p2_int		short	fut	আমার বন্ধু আগামীকাল বাড়িতে আসবে।	আমার বন্ধু আগামীকাল বাড়িতে আসবি।
sva_02602	sva	p3_ord	p2_int		medium	fut	আমার বন্ধু কিছুদিন পরে বন্ধুদের সঙ্গে বাড়িতে আসবে।	আমার বন্ধু কিছুদিন পরে বন্ধুদের সঙ্গে বাড়িতে আসবি।
sva_02603	sva	p3_ord	p1		medium	fut	আমার বন্ধু আগামী সপ্তাহে খুব মন দিয়ে বাড়িতে আসবে।	আমার বন্ধু আগামী সপ্তাহে খুব মন দিয়ে বাড়িতে আসব।
sva_02604	sva	p3_ord	p3_hon		medium	fut	আমার বন্ধু কিছুদিন পরে একা একা বাড়িতে আসবে।	আমার বন্ধু কিছুদিন পরে একা একা বাড়িতে আসবেন।
sva_02605	sva	p3_ord	p1		medium	fut	আমার বন্ধু আগামীকাল বাড়ির কাজ শেষ করে বাড়িতে আসবে।	আমার বন্ধু আগামীকাল বাড়ির কাজ শেষ করে বাড়িতে আসব।
sva_02606	sva	p3_ord	p2_int		long	fut	আমার বন্ধু কিছুদিন পরে বাড়ির সব কাজ শেষ করে বন্ধুদের সঙ্গে বাড়িতে আসবে।	আমার বন্ধু কিছুদিন পরে বাড়ির সব কাজ শেষ করে বন্ধুদের সঙ্গে বাড়িতে আসবি।
sva_02607	sva	p3_ord	p3_hon		long	fut	আমার বন্ধু আগামী সপ্তাহে দীর্ঘ ক্লান্তিকর পথ চলার শেষে একা একা বাড়িতে আসবে।	আমার বন্ধু আগামী সপ্তাহে দীর্ঘ ক্লান্তিকর পথ চলার শেষে একা একা বাড়িতে আসবেন।
sva_02608	sva	p3_ord	p3_hon		long	fut	আমার বন্ধু কিছুদিন পরে পরীক্ষার প্রস্তুতির ফাঁকে অল্প সময়ের জন্য বাড়িতে আসবে।	আমার বন্ধু কিছুদিন পরে পরীক্ষার প্রস্তুতির ফাঁকে অল্প সময়ের জন্য বাড়িতে আসবেন।
sva_02609	sva	p3_ord	p2_hon		long	fut	আমার বন্ধু আগামীকাল সব রকমের ব্যস্ততার মধ্যেও খুব মন দিয়ে বাড়িতে আসবে।	আমার বন্ধু আগামীকাল সব রকমের ব্যস্ততার মধ্যেও খুব মন দিয়ে বাড়িতে আসবেন।
sva_02610	sva	p3_ord	p2_int		none	fut	রহিম বাড়িতে আসবে।	রহিম বাড়িতে আসবি।
sva_02611	sva	p3_ord	p3_hon		short	fut	রহিম আগামী সপ্তাহে বাড়িতে আসবে।	রহিম আগামী সপ্তাহে বাড়িতে আসবেন।
sva_02612	sva	p3_ord	p3_hon		medium	fut	রহিম আগামীকাল বন্ধুদের সঙ্গে বাড়িতে আসবে।	রহিম আগামীকাল বন্ধুদের সঙ্গে বাড়িতে আসবেন।
sva_02613	sva	p3_ord	p2_hon		medium	fut	রহিম আগামীকাল খুব মন দিয়ে বাড়িতে আসবে।	রহিম আগামীকাল খুব মন দিয়ে বাড়িতে আসবেন।
sva_02614	sva	p3_ord	p2_int		medium	fut	রহিম আগামী সপ্তাহে একা একা বাড়িতে আসবে।	রহিম আগামী সপ্তাহে একা একা বাড়িতে আসবি।
sva_02615	sva	p3_ord	p1		medium	fut	রহিম আগামী সপ্তাহে বাড়ির কাজ শেষ করে বাড়িতে আসবে।	রহিম আগামী সপ্তাহে বাড়ির কাজ শেষ করে বাড়িতে আসব।
sva_02616	sva	p3_ord	p3_hon		long	fut	রহিম আগামী সপ্তাহে বাড়ির সব কাজ শেষ করে বন্ধুদের সঙ্গে বাড়িতে আসবে।	রহিম আগামী সপ্তাহে বাড়ির সব কাজ শেষ করে বন্ধুদের সঙ্গে বাড়িতে আসবেন।
sva_02617	sva	p3_ord	p1		long	fut	রহিম আগামী সপ্তাহে দীর্ঘ ক্লান্তিকর পথ চলার শেষে একা একা বাড়িতে আসবে।	রহিম আগামী সপ্তাহে দীর্ঘ ক্লান্তিকর পথ চলার শেষে একা একা বাড়িতে আসব।
sva_02618	sva	p3_ord	p1		long	fut	রহিম আগামী সপ্তাহে পরীক্ষার প্রস্তুতির ফাঁকে অল্প সময়ের জন্য বাড়িতে আসবে।	রহিম আগামী সপ্তাহে পরীক্ষার প্রস্তুতির ফাঁকে অল্প সময়ের জন্য বাড়িতে আসব।
sva_02619	sva	p3_ord	p3_hon		long	fut	রহিম আগামী সপ্তাহে সব রকমের ব্যস্ততার মধ্যেও খুব মন দিয়ে বাড়িতে আসবে।	রহিম আগামী সপ্তাহে সব রকমের ব্যস্ততার মধ্যেও খুব মন দিয়ে বাড়িতে আসবেন।
sva_02620	sva	p3_hon	p2_fam		none	fut	তিনি বাড়িতে আসবেন।	তিনি বাড়িতে আসবে।
sva_02621	sva	p3_hon	p2_fam		short	fut	তিনি আগামী সপ্তাহে বাড়িতে আসবেন।	তিনি আগামী সপ্তাহে বাড়িতে আসবে।
sva_02622	sva	p3_hon	p1		medium	fut	তিনি কিছুদিন পরে বন্ধুদের সঙ্গে বাড়িতে আসবেন।	তিনি কিছুদিন পরে বন্ধুদের সঙ্গে বাড়িতে আসব।
sva_02623	sva	p3_hon	p1		medium	fut	তিনি কিছুদিন পরে খুব মন দিয়ে বাড়িতে আসবেন।	তিনি কিছুদিন পরে খুব মন দিয়ে বাড়িতে আসব।
sva_02624	sva	p3_hon	p1		medium	fut	তিনি আগামীকাল একা একা বাড়িতে আসবেন।	তিনি আগামীকাল একা একা বাড়িতে আসব।
sva_02625	sva	p3_hon	p2_int		medium	fut	তিনি আগামীকাল বাড়ির কাজ শেষ করে বাড়িতে আসবেন।	তিনি আগামীকাল বাড়ির কাজ শেষ করে বাড়িতে আসবি।
sva_02626	sva	p3_hon	p2_int		long	fut	তিনি আগামী সপ্তাহে বাড়ির সব কাজ শেষ করে বন্ধুদের সঙ্গে বাড়িতে আসবেন।	তিনি আগামী সপ্তাহে বাড়ির সব কাজ শেষ করে বন্ধুদের সঙ্গে বাড়িতে আসবি।
sva_02627	sva	p3_hon	p1		long	fut	তিনি আগামী সপ্তাহে দীর্ঘ ক্লান্তিকর পথ চলার শেষে একা একা বাড়িতে আসবেন।	তিনি আগামী সপ্তাহে দীর্ঘ ক্লান্তিকর পথ চলার শেষে একা একা বাড়িতে আসব।
sva_02628	sva	p3_hon	p3_ord		long	fut	তিনি আগামী সপ্তাহে পরীক্ষার প্রস্তুতির ফাঁকে অল্প সময়ের জন্য বাড়িতে আসবেন।	তিনি আগামী সপ্তাহে পরীক্ষার প্রস্তুতির ফাঁকে অল্প সময়ের জন্য বাড়িতে আসবে।
sva_02629	sva	p3_hon	p1		long	fut	তিনি আগামীকাল সব রকমের ব্যস্ততার মধ্যেও খুব মন দিয়ে বাড়িতে আসবেন।	তিনি আগামীকাল সব রকমের ব্যস্ততার মধ্যেও খুব মন দিয়ে বাড়িতে আসব।
sva_02630	sva	p3_hon	p3_ord		none	fut	উনি বাড়িতে আসবেন।	উনি বাড়িতে আসবে।
sva_02631	sva	p3_hon	p1		short	fut	উনি কিছুদিন পরে বাড়িতে আসবেন।	উনি কিছুদিন পরে বাড়িতে আসব।
sva_02632	sva	p3_hon	p2_fam		medium	fut	উনি আগামীকাল বন্ধুদের সঙ্গে বাড়িতে আসবেন।	উনি আগামীকাল বন্ধুদের সঙ্গে বাড়িতে আসবে।
sva_02633	sva	p3_hon	p2_int		medium	fut	উনি আগামীকাল খুব মন দিয়ে বাড়িতে আসবেন।	উনি আগামীকাল খুব মন দিয়ে বাড়িতে আসবি।
sva_02634	sva	p3_hon	p2_int		medium	fut	উনি আগামীকাল একা একা বাড়িতে আসবেন।	উনি আগামীকাল একা একা বাড়িতে আসবি।
sva_02635	sva	p3_hon	p2_int		medium	fut	উনি আগামী সপ্তাহে বাড়ির কাজ শেষ করে বাড়িতে আসবেন।	উনি আগামী সপ্তাহে বাড়ির কাজ শেষ করে বাড়িতে আসবি।
sva_02636	sva	p3_hon	p2_int		long	fut	উনি আগামীকাল বাড়ির সব কাজ শেষ করে বন্ধুদের সঙ্গে বাড়িতে আসবেন।	উনি আগামীকাল বাড়ির সব কাজ শেষ করে বন্ধুদের সঙ্গে বাড়িতে আসবি।
sva_02637	sva	p3_hon	p2_fam		long	fut	উনি কিছুদিন পরে দীর্ঘ ক্লান্তিকর পথ চলার শেষে একা একা বাড়িতে আসবেন।	উনি কিছুদিন পরে দীর্ঘ ক্লান্তিকর পথ চলার শেষে একা একা বাড়িতে আসবে।
sva_02638	sva	p3_hon	p2_fam		long	fut	উনি আগামীকাল পরীক্ষার প্রস্তুতির ফাঁকে অল্প সময়ের জন্য বাড়িতে আসবেন।	উনি আগামীকাল পরীক্ষার প্রস্তুতির ফাঁকে অল্প সময়ের জন্য বাড়িতে আসবে।
sva_02639	sva	p3_hon	p1		long	fut	উনি আগামী সপ্তাহে সব রকমের ব্যস্ততার মধ্যেও খুব মন দিয়ে বাড়িতে আসবেন।	উনি আগামী সপ্তাহে সব রকমের ব্যস্ততার মধ্যেও খুব মন দিয়ে বাড়িতে আসব।
sva_02640	sva	p1	p2_int		none	pres	আমি ঢাকায় থাকি।	আমি ঢাকায় থাকিস।
sva_02641	sva	p1	p2_hon		short	pres	আমি প্রায়ই ঢাকায় থাকি।	আমি প্রায়ই ঢাকায় থাকেন।
sva_02642	sva	p1	p2_hon		medium	pres	আমি সাধারণত বন্ধুদের সঙ্গে ঢাকায় থাকি।	আমি সাধারণত বন্ধুদের সঙ্গে ঢাকায় থাকেন।
sva_02643	sva	p1	p3_hon		medium	pres	আমি সাধারণত খুব মন দিয়ে ঢাকায় থাকি।	আমি সাধারণত খুব মন দিয়ে ঢাকায় থাকেন।
sva_02644	sva	p1	p2_fam		medium	pres	আমি প্রায়ই একা একা ঢাকায় থাকি।	আমি প্রায়ই একা একা ঢাকায় থাকো।
sva_02645	sva	p1	p2_hon		medium	pres	আমি সাধারণত বাড়ির কাজ শেষ করে ঢাকায় থাকি।	আমি সাধারণত বাড়ির কাজ শেষ করে ঢাকায় থাকেন।
sva_02646	sva	p1	p3_hon		long	pres	আমি প্রায়ই বাড়ির সব কাজ শেষ করে বন্ধুদের সঙ্গে ঢাকায় থাকি।	আমি প্রায়ই বাড়ির সব কাজ শেষ করে বন্ধুদের সঙ্গে ঢাকায় থাকেন।
sva_02647	sva	p1	p2_int		long	pres	আমি প্রায়ই দীর্ঘ ক্লান্তিকর পথ চলার শেষে একা একা ঢাকায় থাকি।	আমি প্রায়ই দীর্ঘ ক্লান্তিকর পথ চলার শেষে একা একা ঢাকায় থাকিস।
sva_02648	sva	p1	p2_fam		long	pres	আমি প্রায়ই পরীক্ষার প্রস্তুতির ফাঁকে অল্প সময়ের জন্য ঢাকায় থাকি।	আমি প্রায়ই পরীক্ষার প্রস্তুতির ফাঁকে অল্প সময়ের জন্য ঢাকায় থাকো।
sva_02649	sva	p1	p2_fam		long	pres	আমি সাধারণত সব রকমের ব্যস্ততার মধ্যেও খুব মন দিয়ে ঢাকায় থাকি।	আমি সাধারণত সব রকমের ব্যস্ততার মধ্যেও খুব মন দিয়ে ঢাকায় থাকো।
sva_02650	sva	p2_int	p3_hon		none	pres	তুই ঢাকায় থাকিস।	তুই ঢাকায় থাকেন।
sva_02651	sva	p2_int	p3_hon		short	pres	তুই প্রতিদিন ঢাকায় থাকিস।	তুই প্রতিদিন ঢাকায় থাকেন।
sva_02652	sva	p2_int	p2_fam		medium	pres	তুই প্রায়ই বন্ধুদের সঙ্গে ঢাকায় থাকিস।	তুই প্রায়ই বন্ধুদের সঙ্গে ঢাকায় থাকো।
sva_02653	sva	p2_int	p2_fam		medium	pres	তুই প্রতিদিন খুব মন দিয়ে ঢাকায় থাকিস।	তুই প্রতিদিন খুব মন দিয়ে ঢাকায় থাকো।
sva_02654	sva	p2_int	p3_hon		medium	pres	তুই প্রায়ই একা একা ঢাকায় থাকিস।	তুই প্রায়ই একা একা ঢাকায় থাকেন।
sva_02655	sva	p2_int	p3_hon		medium	pres	তুই প্রতিদিন বাড়ির কাজ শেষ করে ঢাকায় থাকিস।	তুই প্রতিদিন বাড়ির কাজ শেষ করে ঢাকায় থাকেন।
sva_02656	sva	p2_int	p1		long	pres	তুই প্রায়ই বাড়ির সব কাজ শেষ করে বন্ধুদের সঙ্গে ঢাকায় থাকিস।	তুই প্রায়ই বাড়ির সব কাজ শেষ করে বন্ধুদের সঙ্গে ঢাকায় থাকি।
sva_02657	sva	p2_int	p3_hon		long	pres	তুই প্রায়ই দীর্ঘ ক্লান্তিকর পথ চলার শেষে একা একা ঢাকায় থাকিস।	তুই প্রায়ই দীর্ঘ ক্লান্তিকর পথ চলার শেষে একা একা ঢাকায় থাকেন।
sva_02658	sva	p2_int	p1		long	pres	তুই সাধারণত পরীক্ষার প্রস্তুতির ফাঁকে অল্প সময়ের জন্য ঢাকায় থাকিস।	তুই সাধারণত পরীক্ষার প্রস্তুতির ফাঁকে অল্প সময়ের জন্য ঢাকায় থাকি।
sva_02659	sva	p2_int	p2_fam		long	pres	তুই সাধারণত সব রকমের ব্যস্ততার মধ্যেও খুব মন দিয়ে ঢাকায় থাকিস।	তুই সাধারণত সব রকমের ব্যস্ততার মধ্যেও খুব মন দিয়ে ঢাকায় থাকো।
sva_02660	sva	p2_fam	p2_int		none	pres	তুমি ঢাকায় থাকো।	তুমি ঢাকায় থাকিস।
sva_02661	sva	p2_fam	p2_int		short	pres	তুমি প্রায়ই ঢাকায় থাকো।	তুমি প্রায়ই ঢাকায় থাকিস।
sva_02662	sva	p2_fam	p2_int		medium	pres	তুমি প্রতিদিন বন্ধুদের সঙ্গে ঢাকায় থাকো।	তুমি প্রতিদিন বন্ধুদের সঙ্গে ঢাকায় থাকিস।
sva_02663	sva	p2_fam	p2_hon		medium	pres	তুমি সাধারণত খুব মন দিয়ে ঢাকায় থাকো।	তুমি সাধারণত খুব মন দিয়ে ঢাকায় থাকেন।
sva_02664	sva	p2_fam	p1		medium	pres	তুমি সাধারণত একা একা ঢাকায় থাকো।	তুমি সাধারণত একা একা ঢাকায় থাকি।
sva_02665	sva	p2_fam	p2_int		medium	pres	তুমি প্রায়ই বাড়ির কাজ শেষ করে ঢাকায় থাকো।	তুমি প্রায়ই বাড়ির কাজ শেষ করে ঢাকায় থাকিস।
sva_02666	sva	p2_fam	p1		long	pres	তুমি প্রায়ই বাড়ির সব কাজ শেষ করে বন্ধুদের সঙ্গে ঢাকায় থাকো।	তুমি প্রায়ই বাড়ির সব কাজ শেষ করে বন্ধুদের সঙ্গে ঢাকায় থাকি।
sva_02667	sva	p2_fam	p3_ord		long	pres	তুমি প্রায়ই দীর্ঘ ক্লান্তিকর পথ চলার শেষে একা একা ঢাকায় থাকো।	তুমি প্রায়ই দীর্ঘ ক্লান্তিকর পথ চলার শেষে একা একা ঢাকায় থাকে।
sva_02668	sva	p2_fam	p3_hon		long	pres	তুমি প্রতিদিন পরীক্ষার প্রস্তুতির ফাঁকে অল্প সময়ের জন্য ঢাকায় থাকো।	তুমি প্রতিদিন পরীক্ষার প্রস্তুতির ফাঁকে অল্প সময়ের জন্য ঢাকায় থাকেন।
sva_02669	sva	p2_fam	p2_int		long	pres	তুমি সাধারণত সব রকমের ব্যস্ততার মধ্যেও খুব মন দিয়ে ঢাকায় থাকো।	তুমি সাধারণত সব রকমের ব্যস্ততার মধ্যেও খুব মন দিয়ে ঢাকায় থাকিস।
sva_02670	sva	p2_hon	p2_fam		none	pres	আপনি ঢাকায় থাকেন।	আপনি ঢাকায় থাকো।
sva_02671	sva	p2_hon	p2_int		short	pres	আপনি প্রতিদিন ঢাকায় থাকেন।	আপনি প্রতিদিন ঢাকায় থাকিস।
sva_02672	sva	p2_hon	p1		medium	pres	আপনি প্রতিদিন বন্ধুদের সঙ্গে ঢাকায় থাকেন।	আপনি প্রতিদিন বন্ধুদের সঙ্গে ঢাকায় থাকি।
sva_02673	sva	p2_hon	p2_fam		medium	pres	আপনি প্রায়ই খুব মন দিয়ে ঢাকায় থাকেন।	আপনি প্রায়ই খুব মন দিয়ে ঢাকায় থাকো।
sva_02674	sva	p2_hon	p2_int		medium	pres	আপনি প্রায়ই একা একা ঢাকায় থাকেন।	আপনি প্রায়ই একা একা ঢাকায় থাকিস।
sva_02675	sva	p2_hon	p2_int		medium	pres	আপনি প্রায়ই বাড়ির কাজ শেষ করে ঢাকায় থাকেন।	আপনি প্রায়ই বাড়ির কাজ শেষ করে ঢাকায় থাকিস।
sva_02676	sva	p2_hon	p3_ord		long	pres	আপনি সাধারণত বাড়ির সব কাজ শেষ করে বন্ধুদের সঙ্গে ঢাকায় থাকেন।	আপনি সাধারণত বাড়ির সব কাজ শেষ করে বন্ধুদের সঙ্গে ঢাকায় থাকে।
sva_02677	sva	p2_hon	p2_fam		long	pres	আপনি সাধারণত দীর্ঘ ক্লান্তিকর পথ চলার শেষে একা একা ঢাকায় থাকেন।	আপনি সাধারণত দীর্ঘ ক্লান্তিকর পথ চলার শেষে একা একা ঢাকায় থাকো।
sva_02678	sva	p2_hon	p1		long	pres	আপনি সাধারণত পরীক্ষার প্রস্তুতির ফাঁকে অল্প সময়ের জন্য ঢাকায় থাকেন।	আপনি সাধারণত পরীক্ষার প্রস্তুতির ফাঁকে অল্প সময়ের জন্য ঢাকায় থাকি।
sva_02679	sva	p2_hon	p1		long	pres	আপনি প্রতিদিন সব রকমের ব্যস্ততার মধ্যেও খুব মন দিয়ে ঢাকায় থাকেন।	আপনি প্রতিদিন সব রকমের ব্যস্ততার মধ্যেও খুব মন দিয়ে ঢাকায় থাকি।
sva_02680	sva	p3_ord	p2_fam		none	pres	সে ঢাকায় থাকে।	সে ঢাকায় থাকো।
sva_02681	sva	p3_ord	p3_hon		short	pres	সে প্রায়ই ঢাকায় থাকে।	সে প্রায়ই ঢাকায় থাকেন।
sva_02682	sva	p3_ord	p1		medium	pres	সে সাধারণত বন্ধুদের সঙ্গে ঢাকায় থাকে।	সে সাধারণত বন্ধুদের সঙ্গে ঢাকায় থাকি।
sva_02683	sva	p3_ord	p2_int		medium	pres	সে প্রতিদিন খুব মন দিয়ে ঢাকায় থাকে।	সে প্রতিদিন খুব মন দিয়ে ঢাকায় থাকিস।
sva_02684	sva	p3_ord	p2_int		medium	pres	সে প্রায়ই একা একা ঢাকায় থাকে।	সে প্রায়ই একা একা ঢাকায় থাকিস।
sva_02685	sva	p3_ord	p2_fam		medium	pres	সে প্রায়ই বাড়ির কাজ শেষ করে ঢাকায় থাকে।	সে প্রায়ই বাড়ির কাজ শেষ করে ঢাকায় থাকো।
sva_02686	sva	p3_ord	p2_hon		long	pres	সে প্রায়ই বাড়ির সব কাজ শেষ করে বন্ধুদের সঙ্গে ঢাকায় থাকে।	সে প্রায়ই বাড়ির সব কাজ শেষ করে বন্ধুদের সঙ্গে ঢাকায় থাকেন।
sva_02687	sva	p3_ord	p2_fam		long	pres	সে প্রতিদিন দীর্ঘ ক্লান্তিকর পথ চলার শেষে একা একা ঢাকায় থাকে।	সে প্রতিদিন দীর্ঘ ক্লান্তিকর পথ চলার শেষে একা একা ঢাকায় থাকো।
sva_02688	sva	p3_ord	p2_hon		long	pres	সে প্রায়ই পরীক্ষার প্রস্তুতির ফাঁকে অল্প সময়ের জন্য ঢাকায় থাকে।	সে প্রায়ই পরীক্ষার প্রস্তুতির ফাঁকে অল্প সময়ের জন্য ঢাকায় থাকেন।
sva_02689	sva	p3_ord	p2_fam		long	pres	সে প্রতিদিন সব রকমের ব্যস্ততার মধ্যেও খুব মন দিয়ে ঢাকায় থাকে।	সে প্রতিদিন সব রকমের ব্যস্ততার মধ্যেও খুব মন দিয়ে ঢাকায় থাকো।
sva_02690	sva	p3_ord	p3_hon		none	pres	ছেলেটি ঢাকায় থাকে।	ছেলেটি ঢাকায় থাকেন।
sva_02691	sva	p3_ord	p2_fam		short	pres	ছেলেটি প্রায়ই ঢাকায় থাকে।	ছেলেটি প্রায়ই ঢাকায় থাকো।
sva_02692	sva	p3_ord	p1		medium	pres	ছেলেটি সাধারণত বন্ধুদের সঙ্গে ঢাকায় থাকে।	ছেলেটি সাধারণত বন্ধুদের সঙ্গে ঢাকায় থাকি।
sva_02693	sva	p3_ord	p1		medium	pres	ছেলেটি প্রায়ই খুব মন দিয়ে ঢাকায় থাকে।	ছেলেটি প্রায়ই খুব মন দিয়ে ঢাকায় থাকি।
sva_02694	sva	p3_ord	p3_hon		medium	pres	ছেলেটি প্রতিদিন একা একা ঢাকায় থাকে।	ছেলেটি প্রতিদিন একা একা ঢাকায় থাকেন।
sva_02695	sva	p3_ord	p3_hon		medium	pres	ছেলেটি সাধারণত বাড়ির কাজ শেষ করে ঢাকায় থাকে।	ছেলেটি সাধারণত বাড়ির কাজ শেষ করে ঢাকায় থাকেন।
sva_02696	sva	p3_ord	p2_int		long	pres	ছেলেটি প্রতিদিন বাড়ির সব কাজ শেষ করে বন্ধুদের সঙ্গে ঢাকায় থাকে।	ছেলেটি প্রতিদিন বাড়ির সব কাজ শেষ করে বন্ধুদের সঙ্গে ঢাকায় থাকিস।
sva_02697	sva	p3_ord	p2_hon		long	pres	ছেলেটি সাধারণত দীর্ঘ ক্লান্তিকর পথ চলার শেষে একা একা ঢাকায় থাকে।	ছেলেটি সাধারণত দীর্ঘ ক্লান্তিকর পথ চলার শেষে একা একা ঢাকায় থাকেন।
sva_02698	sva	p3_ord	p1		long	pres	ছেলেটি প্রতিদিন পরীক্ষার প্রস্তুতির ফাঁকে অল্প সময়ের জন্য ঢাকায় থাকে।	ছেলেটি প্রতিদিন পরীক্ষার প্রস্তুতির ফাঁকে অল্প সময়ের জন্য ঢাকায় থাকি।
sva_02699	sva	p3_ord	p3_hon		long	pres	ছেলেটি প্রায়ই সব রকমের ব্যস্ততার মধ্যেও খুব মন দিয়ে ঢাকায় থাকে।	ছেলেটি প্রায়ই সব রকমের ব্যস্ততার মধ্যেও খুব মন দিয়ে ঢাকায় থাকেন।
sva_02700	sva	p3_ord	p1		none	pres	মেয়েটি ঢাকায় থাকে।	মেয়েটি ঢাকায় থাকি।
sva_02701	sva	p3_ord	p2_fam		short	pres	মেয়েটি প্রতিদিন ঢাকায় থাকে।	মেয়েটি প্রতিদিন ঢাকায় থাকো।
sva_02702	sva	p3_ord	p2_hon		medium	pres	মেয়েটি প্রতিদিন বন্ধুদের সঙ্গে ঢাকায় থাকে।	মেয়েটি প্রতিদিন বন্ধুদের সঙ্গে ঢাকায় থাকেন।
sva_02703	sva	p3_ord	p3_hon		medium	pres	মেয়েটি সাধারণত খুব মন দিয়ে ঢাকায় থাকে।	মেয়েটি সাধারণত খুব মন দিয়ে ঢাকায় থাকেন।
sva_02704	sva	p3_ord	p3_hon		medium	pres	মেয়েটি প্রতিদিন একা একা ঢাকায় থাকে।	মেয়েটি প্রতিদিন একা একা ঢাকায় থাকেন।
sva_02705	sva	p3_ord	p2_hon		medium	pres	মেয়েটি প্রতিদিন বাড়ির কাজ শেষ করে ঢাকায় থাকে।	মেয়েটি প্রতিদিন বাড়ির কাজ শেষ করে ঢাকায় থাকেন।
sva_02706	sva	p3_ord	p1		long	pres	মেয়েটি সাধারণত বাড়ির সব কাজ শেষ করে বন্ধুদের সঙ্গে ঢাকায় থাকে।	মেয়েটি সাধারণত বাড়ির সব কাজ শেষ করে বন্ধুদের সঙ্গে ঢাকায় থাকি।
sva_02707	sva	p3_ord	p3_hon		long	pres	মেয়েটি প্রায়ই দীর্ঘ ক্লান্তিকর পথ চলার শেষে একা একা ঢাকায় থাকে।	মেয়েটি প্রায়ই দীর্ঘ ক্লান্তিকর পথ চলার শেষে একা একা ঢাকায় থাকেন।
sva_02708	sva	p3_ord	p2_hon		long	pres	মেয়েটি প্রায়ই পরীক্ষার প্রস্তুতির ফাঁকে অল্প সময়ের জন্য ঢাকায় থাকে।	মেয়েটি প্রায়ই পরীক্ষার প্রস্তুতির ফাঁকে অল্প সময়ের জন্য ঢাকায় থাকেন।
sva_02709	sva	p3_ord	p2_fam		long	pres	মেয়েটি প্রায়ই সব রকমের ব্যস্ততার মধ্যেও খুব মন দিয়ে ঢাকায় থাকে।	মেয়েটি প্রায়ই সব রকমের ব্যস্ততার মধ্যেও খুব মন দিয়ে ঢাকায় থাকো।
sva_02710	sva	p3_ord	p3_hon		none	pres	আমার বন্ধু ঢাকায় থাকে।	আমার বন্ধু ঢাকায় থাকেন।
sva_02711	sva	p3_ord	p2_fam		short	pres	আমার বন্ধু সাধারণত ঢাকায় থাকে।	আমার বন্ধু সাধারণত ঢাকায় থাকো।
sva_02712	sva	p3_ord	p3_hon		medium	pres	আমার বন্ধু প্রায়ই বন্ধুদের সঙ্গে ঢাকায় থাকে।	আমার বন্ধু প্রায়ই বন্ধুদের সঙ্গে ঢাকায় থাকেন।
sva_02713	sva	p3_ord	p1		medium	pres	আমার বন্ধু সাধারণত খুব মন দিয়ে ঢাকায় থাকে।	আমার বন্ধু সাধারণত খুব মন দিয়ে ঢাকায় থাকি।
sva_02714	sva	p3_ord	p2_int		medium	pres	আমার বন্ধু প্রায়ই একা একা ঢাকায় থাকে।	আমার বন্ধু প্রায়ই একা একা ঢাকায় থাকিস।
sva_02715	sva	p3_ord	p3_hon		medium	pres	আমার বন্ধু প্রতিদিন বাড়ির কাজ শেষ করে ঢাকায় থাকে।	আমার বন্ধু প্রতিদিন বাড়ির কাজ শেষ করে ঢাকায় থাকেন।
sva_02716	sva	p3_ord	p2_fam		long	pres	আমার বন্ধু প্রায়ই বাড়ির সব কাজ শেষ করে বন্ধুদের সঙ্গে ঢাকায় থাকে।	আমার বন্ধু প্রায়ই বাড়ির সব কাজ শেষ করে বন্ধুদের সঙ্গে ঢাকায় থাকো।
sva_02717	sva	p3_ord	p2_hon		long	pres	আমার বন্ধু প্রায়ই দীর্ঘ ক্লান্তিকর পথ চলার শেষে একা একা ঢাকায় থাকে।	আমার বন্ধু প্রায়ই দীর্ঘ ক্লান্তিকর পথ চলার শেষে একা একা ঢাকায় থাকেন।
sva_02718	sva	p3_ord	p2_int		long	pres	আমার বন্ধু সাধারণত পরীক্ষার প্রস্তুতির ফাঁকে অল্প সময়ের জন্য ঢাকায় থাকে।	আমার বন্ধু সাধারণত পরীক্ষার প্রস্তুতির ফাঁকে অল্প সময়ের জন্য ঢাকায় থাকিস।
sva_02719	sva	p3_ord	p2_fam		long	pres	আমার বন্ধু প্রায়ই সব রকমের ব্যস্ততার মধ্যেও খুব মন দিয়ে ঢাকায় থাকে।	আমার বন্ধু প্রায়ই সব রকমের ব্যস্ততার মধ্যেও খুব মন দিয়ে ঢাকায় থাকো।
sva_02720	sva	p3_ord	p3_hon		none	pres	রহিম ঢাকায় থাকে।	রহিম ঢাকায় থাকেন।
sva_02721	sva	p3_ord	p2_hon		short	pres	রহিম প্রায়ই ঢাকায় থাকে।	রহিম প্রায়ই ঢাকায় থাকেন।
sva_02722	sva	p3_ord	p2_hon		medium	pres	রহিম প্রতিদিন বন্ধুদের সঙ্গে ঢাকায় থাকে।	রহিম প্রতিদিন বন্ধুদের সঙ্গে ঢাকায় থাকেন।
sva_02723	sva	p3_ord	p2_int		medium	pres	রহিম প্রায়ই খুব মন দিয়ে ঢাকায় থাকে।	রহিম প্রায়ই খুব মন দিয়ে ঢাকায় থাকিস।
sva_02724	sva	p3_ord	p1		medium	pres	রহিম সাধারণত একা একা ঢাকায় থাকে।	রহিম সাধারণত একা একা ঢাকায় থাকি।
sva_02725	sva	p3_ord	p1		medium	pres	রহিম সাধারণত বাড়ির কাজ শেষ করে ঢাকায় থাকে।	রহিম সাধারণত বাড়ির কাজ শেষ করে ঢাকায় থাকি।
sva_02726	sva	p3_ord	p3_hon		long	pres	রহিম সাধারণত বাড়ির সব কাজ শেষ করে বন্ধুদের সঙ্গে ঢাকায় থাকে।	রহিম সাধারণত বাড়ির সব কাজ শেষ করে বন্ধুদের সঙ্গে ঢাকায় থাকেন।
sva_02727	sva	p3_ord	p1		long	pres	রহিম সাধারণত দীর্ঘ ক্লান্তিকর পথ চলার শেষে একা একা ঢাকায় থাকে।	রহিম সাধারণত দীর্ঘ ক্লান্তিকর পথ চলার শেষে একা একা ঢাকায় থাকি।
sva_02728	sva	p3_ord	p1		long	pres	রহিম প্রতিদিন পরীক্ষার প্রস্তুতির ফাঁকে অল্প সময়ের জন্য ঢাকায় থাকে।	রহিম প্রতিদিন পরীক্ষার প্রস্তুতির ফাঁকে অল্প সময়ের জন্য ঢাকায় থাকি।
sva_02729	sva	p3_ord	p1		long	pres	রহিম প্রায়ই সব রকমের ব্যস্ততার মধ্যেও খুব মন দিয়ে ঢাকায় থাকে।	রহিম প্রায়ই সব রকমের ব্যস্ততার মধ্যেও খুব মন দিয়ে ঢাকায় থাকি।
sva_02730	sva	p3_hon	p1		none	pres	তিনি ঢাকায় থাকেন।	তিনি ঢাকায় থাকি।
sva_02731	sva	p3_hon	p1		short	pres	তিনি সাধারণত ঢাকায় থাকেন।	তিনি সাধারণত ঢাকায় থাকি।
sva_02732	sva	p3_hon	p2_int		medium	pres	তিনি সাধারণত বন্ধুদের সঙ্গে ঢাকায় থাকেন।	তিনি সাধারণত বন্ধুদের সঙ্গে ঢাকায় থাকিস।
sva_02733	sva	p3_hon	p2_fam		medium	pres	তিনি সাধারণত খুব মন দিয়ে ঢাকায় থাকেন।	তিনি সাধারণত খুব মন দিয়ে ঢাকায় থাকো।
sva_02734	sva	p3_hon	p2_fam		medium	pres	তিনি সাধারণত একা একা ঢাকায় থাকেন।	তিনি সাধারণত একা একা ঢাকায় থাকো।
sva_02735	sva	p3_hon	p3_ord		medium	pres	তিনি সাধারণত বাড়ির কাজ শেষ করে ঢাকায় থাকেন।	তিনি সাধারণত বাড়ির কাজ শেষ করে ঢাকায় থাকে।
sva_02736	sva	p3_hon	p1		long	pres	তিনি প্রতিদিন বাড়ির সব কাজ শেষ করে বন্ধুদের সঙ্গে ঢাকায় থাকেন।	তিনি প্রতিদিন বাড়ির সব কাজ শেষ করে বন্ধুদের সঙ্গে ঢাকায় থাকি।
sva_02737	sva	p3_hon	p3_ord		long	pres	তিনি প্রতিদিন দীর্ঘ ক্লান্তিকর পথ চলার শেষে একা একা ঢাকায় থাকেন।	তিনি প্রতিদিন দীর্ঘ ক্লান্তিকর পথ চলার শেষে একা একা ঢাকায় থাকে।
sva_02738	sva	p3_hon	p1		long	pres	তিনি সাধারণত পরীক্ষার প্রস্তুতির ফাঁকে অল্প সময়ের জন্য ঢাকায় থাকেন।	তিনি সাধারণত পরীক্ষার প্রস্তুতির ফাঁকে অল্প সময়ের জন্য ঢাকায় থাকি।
sva_02739	sva	p3_hon	p2_int		long	pres	তিনি সাধারণত সব রকমের ব্যস্ততার মধ্যেও খুব মন দিয়ে ঢাকায় থাকেন।	তিনি সাধারণত সব রকমের ব্যস্ততার মধ্যেও খুব মন দিয়ে ঢাকায় থাকিস।
sva_02740	sva	p3_hon	p1		none	pres	উনি ঢাকায় থাকেন।	উনি ঢাকায় থাকি।
sva_02741	sva	p3_hon	p3_ord		short	pres	উনি সাধারণত ঢাকায় থাকেন।	উনি সাধারণত ঢাকায় থাকে।
sva_02742	sva	p3_hon	p2_int		medium	pres	উনি সাধারণত বন্ধুদের সঙ্গে ঢাকায় থাকেন।	উনি সাধারণত বন্ধুদের সঙ্গে ঢাকায় থাকিস।
sva_02743	sva	p3_hon	p2_fam		medium	pres	উনি প্রতিদিন খুব মন দিয়ে ঢাকায় থাকেন।	উনি প্রতিদিন খুব মন দিয়ে ঢাকায় থাকো।
sva_02744	sva	p3_hon	p3_ord		medium	pres	উনি প্রতিদিন একা একা ঢাকায় থাকেন।	উনি প্রতিদিন একা একা ঢাকায় থাকে।
sva_02745	sva	p3_hon	p2_fam		medium	pres	উনি প্রায়ই বাড়ির কাজ শেষ করে ঢাকায় থাকেন।	উনি প্রায়ই বাড়ির কাজ শেষ করে ঢাকায় থাকো।
sva_02746	sva	p3_hon	p3_ord		long	pres	উনি সাধারণত বাড়ির সব কাজ শেষ করে বন্ধুদের সঙ্গে ঢাকায় থাকেন।	উনি সাধারণত বাড়ির সব কাজ শেষ করে বন্ধুদের সঙ্গে ঢাকায় থাকে।
sva_02747	sva	p3_hon	p2_fam		long	pres	উনি প্রতিদিন দীর্ঘ ক্লান্তিকর পথ চলার শেষে একা একা ঢাকায় থাকেন।	উনি প্রতিদিন দীর্ঘ ক্লান্তিকর পথ চলার শেষে একা একা ঢাকায় থাকো।
sva_02748	sva	p3_hon	p3_ord		long	pres	উনি সাধারণত পরীক্ষার প্রস্তুতির ফাঁকে অল্প সময়ের জন্য ঢাকায় থাকেন।	উনি সাধারণত পরীক্ষার প্রস্তুতির ফাঁকে অল্প সময়ের জন্য ঢাকায় থাকে।
sva_02749	sva	p3_hon	p2_int		long	pres	উনি সাধারণত সব রকমের ব্যস্ততার মধ্যেও খুব মন দিয়ে ঢাকায় থাকেন।	উনি সাধারণত সব রকমের ব্যস্ততার মধ্যেও খুব মন দিয়ে ঢাকায় থাকিস।
sva_02750	sva	p1	p3_ord		none	past	আমি ঢাকায় থাকলাম।	আমি ঢাকায় থাকলো।
sva_02751	sva	p1	p2_fam		short	past	আমি কাল সন্ধ্যায় ঢাকায় থাকলাম।	আমি কাল সন্ধ্যায় ঢাকায় থাকলে।
sva_02752	sva	p1	p2_hon		medium	past	আমি গতকাল বন্ধুদের সঙ্গে ঢাকায় থাকলাম।	আমি গতকাল বন্ধুদের সঙ্গে ঢাকায় থাকলেন।
sva_02753	sva	p1	p2_fam		medium	past	আমি গত সপ্তাহে খুব মন দিয়ে ঢাকায় থাকলাম।	আমি গত সপ্তাহে খুব মন দিয়ে ঢাকায় থাকলে।
sva_02754	sva	p1	p3_ord		medium	past	আমি গতকাল একা একা ঢাকায় থাকলাম।	আমি গতকাল একা একা ঢাকায় থাকলো।
sva_02755	sva	p1	p3_hon		medium	past	আমি গতকাল বাড়ির কাজ শেষ করে ঢাকায় থাকলাম।	আমি গতকাল বাড়ির কাজ শেষ করে ঢাকায় থাকলেন।
sva_02756	sva	p1	p3_hon		long	past	আমি গত সপ্তাহে বাড়ির সব কাজ শেষ করে বন্ধুদের সঙ্গে ঢাকায় থাকলাম।	আমি গত সপ্তাহে বাড়ির সব কাজ শেষ করে বন্ধুদের সঙ্গে ঢাকায় থাকলেন।
sva_02757	sva	p1	p2_int		long	past	আমি কাল সন্ধ্যায় দীর্ঘ ক্লান্তিকর পথ চলার শেষে একা একা ঢাকায় থাকলাম।	আমি কাল সন্ধ্যায় দীর্ঘ ক্লান্তিকর পথ চলার শেষে একা একা ঢাকায় থাকলি।
sva_02758	sva	p1	p2_fam		long	past	আমি গত সপ্তাহে পরীক্ষার প্রস্তুতির ফাঁকে অল্প সময়ের জন্য ঢাকায় থাকলাম।	আমি গত সপ্তাহে পরীক্ষার প্রস্তুতির ফাঁকে অল্প সময়ের জন্য ঢাকায় থাকলে।
sva_02759	sva	p1	p2_fam		long	past	আমি গতকাল সব রকমের ব্যস্ততার মধ্যেও খুব মন দিয়ে ঢাকায় থাকলাম।	আমি গতকাল সব রকমের ব্যস্ততার মধ্যেও খুব মন দিয়ে ঢাকায় থাকলে।
sva_02760	sva	p2_int	p3_ord		none	past	তুই ঢাকায় থাকলি।	তুই ঢাকায় থাকলো।
sva_02761	sva	p2_int	p3_hon		short	past	তুই গতকাল ঢাকায় থাকলি।	তুই গতকাল ঢাকায় থাকলেন।
sva_02762	sva	p2_int	p2_hon		medium	past	তুই গতকাল বন্ধুদের সঙ্গে ঢাকায় থাকলি।	তুই গতকাল বন্ধুদের সঙ্গে ঢাকায় থাকলেন।
sva_02763	sva	p2_int	p3_hon		medium	past	তুই কাল সন্ধ্যায় খুব মন দিয়ে ঢাকায় থাকলি।	তুই কাল সন্ধ্যায় খুব মন দিয়ে ঢাকায় থাকলেন।
sva_02764	sva	p2_int	p2_fam		medium	past	তুই গতকাল একা একা ঢাকায় থাকলি।	তুই গতকাল একা একা ঢাকায় থাকলে।
sva_02765	sva	p2_int	p3_hon		medium	past	তুই গত সপ্তাহে বাড়ির কাজ শেষ করে ঢাকায় থাকলি।	তুই গত সপ্তাহে বাড়ির কাজ শেষ করে ঢাকায় থাকলেন।
sva_02766	sva	p2_int	p3_hon		long	past	তুই কাল সন্ধ্যায় বাড়ির সব কাজ শেষ করে বন্ধুদের সঙ্গে ঢাকায় থাকলি।	তুই কাল সন্ধ্যায় বাড়ির সব কাজ শেষ করে বন্ধুদের সঙ্গে ঢাকায় থাকলেন।
sva_02767	sva	p2_int	p3_ord		long	past	তুই গতকাল দীর্ঘ ক্লান্তিকর পথ চলার শেষে একা একা ঢাকায় থাকলি।	তুই গতকাল দীর্ঘ ক্লান্তিকর পথ চলার শেষে একা একা ঢাকায় থাকলো।
sva_02768	sva	p2_int	p2_fam		long	past	তুই কাল সন্ধ্যায় পরীক্ষার প্রস্তুতির ফাঁকে অল্প সময়ের জন্য ঢাকায় থাকলি।	তুই কাল সন্ধ্যায় পরীক্ষার প্রস্তুতির ফাঁকে অল্প সময়ের জন্য ঢাকায় থাকলে।
sva_02769	sva	p2_int	p2_fam		long	past	তুই গতকাল সব রকমের ব্যস্ততার মধ্যেও খুব মন দিয়ে ঢাকায় থাকলি।	তুই গতকাল সব রকমের ব্যস্ততার মধ্যেও খুব মন দিয়ে ঢাকায় থাকলে।
sva_02770	sva	p2_fam	p2_hon		none	past	তুমি ঢাকায় থাকলে।	তুমি ঢাকায় থাকলেন।
sva_02771	sva	p2_fam	p1		short	past	তুমি গতকাল ঢাকায় থাকলে।	তুমি গতকাল ঢাকায় থাকলাম।
sva_02772	sva	p2_fam	p1		medium	past	তুমি গতকাল বন্ধুদের সঙ্গে ঢাকায় থাকলে।	তুমি গতকাল বন্ধুদের সঙ্গে ঢাকায় থাকলাম।
sva_02773	sva	p2_fam	p1		medium	past	তুমি গত সপ্তাহে খুব মন দিয়ে ঢাকায় থাকলে।	তুমি গত সপ্তাহে খুব মন দিয়ে ঢাকায় থাকলাম।
sva_02774	sva	p2_fam	p3_hon		medium	past	তুমি গত সপ্তাহে একা একা ঢাকায় থাকলে।	তুমি গত সপ্তাহে একা একা ঢাকায় থাকলেন।
sva_02775	sva	p2_fam	p1		medium	past	তুমি কাল সন্ধ্যায় বাড়ির কাজ শেষ করে ঢাকায় থাকলে।	তুমি কাল সন্ধ্যায় বাড়ির কাজ শেষ করে ঢাকায় থাকলাম।
sva_02776	sva	p2_fam	p3_ord		long	past	তুমি গতকাল বাড়ির সব কাজ শেষ করে বন্ধুদের সঙ্গে ঢাকায় থাকলে।	তুমি গতকাল বাড়ির সব কাজ শেষ করে বন্ধুদের সঙ্গে ঢাকায় থাকলো।
sva_02777	sva	p2_fam	p2_hon		long	past	তুমি গত সপ্তাহে দীর্ঘ ক্লান্তিকর পথ চলার শেষে একা একা ঢাকায় থাকলে।	তুমি গত সপ্তাহে দীর্ঘ ক্লান্তিকর পথ চলার শেষে একা একা ঢাকায় থাকলেন।
sva_02778	sva	p2_fam	p3_ord		long	past	তুমি গতকাল পরীক্ষার প্রস্তুতির ফাঁকে অল্প সময়ের জন্য ঢাকায় থাকলে।	তুমি গতকাল পরীক্ষার প্রস্তুতির ফাঁকে অল্প সময়ের জন্য ঢাকায় থাকলো।
sva_02779	sva	p2_fam	p2_hon		long	past	তুমি গতকাল সব রকমের ব্যস্ততার মধ্যেও খুব মন দিয়ে ঢাকায় থাকলে।	তুমি গতকাল সব রকমের ব্যস্ততার মধ্যেও খুব মন দিয়ে ঢাকায় থাকলেন।
sva_02780	sva	p2_hon	p3_ord		none	past	আপনি ঢাকায় থাকলেন।	আপনি ঢাকায় থাকলো।
sva_02781	sva	p2_hon	p2_int		short	past	আপনি গত সপ্তাহে ঢাকায় থাকলেন।	আপনি গত সপ্তাহে ঢাকায় থাকলি।
sva_02782	sva	p2_hon	p2_fam		medium	past	আপনি গত সপ্তাহে বন্ধুদের সঙ্গে ঢাকায় থাকলেন।	আপনি গত সপ্তাহে বন্ধুদের সঙ্গে ঢাকায় থাকলে।
sva_02783	sva	p2_hon	p2_int		medium	past	আপনি কাল সন্ধ্যায় খুব মন দিয়ে ঢাকায় থাকলেন।	আপনি কাল সন্ধ্যায় খুব মন দিয়ে ঢাকায় থাকলি।
sva_02784	sva	p2_hon	p2_fam		medium	past	আপনি গত সপ্তাহে একা একা ঢাকায় থাকলেন।	আপনি গত সপ্তাহে একা একা ঢাকায় থাকলে।
sva_02785	sva	p2_hon	p2_fam		medium	past	আপনি গত সপ্তাহে বাড়ির কাজ শেষ করে ঢাকায় থাকলেন।	আপনি গত সপ্তাহে বাড়ির কাজ শেষ করে ঢাকায় থাকলে।
sva_02786	sva	p2_hon	p2_int		long	past	আপনি গতকাল বাড়ির সব কাজ শেষ করে বন্ধুদের সঙ্গে ঢাকায় থাকলেন।	আপনি গতকাল বাড়ির সব কাজ শেষ করে বন্ধুদের সঙ্গে ঢাকায় থাকলি।
sva_02787	sva	p2_hon	p2_fam		long	past	আপনি গত সপ্তাহে দীর্ঘ ক্লান্তিকর পথ চলার শেষে একা একা ঢাকায় থাকলেন।	আপনি গত সপ্তাহে দীর্ঘ ক্লান্তিকর পথ চলার শেষে একা একা ঢাকায় থাকলে।
sva_02788	sva	p2_hon	p2_int		long	past	আপনি গতকাল পরীক্ষার প্রস্তুতির ফাঁকে অল্প সময়ের জন্য ঢাকায় থাকলেন।	আপনি গতকাল পরীক্ষার প্রস্তুতির ফাঁকে অল্প সময়ের জন্য ঢাকায় থাকলি।
sva_02789	sva	p2_hon	p3_ord		long	past	আপনি কাল সন্ধ্যায় সব রকমের ব্যস্ততার মধ্যেও খুব মন দিয়ে ঢাকায় থাকলেন।	আপনি কাল সন্ধ্যায় সব রকমের ব্যস্ততার মধ্যেও খুব মন দিয়ে ঢাকায় থাকলো।
sva_02790	sva	p3_ord	p2_hon		none	past	সে ঢাকায় থাকলো।	সে ঢাকায় থাকলেন।
sva_02791	sva	p3_ord	p3_hon		short	past	সে গতকাল ঢাকায় থাকলো।	সে গতকাল ঢাকায় থাকলেন।
sva_02792	sva	p3_ord	p1		medium	past	সে গতকাল বন্ধুদের সঙ্গে ঢাকায় থাকলো।	সে গতকাল বন্ধুদের সঙ্গে ঢাকায় থাকলাম।
sva_02793	sva	p3_ord	p2_hon		medium	past	সে কাল সন্ধ্যায় খুব মন দিয়ে ঢাকায় থাকলো।	সে কাল সন্ধ্যায় খুব মন দিয়ে ঢাকায় থাকলেন।
sva_02794	sva	p3_ord	p2_hon		medium	past	সে কাল সন্ধ্যায় একা একা ঢাকায় থাকলো।	সে কাল সন্ধ্যায় একা একা ঢাকায় থাকলেন।
sva_02795	sva	p3_ord	p2_fam		medium	past	সে কাল সন্ধ্যায় বাড়ির কাজ শেষ করে ঢাকায় থাকলো।	সে কাল সন্ধ্যায় বাড়ির কাজ শেষ করে ঢাকায় থাকলে।
sva_02796	sva	p3_ord	p3_hon		long	past	সে কাল সন্ধ্যায় বাড়ির সব কাজ শেষ করে বন্ধুদের সঙ্গে ঢাকায় থাকলো।	সে কাল সন্ধ্যায় বাড়ির সব কাজ শেষ করে বন্ধুদের সঙ্গে ঢাকায় থাকলেন।
sva_02797	sva	p3_ord	p1		long	past	সে গত সপ্তাহে দীর্ঘ ক্লান্তিকর পথ চলার শেষে একা একা ঢাকায় থাকলো।	সে গত সপ্তাহে দীর্ঘ ক্লান্তিকর পথ চলার শেষে একা একা ঢাকায় থাকলাম।
sva_02798	sva	p3_ord	p2_int		long	past	সে গত সপ্তাহে পরীক্ষার প্রস্তুতির ফাঁকে অল্প সময়ের জন্য ঢাকায় থাকলো।	সে গত সপ্তাহে পরীক্ষার প্রস্তুতির ফাঁকে অল্প সময়ের জন্য ঢাকায় থাকলি।
sva_02799	sva	p3_ord	p3_hon		long	past	সে গতকাল সব রকমের ব্যস্ততার মধ্যেও খুব মন দিয়ে ঢাকায় থাকলো।	সে গতকাল সব রকমের ব্যস্ততার মধ্যেও খুব মন দিয়ে ঢাকায় থাকলেন।
sva_02800	sva	p3_ord	p2_hon		none	past	ছেলেটি ঢাকায় থাকলো।	ছেলেটি ঢাকায় থাকলেন।
sva_02801	sva	p3_ord	p2_int		short	past	ছেলেটি কাল সন্ধ্যায় ঢাকায় থাকলো।	ছেলেটি কাল সন্ধ্যায় ঢাকায় থাকলি।
sva_02802	sva	p3_ord	p2_fam		medium	past	ছেলেটি গত সপ্তাহে বন্ধুদের সঙ্গে ঢাকায় থাকলো।	ছেলেটি গত সপ্তাহে বন্ধুদের সঙ্গে ঢাকায় থাকলে।
sva_02803	sva	p3_ord	p2_int		medium	past	ছেলেটি কাল সন্ধ্যায় খুব মন দিয়ে ঢাকায় থাকলো।	ছেলেটি কাল সন্ধ্যায় খুব মন দিয়ে ঢাকায় থাকলি।
sva_02804	sva	p3_ord	p1		medium	past	ছেলেটি গতকাল একা একা ঢাকায় থাকলো।	ছেলেটি গতকাল একা একা ঢাকায় থাকলাম।
sva_02805	sva	p3_ord	p2_fam		medium	past	ছেলেটি কাল সন্ধ্যায় বাড়ির কাজ শেষ করে ঢাকায় থাকলো।	ছেলেটি কাল সন্ধ্যায় বাড়ির কাজ শেষ করে ঢাকায় থাকলে।
sva_02806	sva	p3_ord	p2_hon		long	past	ছেলেটি গতকাল বাড়ির সব কাজ শেষ করে বন্ধুদের সঙ্গে ঢাকায় থাকলো।	ছেলেটি গতকাল বাড়ির সব কাজ শেষ করে বন্ধুদের সঙ্গে ঢাকায় থাকলেন।
sva_02807	sva	p3_ord	p1		long	past	ছেলেটি কাল সন্ধ্যায় দীর্ঘ ক্লান্তিকর পথ চলার শেষে একা একা ঢাকায় থাকলো।	ছেলেটি কাল সন্ধ্যায় দীর্ঘ ক্লান্তিকর পথ চলার শেষে একা একা ঢাকায় থাকলাম।
sva_02808	sva	p3_ord	p2_int		long	past	ছেলেটি গত সপ্তাহে পরীক্ষার প্রস্তুতির ফাঁকে অল্প সময়ের জন্য ঢাকায় থাকলো।	ছেলেটি গত সপ্তাহে পরীক্ষার প্রস্তুতির ফাঁকে অল্প সময়ের জন্য ঢাকায় থাকলি।
sva_02809	sva	p3_ord	p2_int		long	past	ছেলেটি গত সপ্তাহে সব রকমের ব্যস্ততার মধ্যেও খুব মন দিয়ে ঢাকায় থাকলো।	ছেলেটি গত সপ্তাহে সব রকমের ব্যস্ততার মধ্যেও খুব মন দিয়ে ঢাকায় থাকলি।
sva_02810	sva	p3_ord	p3_hon		none	past	মেয়েটি ঢাকায় থাকলো।	মেয়েটি ঢাকায় থাকলেন।
sva_02811	sva	p3_ord	p1		short	past	মেয়েটি কাল সন্ধ্যায় ঢাকায় থাকলো।	মেয়েটি কাল সন্ধ্যায় ঢাকায় থাকলাম।
sva_02812	sva	p3_ord	p2_fam		medium	past	মেয়েটি কাল সন্ধ্যায় বন্ধুদের সঙ্গে ঢাকায় থাকলো।	মেয়েটি কাল সন্ধ্যায় বন্ধুদের সঙ্গে ঢাকায় থাকলে।
sva_02813	sva	p3_ord	p1		medium	past	মেয়েটি গত সপ্তাহে খুব মন দিয়ে ঢাকায় থাকলো।	মেয়েটি গত সপ্তাহে খুব মন দিয়ে ঢাকায় থাকলাম।
sva_02814	sva	p3_ord	p1		medium	past	মেয়েটি গতকাল একা একা ঢাকায় থাকলো।	মেয়েটি গতকাল একা একা ঢাকায় থাকলাম।
sva_02815	sva	p3_ord	p2_hon		medium	past	মেয়েটি কাল সন্ধ্যায় বাড়ির কাজ শেষ করে ঢাকায় থাকলো।	মেয়েটি কাল সন্ধ্যায় বাড়ির কাজ শেষ করে ঢাকায় থাকলেন।
sva_02816	sva	p3_ord	p1		long	past	মেয়েটি গতকাল বাড়ির সব কাজ শেষ করে বন্ধুদের সঙ্গে ঢাকায় থাকলো।	মেয়েটি গতকাল বাড়ির সব কাজ শেষ করে বন্ধুদের সঙ্গে ঢাকায় থাকলাম।
sva_02817	sva	p3_ord	p2_hon		long	past	মেয়েটি গত সপ্তাহে দীর্ঘ ক্লান্তিকর পথ চলার শেষে একা একা ঢাকায় থাকলো।	মেয়েটি গত সপ্তাহে দীর্ঘ ক্লান্তিকর পথ চলার শেষে একা একা ঢাকায় থাকলেন।
sva_02818	sva	p3_ord	p2_int		long	past	মেয়েটি গত সপ্তাহে পরীক্ষার প্রস্তুতির ফাঁকে অল্প সময়ের জন্য ঢাকায় থাকলো।	মেয়েটি গত সপ্তাহে পরীক্ষার প্রস্তুতির ফাঁকে অল্প সময়ের জন্য ঢাকায় থাকলি।
sva_02819	sva	p3_ord	p2_int		long	past	মেয়েটি গত সপ্তাহে সব রকমের ব্যস্ততার মধ্যেও খুব মন দিয়ে ঢাকায় থাকলো।	মেয়েটি গত সপ্তাহে সব রকমের ব্যস্ততার মধ্যেও খুব মন দিয়ে ঢাকায় থাকলি।
sva_02820	sva	p3_ord	p2_hon		none	past	আমার বন্ধু ঢাকায় থাকলো।	আমার বন্ধু ঢাকায় থাকলেন।
sva_02821	sva	p3_ord	p1		short	past	আমার বন্ধু গতকাল ঢাকায় থাকলো।	আমার বন্ধু গতকাল ঢাকায় থাকলাম।
sva_02822	sva	p3_ord	p2_fam		medium	past	আমার বন্ধু গতকাল বন্ধুদের সঙ্গে ঢাকায় থাকলো।	আমার বন্ধু গতকাল বন্ধুদের সঙ্গে ঢাকায় থাকলে।
sva_02823	sva	p3_ord	p2_fam		medium	past	আমার বন্ধু কাল সন্ধ্যায় খুব মন দিয়ে ঢাকায় থাকলো।	আমার বন্ধু কাল সন্ধ্যায় খুব মন দিয়ে ঢাকায় থাকলে।
sva_02824	sva	p3_ord	p2_int		medium	past	আমার বন্ধু গত সপ্তাহে একা একা ঢাকায় থাকলো।	আমার বন্ধু গত সপ্তাহে একা একা ঢাকায় থাকলি।
sva_02825	sva	p3_ord	p2_fam		medium	past	আমার বন্ধু গত সপ্তাহে বাড়ির কাজ শেষ করে ঢাকায় থাকলো।	আমার বন্ধু গত সপ্তাহে বাড়ির কাজ শেষ করে ঢাকায় থাকলে।
sva_02826	sva	p3_ord	p2_fam		long	past	আমার বন্ধু গতকাল বাড়ির সব কাজ শেষ করে বন্ধুদের সঙ্গে ঢাকায় থাকলো।	আমার বন্ধু গতকাল বাড়ির সব কাজ শেষ করে বন্ধুদের সঙ্গে ঢাকায় থাকলে।
sva_02827	sva	p3_ord	p3_hon		long	past	আমার বন্ধু কাল সন্ধ্যায় দীর্ঘ ক্লান্তিকর পথ চলার শেষে একা একা ঢাকায় থাকলো।	আমার বন্ধু কাল সন্ধ্যায় দীর্ঘ ক্লান্তিকর পথ চলার শেষে একা একা ঢাকায় থাকলেন।
sva_02828	sva	p3_ord	p2_hon		long	past	আমার বন্ধু গতকাল পরীক্ষার প্রস্তুতির ফাঁকে অল্প সময়ের জন্য ঢাকায় থাকলো।	আমার বন্ধু গতকাল পরীক্ষার প্রস্তুতির ফাঁকে অল্প সময়ের জন্য ঢাকায় থাকলেন।
sva_02829	sva	p3_ord	p2_int		long	past	আমার বন্ধু গত সপ্তাহে সব রকমের ব্যস্ততার মধ্যেও খুব মন দিয়ে ঢাকায় থাকলো।	আমার বন্ধু গত সপ্তাহে সব রকমের ব্যস্ততার মধ্যেও খুব মন দিয়ে ঢাকায় থাকলি।
sva_02830	sva	p3_ord	p3_hon		none	past	রহিম ঢাকায় থাকলো।	রহিম ঢাকায় থাকলেন।
sva_02831	sva	p3_ord	p2_fam		short	past	রহিম গতকাল ঢাকায় থাকলো।	রহিম গতকাল ঢাকায় থাকলে।
sva_02832	sva	p3_ord	p1		medium	past	রহিম গত সপ্তাহে বন্ধুদের সঙ্গে ঢাকায় থাকলো।	রহিম গত সপ্তাহে বন্ধুদের সঙ্গে ঢাকায় থাকলাম।
sva_02833	sva	p3_ord	p2_hon		medium	past	রহিম গতকাল খুব মন দিয়ে ঢাকায় থাকলো।	রহিম গতকাল খুব মন দিয়ে ঢাকায় থাকলেন।
sva_02834	sva	p3_ord	p2_int		medium	past	রহিম কাল সন্ধ্যায় একা একা ঢাকায় থাকলো।	রহিম কাল সন্ধ্যায় একা একা ঢাকায় থাকলি।
sva_02835	sva	p3_ord	p1		medium	past	রহিম কাল সন্ধ্যায় বাড়ির কাজ শেষ করে ঢাকায় থাকলো।	রহিম কাল সন্ধ্যায় বাড়ির কাজ শেষ করে ঢাকায় থাকলাম।
sva_02836	sva	p3_ord	p2_int		long	past	রহিম গতকাল বাড়ির সব কাজ শেষ করে বন্ধুদের সঙ্গে ঢাকায় থাকলো।	রহিম গতকাল বাড়ির সব কাজ শেষ করে বন্ধুদের সঙ্গে ঢাকায় থাকলি।
sva_02837	sva	p3_ord	p2_hon		long	past	রহিম গত সপ্তাহে দীর্ঘ ক্লান্তিকর পথ চলার শেষে একা একা ঢাকায় থাকলো।	রহিম গত সপ্তাহে দীর্ঘ ক্লান্তিকর পথ চলার শেষে একা একা ঢাকায় থাকলেন।
sva_02838	sva	p3_ord	p2_fam		long	past	রহিম গত সপ্তাহে পরীক্ষার প্রস্তুতির ফাঁকে অল্প সময়ের জন্য ঢাকায় থাকলো।	রহিম গত সপ্তাহে পরীক্ষার প্রস্তুতির ফাঁকে অল্প সময়ের জন্য ঢাকায় থাকলে।
sva_02839	sva	p3_ord	p2_int		long	past	রহিম গতকাল সব রকমের ব্যস্ততার মধ্যেও খুব মন দিয়ে ঢাকায় থাকলো।	রহিম গতকাল সব রকমের ব্যস্ততার মধ্যেও খুব মন দিয়ে ঢাকায় থাকলি।
sva_02840	sva	p3_hon	p2_fam		none	past	তিনি ঢাকায় থাকলেন।	তিনি ঢাকায় থাকলে।
sva_02841	sva	p3_hon	p1		short	past	তিনি কাল সন্ধ্যায় ঢাকায় থাকলেন।	তিনি কাল সন্ধ্যায় ঢাকায় থাকলাম।
sva_02842	sva	p3_hon	p1		medium	past	তিনি গত সপ্তাহে বন্ধুদের সঙ্গে ঢাকায় থাকলেন।	তিনি গত সপ্তাহে বন্ধুদের সঙ্গে ঢাকায় থাকলাম।
sva_02843	sva	p3_hon	p1		medium	past	তিনি গত সপ্তাহে খুব মন দিয়ে ঢাকায় থাকলেন।	তিনি গত সপ্তাহে খুব মন দিয়ে ঢাকায় থাকলাম।
sva_02844	sva	p3_hon	p3_ord		medium	past	তিনি কাল সন্ধ্যায় একা একা ঢাকায় থাকলেন।	তিনি কাল সন্ধ্যায় একা একা ঢাকায় থাকলো।
sva_02845	sva	p3_hon	p2_int		medium	past	তিনি কাল সন্ধ্যায় বাড়ির কাজ শেষ করে ঢাকায় থাকলেন।	তিনি কাল সন্ধ্যায় বাড়ির কাজ শেষ করে ঢাকায় থাকলি।
sva_02846	sva	p3_hon	p2_int		long	past	তিনি গত সপ্তাহে বাড়ির সব কাজ শেষ করে বন্ধুদের সঙ্গে ঢাকায় থাকলেন।	তিনি গত সপ্তাহে বাড়ির সব কাজ শেষ করে বন্ধুদের সঙ্গে ঢাকায় থাকলি।
sva_02847	sva	p3_hon	p2_int		long	past	তিনি গতকাল দীর্ঘ ক্লান্তিকর পথ চলার শেষে একা একা ঢাকায় থাকলেন।	তিনি গতকাল দীর্ঘ ক্লান্তিকর পথ চলার শেষে একা একা ঢাকায় থাকলি।
sva_02848	sva	p3_hon	p3_ord		long	past	তিনি কাল সন্ধ্যায় পরীক্ষার প্রস্তুতির ফাঁকে অল্প সময়ের জন্য ঢাকায় থাকলেন।	তিনি কাল সন্ধ্যায় পরীক্ষার প্রস্তুতির ফাঁকে অল্প সময়ের জন্য ঢাকায় থাকলো।
sva_02849	sva	p3_hon	p2_fam		long	past	তিনি গত সপ্তাহে সব রকমের ব্যস্ততার মধ্যেও খুব মন দিয়ে ঢাকায় থাকলেন।	তিনি গত সপ্তাহে সব রকমের ব্যস্ততার মধ্যেও খুব মন দিয়ে ঢাকায় থাকলে।
sva_02850	sva	p3_hon	p1		none	past	উনি ঢাকায় থাকলেন।	উনি ঢাকায় থাকলাম।
sva_02851	sva	p3_hon	p1		short	past	উনি কাল সন্ধ্যায় ঢাকায় থাকলেন।	উনি কাল সন্ধ্যায় ঢাকায় থাকলাম।
sva_02852	sva	p3_hon	p3_ord		medium	past	উনি গতকাল বন্ধুদের সঙ্গে ঢাকায় থাকলেন।	উনি গতকাল বন্ধুদের সঙ্গে ঢাকায় থাকলো।
sva_02853	sva	p3_hon	p1		medium	past	উনি গতকাল খুব মন দিয়ে ঢাকায় থাকলেন।	উনি গতকাল খুব মন দিয়ে ঢাকায় থাকলাম।
sva_02854	sva	p3_hon	p2_fam		medium	past	উনি কাল সন্ধ্যায় একা একা ঢাকায় থাকলেন।	উনি কাল সন্ধ্যায় একা একা ঢাকায় থাকলে।
sva_02855	sva	p3_hon	p2_int		medium	past	উনি গতকাল বাড়ির কাজ শেষ করে ঢাকায় থাকলেন।	উনি গতকাল বাড়ির কাজ শেষ করে ঢাকায় থাকলি।
sva_02856	sva	p3_hon	p2_fam		long	past	উনি গত সপ্তাহে বাড়ির সব কাজ শেষ করে বন্ধুদের সঙ্গে ঢাকায় থাকলেন।	উনি গত সপ্তাহে বাড়ির সব কাজ শেষ করে বন্ধুদের সঙ্গে ঢাকায় থাকলে।
sva_02857	sva	p3_hon	p3_ord		long	past	উনি কাল সন্ধ্যায় দীর্ঘ ক্লান্তিকর পথ চলার শেষে একা একা ঢাকায় থাকলেন।	উনি কাল সন্ধ্যায় দীর্ঘ ক্লান্তিকর পথ চলার শেষে একা একা ঢাকায় থাকলো।
sva_02858	sva	p3_hon	p2_int		long	past	উনি গতকাল পরীক্ষার প্রস্তুতির ফাঁকে অল্প সময়ের জন্য ঢাকায় থাকলেন।	উনি গতকাল পরীক্ষার প্রস্তুতির ফাঁকে অল্প সময়ের জন্য ঢাকায় থাকলি।
sva_02859	sva	p3_hon	p1		long	past	উনি গত সপ্তাহে সব রকমের ব্যস্ততার মধ্যেও খুব মন দিয়ে ঢাকায় থাকলেন।	উনি গত সপ্তাহে সব রকমের ব্যস্ততার মধ্যেও খুব মন দিয়ে ঢাকায় থাকলাম।
sva_02860	sva	p1	p2_fam		none	fut	আমি ঢাকায় থাকব।	আমি ঢাকায় থাকবে।
sva_02861	sva	p1	p3_ord		short	fut	আমি আগামী সপ্তাহে ঢাকায় থাকব।	আমি আগামী সপ্তাহে ঢাকায় থাকবে।
sva_02862	sva	p1	p2_hon		medium	fut	আমি আগামীকাল বন্ধুদের সঙ্গে ঢাকায় থাকব।	আমি আগামীকাল বন্ধুদের সঙ্গে ঢাকায় থাকবেন।
sva_02863	sva	p1	p2_hon		medium	fut	আমি আগামী সপ্তাহে খুব মন দিয়ে ঢাকায় থাকব।	আমি আগামী সপ্তাহে খুব মন দিয়ে ঢাকায় থাকবেন।
sva_02864	sva	p1	p2_fam		medium	fut	আমি কিছুদিন পরে একা একা ঢাকায় থাকব।	আমি কিছুদিন পরে একা একা ঢাকায় থাকবে।
sva_02865	sva	p1	p3_ord		medium	fut	আমি আগামী সপ্তাহে বাড়ির কাজ শেষ করে ঢাকায় থাকব।	আমি আগামী সপ্তাহে বাড়ির কাজ শেষ করে ঢাকায় থাকবে।
sva_02866	sva	p1	p2_hon		long	fut	আমি আগামী সপ্তাহে বাড়ির সব কাজ শেষ করে বন্ধুদের সঙ্গে ঢাকায় থাকব।	আমি আগামী সপ্তাহে বাড়ির সব কাজ শেষ করে বন্ধুদের সঙ্গে ঢাকায় থাকবেন।
sva_02867	sva	p1	p2_int		long	fut	আমি আগামী সপ্তাহে দীর্ঘ ক্লান্তিকর পথ চলার শেষে একা একা ঢাকায় থাকব।	আমি আগামী সপ্তাহে দীর্ঘ ক্লান্তিকর পথ চলার শেষে একা একা ঢাকায় থাকবি।
sva_02868	sva	p1	p3_ord		long	fut	আমি আগামী সপ্তাহে পরীক্ষার প্রস্তুতির ফাঁকে অল্প সময়ের জন্য ঢাকায় থাকব।	আমি আগামী সপ্তাহে পরীক্ষার প্রস্তুতির ফাঁকে অল্প সময়ের জন্য ঢাকায় থাকবে।
sva_02869	sva	p1	p3_ord		long	fut	আমি আগামীকাল সব রকমের ব্যস্ততার মধ্যেও খুব মন দিয়ে ঢাকায় থাকব।	আমি আগামীকাল সব রকমের ব্যস্ততার মধ্যেও খুব মন দিয়ে ঢাকায় থাকবে।
sva_02870	sva	p2_int	p3_hon		none	fut	তুই ঢাকায় থাকবি।	তুই ঢাকায় থাকবেন।
sva_02871	sva	p2_int	p3_hon		short	fut	তুই আগামীকাল ঢাকায় থাকবি।	তুই আগামীকাল ঢাকায় থাকবেন।
sva_02872	sva	p2_int	p3_ord		medium	fut	তুই কিছুদিন পরে বন্ধুদের সঙ্গে ঢাকায় থাকবি।	তুই কিছুদিন পরে বন্ধুদের সঙ্গে ঢাকায় থাকবে।
sva_02873	sva	p2_int	p2_fam		medium	fut	তুই আগামীকাল খুব মন দিয়ে ঢাকায় থাকবি।	তুই আগামীকাল খুব মন দিয়ে ঢাকায় থাকবে।
sva_02874	sva	p2_int	p2_fam		medium	fut	তুই আগামী সপ্তাহে একা একা ঢাকায় থাকবি।	তুই আগামী সপ্তাহে একা একা ঢাকায় থাকবে।
sva_02875	sva	p2_int	p2_fam		medium	fut	তুই কিছুদিন পরে বাড়ির কাজ শেষ করে ঢাকায় থাকবি।	তুই কিছুদিন পরে বাড়ির কাজ শেষ করে ঢাকায় থাকবে।
sva_02876	sva	p2_int	p3_ord		long	fut	তুই আগামী সপ্তাহে বাড়ির সব কাজ শেষ করে বন্ধুদের সঙ্গে ঢাকায় থাকবি।	তুই আগামী সপ্তাহে বাড়ির সব কাজ শেষ করে বন্ধুদের সঙ্গে ঢাকায় থাকবে।
sva_02877	sva	p2_int	p1		long	fut	তুই আগামী সপ্তাহে দীর্ঘ ক্লান্তিকর পথ চলার শেষে একা একা ঢাকায় থাকবি।	তুই আগামী সপ্তাহে দীর্ঘ ক্লান্তিকর পথ চলার শেষে একা একা ঢাকায় থাকব।
sva_02878	sva	p2_int	p3_ord		long	fut	তুই আগামীকাল পরীক্ষার প্রস্তুতির ফাঁকে অল্প সময়ের জন্য ঢাকায় থাকবি।	তুই আগামীকাল পরীক্ষার প্রস্তুতির ফাঁকে অল্প সময়ের জন্য ঢাকায় থাকবে।
sva_02879	sva	p2_int	p2_fam		long	fut	তুই কিছুদিন পরে সব রকমের ব্যস্ততার মধ্যেও খুব মন দিয়ে ঢাকায় থাকবি।	তুই কিছুদিন পরে সব রকমের ব্যস্ততার মধ্যেও খুব মন দিয়ে ঢাকায় থাকবে।
sva_02880	sva	p2_fam	p2_int		none	fut	তুমি ঢাকায় থাকবে।	তুমি ঢাকায় থাকবি।
sva_02881	sva	p2_fam	p1		short	fut	তুমি আগামী সপ্তাহে ঢাকায় থাকবে।	তুমি আগামী সপ্তাহে ঢাকায় থাকব।
sva_02882	sva	p2_fam	p2_hon		medium	fut	তুমি আগামী সপ্তাহে বন্ধুদের সঙ্গে ঢাকায় থাকবে।	তুমি আগামী সপ্তাহে বন্ধুদের সঙ্গে ঢাকায় থাকবেন।
sva_02883	sva	p2_fam	p2_int		medium	fut	তুমি আগামী সপ্তাহে খুব মন দিয়ে ঢাকায় থাকবে।	তুমি আগামী সপ্তাহে খুব মন দিয়ে ঢাকায় থাকবি।
sva_02884	sva	p2_fam	p2_hon		medium	fut	তুমি আগামীকাল একা একা ঢাকায় থাকবে।	তুমি আগামীকাল একা একা ঢাকায় থাকবেন।
sva_02885	sva	p2_fam	p2_hon		medium	fut	তুমি আগামীকাল বাড়ির কাজ শেষ করে ঢাকায় থাকবে।	তুমি আগামীকাল বাড়ির কাজ শেষ করে ঢাকায় থাকবেন।
sva_02886	sva	p2_fam	p3_hon		long	fut	তুমি আগামীকাল বাড়ির সব কাজ শেষ করে বন্ধুদের সঙ্গে ঢাকায় থাকবে।	তুমি আগামীকাল বাড়ির সব কাজ শেষ করে বন্ধুদের সঙ্গে ঢাকায় থাকবেন।
sva_02887	sva	p2_fam	p2_int		long	fut	তুমি কিছুদিন পরে দীর্ঘ ক্লান্তিকর পথ চলার শেষে একা একা ঢাকায় থাকবে।	তুমি কিছুদিন পরে দীর্ঘ ক্লান্তিকর পথ চলার শেষে একা একা ঢাকায় থাকবি।
sva_02888	sva	p2_fam	p1		long	fut	তুমি আগামী সপ্তাহে পরীক্ষার প্রস্তুতির ফাঁকে অল্প সময়ের জন্য ঢাকায় থাকবে।	তুমি আগামী সপ্তাহে পরীক্ষার প্রস্তুতির ফাঁকে অল্প সময়ের জন্য ঢাকায় থাকব।
sva_02889	sva	p2_fam	p1		long	fut	তুমি আগামী সপ্তাহে সব রকমের ব্যস্ততার মধ্যেও খুব মন দিয়ে ঢাকায় থাকবে।	তুমি আগামী সপ্তাহে সব রকমের ব্যস্ততার মধ্যেও খুব মন দিয়ে ঢাকায় থাকব।
sva_02890	sva	p2_hon	p1		none	fut	আপনি ঢাকায় থাকবেন।	আপনি ঢাকায় থাকব।
sva_02891	sva	p2_hon	p3_ord		short	fut	আপনি কিছুদিন পরে ঢাকায় থাকবেন।	আপনি কিছুদিন পরে ঢাকায় থাকবে।
sva_02892	sva	p2_hon	p2_fam		medium	fut	আপনি আগামীকাল বন্ধুদের সঙ্গে ঢাকায় থাকবেন।	আপনি আগামীকাল বন্ধুদের সঙ্গে ঢাকায় থাকবে।
sva_02893	sva	p2_hon	p1		medium	fut	আপনি কিছুদিন পরে খুব মন দিয়ে ঢাকায় থাকবেন।	আপনি কিছুদিন পরে খুব মন দিয়ে ঢাকায় থাকব।
sva_02894	sva	p2_hon	p3_ord		medium	fut	আপনি আগামীকাল একা একা ঢাকায় থাকবেন।	আপনি আগামীকাল একা একা ঢাকায় থাকবে।
sva_02895	sva	p2_hon	p1		medium	fut	আপনি আগামীকাল বাড়ির কাজ শেষ করে ঢাকায় থাকবেন।	আপনি আগামীকাল বাড়ির কাজ শেষ করে ঢাকায় থাকব।
sva_02896	sva	p2_hon	p2_int		long	fut	আপনি আগামীকাল বাড়ির সব কাজ শেষ করে বন্ধুদের সঙ্গে ঢাকায় থাকবেন।	আপনি আগামীকাল বাড়ির সব কাজ শেষ করে বন্ধুদের সঙ্গে ঢাকায় থাকবি।
sva_02897	sva	p2_hon	p3_ord		long	fut	আপনি কিছুদিন পরে দীর্ঘ ক্লান্তিকর পথ চলার শেষে একা একা ঢাকায় থাকবেন।	আপনি কিছুদিন পরে দীর্ঘ ক্লান্তিকর পথ চলার শেষে একা একা ঢাকায় থাকবে।
sva_02898	sva	p2_hon	p2_int		long	fut	আপনি আগামী সপ্তাহে পরীক্ষার প্রস্তুতির ফাঁকে অল্প সময়ের জন্য ঢাকায় থাকবেন।	আপনি আগামী সপ্তাহে পরীক্ষার প্রস্তুতির ফাঁকে অল্প সময়ের জন্য ঢাকায় থাকবি।
sva_02899	sva	p2_hon	p2_int		long	fut	আপনি কিছুদিন পরে সব রকমের ব্যস্ততার মধ্যেও খুব মন দিয়ে ঢাকায় থাকবেন।	আপনি কিছুদিন পরে সব রকমের ব্যস্ততার মধ্যেও খুব মন দিয়ে ঢাকায় থাকবি।
sva_02900	sva	p3_ord	p2_hon		none	fut	সে ঢাকায় থাকবে।	সে ঢাকায় থাকবেন।
sva_02901	sva	p3_ord	p2_int		short	fut	সে আগামীকাল ঢাকায় থাকবে।	সে আগামীকাল ঢাকায় থাকবি।
sva_02902	sva	p3_ord	p2_int		medium	fut	সে আগামীকাল বন্ধুদের সঙ্গে ঢাকায় থাকবে।	সে আগামীকাল বন্ধুদের সঙ্গে ঢাকায় থাকবি।
sva_02903	sva	p3_ord	p2_int		medium	fut	সে আগামীকাল খুব মন দিয়ে ঢাকায় থাকবে।	সে আগামীকাল খুব মন দিয়ে ঢাকায় থাকবি।
sva_02904	sva	p3_ord	p1		medium	fut	সে কিছুদিন পরে একা একা ঢাকায় থাকবে।	সে কিছুদিন পরে একা একা ঢাকায় থাকব।
sva_02905	sva	p3_ord	p1		medium	fut	সে আগামী সপ্তাহে বাড়ির কাজ শেষ করে ঢাকায় থাকবে।	সে আগামী সপ্তাহে বাড়ির কাজ শেষ করে ঢাকায় থাকব।
sva_02906	sva	p3_ord	p1		long	fut	সে কিছুদিন পরে বাড়ির সব কাজ শেষ করে বন্ধুদের সঙ্গে ঢাকায় থাকবে।	সে কিছুদিন পরে বাড়ির সব কাজ শেষ করে বন্ধুদের সঙ্গে ঢাকায় থাকব।
sva_02907	sva	p3_ord	p2_hon		long	fut	সে কিছুদিন পরে দীর্ঘ ক্লান্তিকর পথ চলার শেষে একা একা ঢাকায় থাকবে।	সে কিছুদিন পরে দীর্ঘ ক্লান্তিকর পথ চলার শেষে একা একা ঢাকায় থাকবেন।
sva_02908	sva	p3_ord	p3_hon		long	fut	সে আগামীকাল পরীক্ষার প্রস্তুতির ফাঁকে অল্প সময়ের জন্য ঢাকায় থাকবে।	সে আগামীকাল পরীক্ষার প্রস্তুতির ফাঁকে অল্প সময়ের জন্য ঢাকায় থাকবেন।
sva_02909	sva	p3_ord	p2_hon		long	fut	সে আগামীকাল সব রকমের ব্যস্ততার মধ্যেও খুব মন দিয়ে ঢাকায় থাকবে।	সে আগামীকাল সব রকমের ব্যস্ততার মধ্যেও খুব মন দিয়ে ঢাকায় থাকবেন।
sva_02910	sva	p3_ord	p2_int		none	fut	ছেলেটি ঢাকায় থাকবে।	ছেলেটি ঢাকায় থাকবি।
sva_02911	sva	p3_ord	p2_hon		short	fut	ছেলেটি আগামী সপ্তাহে ঢাকায় থাকবে।	ছেলেটি আগামী সপ্তাহে ঢাকায় থাকবেন।
sva_02912	sva	p3_ord	p2_int		medium	fut	ছেলেটি কিছুদিন পরে বন্ধুদের সঙ্গে ঢাকায় থাকবে।	ছেলেটি কিছুদিন পরে বন্ধুদের সঙ্গে ঢাকায় থাকবি।
sva_02913	sva	p3_ord	p3_hon		medium	fut	ছেলেটি আগামীকাল খুব মন দিয়ে ঢাকায় থাকবে।	ছেলেটি আগামীকাল খুব মন দিয়ে ঢাকায় থাকবেন।
sva_02914	sva	p3_ord	p1		medium	fut	ছেলেটি আগামী সপ্তাহে একা একা ঢাকায় থাকবে।	ছেলেটি আগামী সপ্তাহে একা একা ঢাকায় থাকব।
sva_02915	sva	p3_ord	p2_int		medium	fut	ছেলেটি আগামীকাল বাড়ির কাজ শেষ করে ঢাকায় থাকবে।	ছেলেটি আগামীকাল বাড়ির কাজ শেষ করে ঢাকায় থাকবি।
sva_02916	sva	p3_ord	p2_int		long	fut	ছেলেটি আগামী সপ্তাহে বাড়ির সব কাজ শেষ করে বন্ধুদের সঙ্গে ঢাকায় থাকবে।	ছেলেটি আগামী সপ্তাহে বাড়ির সব কাজ শেষ করে বন্ধুদের সঙ্গে ঢাকায় থাকবি।
sva_02917	sva	p3_ord	p2_int		long	fut	ছেলেটি কিছুদিন পরে দীর্ঘ ক্লান্তিকর পথ চলার শেষে একা একা ঢাকায় থাকবে।	ছেলেটি কিছুদিন পরে দীর্ঘ ক্লান্তিকর পথ চলার শেষে একা একা ঢাকায় থাকবি।
sva_02918	sva	p3_ord	p2_int		long	fut	ছেলেটি আগামী সপ্তাহে পরীক্ষার প্রস্তুতির ফাঁকে অল্প সময়ের জন্য ঢাকায় থাকবে।	ছেলেটি আগামী সপ্তাহে পরীক্ষার প্রস্তুতির ফাঁকে অল্প সময়ের জন্য ঢাকায় থাকবি।
sva_02919	sva	p3_ord	p3_hon		long	fut	ছেলেটি কিছুদিন পরে সব রকমের ব্যস্ততার মধ্যেও খুব মন দিয়ে ঢাকায় থাকবে।	ছেলেটি কিছুদিন পরে সব রকমের ব্যস্ততার মধ্যেও খুব মন দিয়ে ঢাকায় থাকবেন।
sva_02920	sva	p3_ord	p1		none	fut	মেয়েটি ঢাকায় থাকবে।	মেয়েটি ঢাকায় থাকব।
sva_02921	sva	p3_ord	p2_int		short	fut	মেয়েটি আগামীকাল ঢাকায় থাকবে।	মেয়েটি আগামীকাল ঢাকায় থাকবি।
sva_02922	sva	p3_ord	p3_hon		medium	fut	মেয়েটি কিছুদিন পরে বন্ধুদের সঙ্গে ঢাকায় থাকবে।	মেয়েটি কিছুদিন পরে বন্ধুদের সঙ্গে ঢাকায় থাকবেন।
sva_02923	sva	p3_ord	p3_hon		medium	fut	মেয়েটি আগামীকাল খুব মন দিয়ে ঢাকায় থাকবে।	মেয়েটি আগামীকাল খুব মন দিয়ে ঢাকায় থাকবেন।
sva_02924	sva	p3_ord	p1		medium	fut	মেয়েটি আগামী সপ্তাহে একা একা ঢাকায় থাকবে।	মেয়েটি আগামী সপ্তাহে একা একা ঢাকায় থাকব।
sva_02925	sva	p3_ord	p3_hon		medium	fut	মেয়েটি কিছুদিন পরে বাড়ির কাজ শেষ করে ঢাকায় থাকবে।	মেয়েটি কিছুদিন পরে বাড়ির কাজ শেষ করে ঢাকায় থাকবেন।
sva_02926	sva	p3_ord	p2_int		long	fut	মেয়েটি কিছুদিন পরে বাড়ির সব কাজ শেষ করে বন্ধুদের সঙ্গে ঢাকায় থাকবে।	মেয়েটি কিছুদিন পরে বাড়ির সব কাজ শেষ করে বন্ধুদের সঙ্গে ঢাকায় থাকবি।
sva_02927	sva	p3_ord	p2_hon		long	fut	মেয়েটি আগামীকাল দীর্ঘ ক্লান্তিকর পথ চলার শেষে একা একা ঢাকায় থাকবে।	মেয়েটি আগামীকাল দীর্ঘ ক্লান্তিকর পথ চলার শেষে একা একা ঢাকায় থাকবেন।
sva_02928	sva	p3_ord	p2_hon		long	fut	মেয়েটি আগামী সপ্তাহে পরীক্ষার প্রস্তুতির ফাঁকে অল্প সময়ের জন্য ঢাকায় থাকবে।	মেয়েটি আগামী সপ্তাহে পরীক্ষার প্রস্তুতির ফাঁকে অল্প সময়ের জন্য ঢাকায় থাকবেন।
sva_02929	sva	p3_ord	p3_hon		long	fut	মেয়েটি কিছুদিন পরে সব রকমের ব্যস্ততার মধ্যেও খুব মন দিয়ে ঢাকায় থাকবে।	মেয়েটি কিছুদিন পরে সব রকমের ব্যস্ততার মধ্যেও খুব মন দিয়ে ঢাকায় থাকবেন।
sva_02930	sva	p3_ord	p2_hon		none	fut	আমার বন্ধু ঢাকায় থাকবে।	আমার বন্ধু ঢাকায় থাকবেন।
sva_02931	sva	p3_ord	p2_hon		short	fut	আমার বন্ধু আগামীকাল ঢাকায় থাকবে।	আমার বন্ধু আগামীকাল ঢাকায় থাকবেন।
sva_02932	sva	p3_ord	p1		medium	fut	আমার বন্ধু কিছুদিন পরে বন্ধুদের সঙ্গে ঢাকায় থাকবে।	আমার বন্ধু কিছুদিন পরে বন্ধুদের সঙ্গে ঢাকায় থাকব।
sva_02933	sva	p3_ord	p2_hon		medium	fut	আমার বন্ধু আগামী সপ্তাহে খুব মন দিয়ে ঢাকায় থাকবে।	আমার বন্ধু আগামী সপ্তাহে খুব মন দিয়ে ঢাকায় থাকবেন।
sva_02934	sva	p3_ord	p2_hon		medium	fut	আমার বন্ধু কিছুদিন পরে একা একা ঢাকায় থাকবে।	আমার বন্ধু কিছুদিন পরে একা একা ঢাকায় থাকবেন।
sva_02935	sva	p3_ord	p2_int		medium	fut	আমার বন্ধু আগামীকাল বাড়ির কাজ শেষ করে ঢাকায় থাকবে।	আমার বন্ধু আগামীকাল বাড়ির কাজ শেষ করে ঢাকায় থাকবি।
sva_02936	sva	p3_ord	p2_int		long	fut	আমার বন্ধু আগামীকাল বাড়ির সব কাজ শেষ করে বন্ধুদের সঙ্গে ঢাকায় থাকবে।	আমার বন্ধু আগামীকাল বাড়ির সব কাজ শেষ করে বন্ধুদের সঙ্গে ঢাকায় থাকবি।
sva_02937	sva	p3_ord	p3_hon		long	fut	আমার বন্ধু কিছুদিন পরে দীর্ঘ ক্লান্তিকর পথ চলার শেষে একা একা ঢাকায় থাকবে।	আমার বন্ধু কিছুদিন পরে দীর্ঘ ক্লান্তিকর পথ চলার শেষে একা একা ঢাকায় থাকবেন।
sva_02938	sva	p3_ord	p3_hon		long	fut	আমার বন্ধু কিছুদিন পরে পরীক্ষার প্রস্তুতির ফাঁকে অল্প সময়ের জন্য ঢাকায় থাকবে।	আমার বন্ধু কিছুদিন পরে পরীক্ষার প্রস্তুতির ফাঁকে অল্প সময়ের জন্য ঢাকায় থাকবেন।
sva_02939	sva	p3_ord	p2_hon		long	fut	আমার বন্ধু কিছুদিন পরে সব রকমের ব্যস্ততার মধ্যেও খুব মন দিয়ে ঢাকায় থাকবে।	আমার বন্ধু কিছুদিন পরে সব রকমের ব্যস্ততার মধ্যেও খুব মন দিয়ে ঢাকায় থাকবেন।
sva_02940	sva	p3_ord	p2_int		none	fut	রহিম ঢাকায় থাকবে।	রহিম ঢাকায় থাকবি।
sva_02941	sva	p3_ord	p2_hon		short	fut	রহিম আগামীকাল ঢাকায় থাকবে।	রহিম আগামীকাল ঢাকায় থাকবেন।
sva_02942	sva	p3_ord	p3_hon		medium	fut	রহিম আগামী সপ্তাহে বন্ধুদের সঙ্গে ঢাকায় থাকবে।	রহিম আগামী সপ্তাহে বন্ধুদের সঙ্গে ঢাকায় থাকবেন।
sva_02943	sva	p3_ord	p2_hon		medium	fut	রহিম আগামী সপ্তাহে খুব মন দিয়ে ঢাকায় থাকবে।	রহিম আগামী সপ্তাহে খুব মন দিয়ে ঢাকায় থাকবেন।
sva_02944	sva	p3_ord	p1		medium	fut	রহিম কিছুদিন পরে একা একা ঢাকায় থাকবে।	রহিম কিছুদিন পরে একা একা ঢাকায় থাকব।
sva_02945	sva	p3_ord	p2_int		medium	fut	রহিম আগামীকাল বাড়ির কাজ শেষ করে ঢাকায় থাকবে।	রহিম আগামীকাল বাড়ির কাজ শেষ করে ঢাকায় থাকবি।
sva_02946	sva	p3_ord	p1		long	fut	রহিম কিছুদিন পরে বাড়ির সব কাজ শেষ করে বন্ধুদের সঙ্গে ঢাকায় থাকবে।	রহিম কিছুদিন পরে বাড়ির সব কাজ শেষ করে বন্ধুদের সঙ্গে ঢাকায় থাকব।
sva_02947	sva	p3_ord	p1		long	fut	রহিম আগামীকাল দীর্ঘ ক্লান্তিকর পথ চলার শেষে একা একা ঢাকায় থাকবে।	রহিম আগামীকাল দীর্ঘ ক্লান্তিকর পথ চলার শেষে একা একা ঢাকায় থাকব।
sva_02948	sva	p3_ord	p1		long	fut	রহিম আগামীকাল পরীক্ষার প্রস্তুতির ফাঁকে অল্প সময়ের জন্য ঢাকায় থাকবে।	রহিম আগামীকাল পরীক্ষার প্রস্তুতির ফাঁকে অল্প সময়ের জন্য ঢাকায় থাকব।
sva_02949	sva	p3_ord	p3_hon		long	fut	রহিম আগামী সপ্তাহে সব রকমের ব্যস্ততার মধ্যেও খুব মন দিয়ে ঢাকায় থাকবে।	রহিম আগামী সপ্তাহে সব রকমের ব্যস্ততার মধ্যেও খুব মন দিয়ে ঢাকায় থাকবেন।
sva_02950	sva	p3_hon	p1		none	fut	তিনি ঢাকায় থাকবেন।	তিনি ঢাকায় থাকব।
sva_02951	sva	p3_hon	p3_ord		short	fut	তিনি কিছুদিন পরে ঢাকায় থাকবেন।	তিনি কিছুদিন পরে ঢাকায় থাকবে।
sva_02952	sva	p3_hon	p3_ord		medium	fut	তিনি কিছুদিন পরে বন্ধুদের সঙ্গে ঢাকায় থাকবেন।	তিনি কিছুদিন পরে বন্ধুদের সঙ্গে ঢাকায় থাকবে।
sva_02953	sva	p3_hon	p1		medium	fut	তিনি কিছুদিন পরে খুব মন দিয়ে ঢাকায় থাকবেন।	তিনি কিছুদিন পরে খুব মন দিয়ে ঢাকায় থাকব।
sva_02954	sva	p3_hon	p2_fam		medium	fut	তিনি কিছুদিন পরে একা একা ঢাকায় থাকবেন।	তিনি কিছুদিন পরে একা একা ঢাকায় থাকবে।
sva_02955	sva	p3_hon	p2_int		medium	fut	তিনি কিছুদিন পরে বাড়ির কাজ শেষ করে ঢাকায় থাকবেন।	তিনি কিছুদিন পরে বাড়ির কাজ শেষ করে ঢাকায় থাকবি।
sva_02956	sva	p3_hon	p2_fam		long	fut	তিনি কিছুদিন পরে বাড়ির সব কাজ শেষ করে বন্ধুদের সঙ্গে ঢাকায় থাকবেন।	তিনি কিছুদিন পরে বাড়ির সব কাজ শেষ করে বন্ধুদের সঙ্গে ঢাকায় থাকবে।
sva_02957	sva	p3_hon	p2_fam		long	fut	তিনি আগামীকাল দীর্ঘ ক্লান্তিকর পথ চলার শেষে একা একা ঢাকায় থাকবেন।	তিনি আগামীকাল দীর্ঘ ক্লান্তিকর পথ চলার শেষে একা একা ঢাকায় থাকবে।
sva_02958	sva	p3_hon	p2_fam		long	fut	তিনি আগামীকাল পরীক্ষার প্রস্তুতির ফাঁকে অল্প সময়ের জন্য ঢাকায় থাকবেন।	তিনি আগামীকাল পরীক্ষার প্রস্তুতির ফাঁকে অল্প সময়ের জন্য ঢাকায় থাকবে।
sva_02959	sva	p3_hon	p3_ord		long	fut	তিনি আগামীকাল সব রকমের ব্যস্ততার মধ্যেও খুব মন দিয়ে ঢাকায় থাকবেন।	তিনি আগামীকাল সব রকমের ব্যস্ততার মধ্যেও খুব মন দিয়ে ঢাকায় থাকবে।
sva_02960	sva	p3_hon	p2_int		none	fut	উনি ঢাকায় থাকবেন।	উনি ঢাকায় থাকবি।
sva_02961	sva	p3_hon	p3_ord		short	fut	উনি আগামী সপ্তাহে ঢাকায় থাকবেন।	উনি আগামী সপ্তাহে ঢাকায় থাকবে।
sva_02962	sva	p3_hon	p1		medium	fut	উনি আগামী সপ্তাহে বন্ধুদের সঙ্গে ঢাকায় থাকবেন।	উনি আগামী সপ্তাহে বন্ধুদের সঙ্গে ঢাকায় থাকব।
sva_02963	sva	p3_hon	p2_int		medium	fut	উনি আগামী সপ্তাহে খুব মন দিয়ে ঢাকায় থাকবেন।	উনি আগামী সপ্তাহে খুব মন দিয়ে ঢাকায় থাকবি।
sva_02964	sva	p3_hon	p2_fam		medium	fut	উনি আগামী সপ্তাহে একা একা ঢাকায় থাকবেন।	উনি আগামী সপ্তাহে একা একা ঢাকায় থাকবে।
sva_02965	sva	p3_hon	p2_int		medium	fut	উনি কিছুদিন পরে বাড়ির কাজ শেষ করে ঢাকায় থাকবেন।	উনি কিছুদিন পরে বাড়ির কাজ শেষ করে ঢাকায় থাকবি।
sva_02966	sva	p3_hon	p2_int		long	fut	উনি আগামীকাল বাড়ির সব কাজ শেষ করে বন্ধুদের সঙ্গে ঢাকায় থাকবেন।	উনি আগামীকাল বাড়ির সব কাজ শেষ করে বন্ধুদের সঙ্গে ঢাকায় থাকবি।
sva_02967	sva	p3_hon	p3_ord		long	fut	উনি আগামী সপ্তাহে দীর্ঘ ক্লান্তিকর পথ চলার শেষে একা একা ঢাকায় থাকবেন।	উনি আগামী সপ্তাহে দীর্ঘ ক্লান্তিকর পথ চলার শেষে একা একা ঢাকায় থাকবে।
sva_02968	sva	p3_hon	p2_fam		long	fut	উনি আগামী সপ্তাহে পরীক্ষার প্রস্তুতির ফাঁকে অল্প সময়ের জন্য ঢাকায় থাকবেন।	উনি আগামী সপ্তাহে পরীক্ষার প্রস্তুতির ফাঁকে অল্প সময়ের জন্য ঢাকায় থাকবে।
sva_02969	sva	p3_hon	p2_fam		long	fut	উনি আগামী সপ্তাহে সব রকমের ব্যস্ততার মধ্যেও খুব মন দিয়ে ঢাকায় থাকবেন।	উনি আগামী সপ্তাহে সব রকমের ব্যস্ততার মধ্যেও খুব মন দিয়ে ঢাকায় থাকবে।
sva_02970	sva	p1	p2_hon		none	pres	আমি গান শিখি।	আমি গান শেখেন।
sva_02971	sva	p1	p3_hon		short	pres	আমি সাধারণত গান শিখি।	আমি সাধারণত গান শেখেন।
sva_02972	sva	p1	p3_hon		medium	pres	আমি প্রতিদিন বন্ধুদের সঙ্গে গান শিখি।	আমি প্রতিদিন বন্ধুদের সঙ্গে গান শেখেন।
sva_02973	sva	p1	p2_fam		medium	pres	আমি প্রতিদিন খুব মন দিয়ে গান শিখি।	আমি প্রতিদিন খুব মন দিয়ে গান শেখো।
sva_02974	sva	p1	p2_hon		medium	pres	আমি সাধারণত একা একা গান শিখি।	আমি সাধারণত একা একা গান শেখেন।
sva_02975	sva	p1	p2_hon		medium	pres	আমি প্রতিদিন বাড়ির কাজ শেষ করে গান শিখি।	আমি প্রতিদিন বাড়ির কাজ শেষ করে গান শেখেন।
sva_02976	sva	p1	p3_hon		long	pres	আমি প্রতিদিন বাড়ির সব কাজ শেষ করে বন্ধুদের সঙ্গে গান শিখি।	আমি প্রতিদিন বাড়ির সব কাজ শেষ করে বন্ধুদের সঙ্গে গান শেখেন।
sva_02977	sva	p1	p2_fam		long	pres	আমি প্রতিদিন দীর্ঘ ক্লান্তিকর পথ চলার শেষে একা একা গান শিখি।	আমি প্রতিদিন দীর্ঘ ক্লান্তিকর পথ চলার শেষে একা একা গান শেখো।
sva_02978	sva	p1	p3_hon		long	pres	আমি প্রায়ই পরীক্ষার প্রস্তুতির ফাঁকে অল্প সময়ের জন্য গান শিখি।	আমি প্রায়ই পরীক্ষার প্রস্তুতির ফাঁকে অল্প সময়ের জন্য গান শেখেন।
sva_02979	sva	p1	p2_int		long	pres	আমি প্রতিদিন সব রকমের ব্যস্ততার মধ্যেও খুব মন দিয়ে গান শিখি।	আমি প্রতিদিন সব রকমের ব্যস্ততার মধ্যেও খুব মন দিয়ে গান শিখিস।
sva_02980	sva	p2_int	p3_hon		none	pres	তুই গান শিখিস।	তুই গান শেখেন।
sva_02981	sva	p2_int	p1		short	pres	তুই প্রতিদিন গান শিখিস।	তুই প্রতিদিন গান শিখি।
sva_02982	sva	p2_int	p2_hon		medium	pres	তুই প্রায়ই বন্ধুদের সঙ্গে গান শিখিস।	তুই প্রায়ই বন্ধুদের সঙ্গে গান শেখেন।
sva_02983	sva	p2_int	p3_hon		medium	pres	তুই প্রতিদিন খুব মন দিয়ে গান শিখিস।	তুই প্রতিদিন খুব মন দিয়ে গান শেখেন।
sva_02984	sva	p2_int	p2_fam		medium	pres	তুই প্রতিদিন একা একা গান শিখিস।	তুই প্রতিদিন একা একা গান শেখো।
sva_02985	sva	p2_int	p3_hon		medium	pres	তুই প্রায়ই বাড়ির কাজ শেষ করে গান শিখিস।	তুই প্রায়ই বাড়ির কাজ শেষ করে গান শেখেন।
sva_02986	sva	p2_int	p1		long	pres	তুই প্রায়ই বাড়ির সব কাজ শেষ করে বন্ধুদের সঙ্গে গান শিখিস।	তুই প্রায়ই বাড়ির সব কাজ শেষ করে বন্ধুদের সঙ্গে গান শিখি।
sva_02987	sva	p2_int	p2_hon		long	pres	তুই সাধারণত দীর্ঘ ক্লান্তিকর পথ চলার শেষে একা একা গান শিখিস।	তুই সাধারণত দীর্ঘ ক্লান্তিকর পথ চলার শেষে একা একা গান শেখেন।
sva_02988	sva	p2_int	p3_ord		long	pres	তুই সাধারণত পরীক্ষার প্রস্তুতির ফাঁকে অল্প সময়ের জন্য গান শিখিস।	তুই সাধারণত পরীক্ষার প্রস্তুতির ফাঁকে অল্প সময়ের জন্য গান শেখে।
sva_02989	sva	p2_int	p2_hon		long	pres	তুই প্রতিদিন সব রকমের ব্যস্ততার মধ্যেও খুব মন দিয়ে গান শিখিস।	তুই প্রতিদিন সব রকমের ব্যস্ততার মধ্যেও খুব মন দিয়ে গান শেখেন।
sva_02990	sva	p2_fam	p3_ord		none	pres	তুমি গান শেখো।	তুমি গান শেখে।
sva_02991	sva	p2_fam	p2_int		short	pres	তুমি সাধারণত গান শেখো।	তুমি সাধারণত গান শিখিস।
sva_02992	sva	p2_fam	p2_int		medium	pres	তুমি সাধারণত বন্ধুদের সঙ্গে গান শেখো।	তুমি সাধারণত বন্ধুদের সঙ্গে গান শিখিস।
sva_02993	sva	p2_fam	p3_ord		medium	pres	তুমি প্রায়ই খুব মন দিয়ে গান শেখো।	তুমি প্রায়ই খুব মন দিয়ে গান শেখে।
sva_02994	sva	p2_fam	p1		medium	pres	তুমি সাধারণত একা একা গান শেখো।	তুমি সাধারণত একা একা গান শিখি।
sva_02995	sva	p2_fam	p2_hon		medium	pres	তুমি প্রায়ই বাড়ির কাজ শেষ করে গান শেখো।	তুমি প্রায়ই বাড়ির কাজ শেষ করে গান শেখেন।
sva_02996	sva	p2_fam	p3_hon		long	pres	তুমি প্রতিদিন বাড়ির সব কাজ শেষ করে বন্ধুদের সঙ্গে গান শেখো।	তুমি প্রতিদিন বাড়ির সব কাজ শেষ করে বন্ধুদের সঙ্গে গান শেখেন।
sva_02997	sva	p2_fam	p2_int		long	pres	তুমি সাধারণত দীর্ঘ ক্লান্তিকর পথ চলার শেষে একা একা গান শেখো।	তুমি সাধারণত দীর্ঘ ক্লান্তিকর পথ চলার শেষে একা একা গান শিখিস।
sva_02998	sva	p2_fam	p1		long	pres	তুমি সাধারণত পরীক্ষার প্রস্তুতির ফাঁকে অল্প সময়ের জন্য গান শেখো।	তুমি সাধারণত পরীক্ষার প্রস্তুতির ফাঁকে অল্প সময়ের জন্য গান শিখি।
sva_02999	sva	p2_fam	p3_hon		long	pres	তুমি প্রায়ই সব রকমের ব্যস্ততার মধ্যেও খুব মন দিয়ে গান শেখো।	তুমি প্রায়ই সব রকমের ব্যস্ততার মধ্যেও খুব মন দিয়ে গান শেখেন।
sva_03000	sva	p2_hon	p1		none	pres	আপনি গান শেখেন।	আপনি গান শিখি।
sva_03001	sva	p2_hon	p3_ord		short	pres	আপনি প্রতিদিন গান শেখেন।	আপনি প্রতিদিন গান শেখে।
sva_03002	sva	p2_hon	p2_int		medium	pres	আপনি প্রতিদিন বন্ধুদের সঙ্গে গান শেখেন।	আপনি প্রতিদিন বন্ধুদের সঙ্গে গান শিখিস।
sva_03003	sva	p2_hon	p2_fam		medium	pres	আপনি প্রায়ই খুব মন দিয়ে গান শেখেন।	আপনি প্রায়ই খুব মন দিয়ে গান শেখো।
sva_03004	sva	p2_hon	p2_fam		medium	pres	আপনি সাধারণত একা একা গান শেখেন।	আপনি সাধারণত একা একা গান শেখো।
sva_03005	sva	p2_hon	p3_ord		medium	pres	আপনি প্রায়ই বাড়ির কাজ শেষ করে গান শেখেন।	আপনি প্রায়ই বাড়ির কাজ শেষ করে গান শেখে।
sva_03006	sva	p2_hon	p2_fam		long	pres	আপনি সাধারণত বাড়ির সব কাজ শেষ করে বন্ধুদের সঙ্গে গান শেখেন।	আপনি সাধারণত বাড়ির সব কাজ শেষ করে বন্ধুদের সঙ্গে গান শেখো।
sva_03007	sva	p2_hon	p3_ord		long	pres	আপনি প্রতিদিন দীর্ঘ ক্লান্তিকর পথ চলার শেষে একা একা গান শেখেন।	আপনি প্রতিদিন দীর্ঘ ক্লান্তিকর পথ চলার শেষে একা একা গান শেখে।
sva_03008	sva	p2_hon	p3_ord		long	pres	আপনি প্রায়ই পরীক্ষার প্রস্তুতির ফাঁকে অল্প সময়ের জন্য গান শেখেন।	আপনি প্রায়ই পরীক্ষার প্রস্তুতির ফাঁকে অল্প সময়ের জন্য গান শেখে।
sva_03009	sva	p2_hon	p3_ord		long	pres	আপনি প্রতিদিন সব রকমের ব্যস্ততার মধ্যেও খুব মন দিয়ে গান শেখেন।	আপনি প্রতিদিন সব রকমের ব্যস্ততার মধ্যেও খুব মন দিয়ে গান শেখে।
sva_03010	sva	p3_ord	p2_int		none	pres	সে গান শেখে।	সে গান শিখিস।
sva_03011	sva	p3_ord	p2_hon		short	pres	সে প্রতিদিন গান শেখে।	সে প্রতিদিন গান শেখেন।
sva_03012	sva	p3_ord	p2_fam		medium	pres	সে সাধারণত বন্ধুদের সঙ্গে গান শেখে।	সে সাধারণত বন্ধুদের সঙ্গে গান শেখো।
sva_03013	sva	p3_ord	p1		medium	pres	সে প্রতিদিন খুব মন দিয়ে গান শেখে।	সে প্রতিদিন খুব মন দিয়ে গান শিখি।
sva_03014	sva	p3_ord	p3_hon		medium	pres	সে সাধারণত একা একা গান শেখে।	সে সাধারণত একা একা গান শেখেন।
sva_03015	sva	p3_ord	p2_hon		medium	pres	সে প্রায়ই বাড়ির কাজ শেষ করে গান শেখে।	সে প্রায়ই বাড়ির কাজ শেষ করে গান শেখেন।
sva_03016	sva	p3_ord	p2_hon		long	pres	সে সাধারণত বাড়ির সব কাজ শেষ করে বন্ধুদের সঙ্গে গান শেখে।	সে সাধারণত বাড়ির সব কাজ শেষ করে বন্ধুদের সঙ্গে গান শেখেন।
sva_03017	sva	p3_ord	p2_fam		long	pres	সে সাধারণত দীর্ঘ ক্লান্তিকর পথ চলার শেষে একা একা গান শেখে।	সে সাধারণত দীর্ঘ ক্লান্তিকর পথ চলার শেষে একা একা গান শেখো।
sva_03018	sva	p3_ord	p2_int		long	pres	সে সাধারণত পরীক্ষার প্রস্তুতির ফাঁকে অল্প সময়ের জন্য গান শেখে।	সে সাধারণত পরীক্ষার প্রস্তুতির ফাঁকে অল্প সময়ের জন্য গান শিখিস।
sva_03019	sva	p3_ord	p3_hon		long	pres	সে প্রতিদিন সব রকমের ব্যস্ততার মধ্যেও খুব মন দিয়ে গান শেখে।	সে প্রতিদিন সব রকমের ব্যস্ততার মধ্যেও খুব মন দিয়ে গান শেখেন।
sva_03020	sva	p3_ord	p2_int		none	pres	ছেলেটি গান শেখে।	ছেলেটি গান শিখিস।
sva_03021	sva	p3_ord	p2_int		short	pres	ছেলেটি সাধারণত গান শেখে।	ছেলেটি সাধারণত গান শিখিস।
sva_03022	sva	p3_ord	p3_hon		medium	pres	ছেলেটি প্রতিদিন বন্ধুদের সঙ্গে গান শেখে।	ছেলেটি প্রতিদিন বন্ধুদের সঙ্গে গান শেখেন।
sva_03023	sva	p3_ord	p3_hon		medium	pres	ছেলেটি প্রতিদিন খুব মন দিয়ে গান শেখে।	ছেলেটি প্রতিদিন খুব মন দিয়ে গান শেখেন।
sva_03024	sva	p3_ord	p2_hon		medium	pres	ছেলেটি প্রায়ই একা একা গান শেখে।	ছেলেটি প্রায়ই একা একা গান শেখেন।
sva_03025	sva	p3_ord	p3_hon		medium	pres	ছেলেটি সাধারণত বাড়ির কাজ শেষ করে গান শেখে।	ছেলেটি সাধারণত বাড়ির কাজ শেষ করে গান শেখেন।
sva_03026	sva	p3_ord	p2_int		long	pres	ছেলেটি প্রতিদিন বাড়ির সব কাজ শেষ করে বন্ধুদের সঙ্গে গান শেখে।	ছেলেটি প্রতিদিন বাড়ির সব কাজ শেষ করে বন্ধুদের সঙ্গে গান শিখিস।
sva_03027	sva	p3_ord	p2_fam		long	pres	ছেলেটি সাধারণত দীর্ঘ ক্লান্তিকর পথ চলার শেষে একা একা গান শেখে।	ছেলেটি সাধারণত দীর্ঘ ক্লান্তিকর পথ চলার শেষে একা একা গান শেখো।
sva_03028	sva	p3_ord	p2_fam		long	pres	ছেলেটি সাধারণত পরীক্ষার প্রস্তুতির ফাঁকে অল্প সময়ের জন্য গান শেখে।	ছেলেটি সাধারণত পরীক্ষার প্রস্তুতির ফাঁকে অল্প সময়ের জন্য গান শেখো।
sva_03029	sva	p3_ord	p2_fam		long	pres	ছেলেটি সাধারণত সব রকমের ব্যস্ততার মধ্যেও খুব মন দিয়ে গান শেখে।	ছেলেটি সাধারণত সব রকমের ব্যস্ততার মধ্যেও খুব মন দিয়ে গান শেখো।
sva_03030	sva	p3_ord	p2_int		none	pres	মেয়েটি গান শেখে।	মেয়েটি গান শিখিস।
sva_03031	sva	p3_ord	p2_int		short	pres	মেয়েটি প্রতিদিন গান শেখে।	মেয়েটি প্রতিদিন গান শিখিস।
sva_03032	sva	p3_ord	p3_hon		medium	pres	মেয়েটি প্রতিদিন বন্ধুদের সঙ্গে গান শেখে।	মেয়েটি প্রতিদিন বন্ধুদের সঙ্গে গান শেখেন।
sva_03033	sva	p3_ord	p2_int		medium	pres	মেয়েটি সাধারণত খুব মন দিয়ে গান শেখে।	মেয়েটি সাধারণত খুব মন দিয়ে গান শিখিস।
sva_03034	sva	p3_ord	p2_fam		medium	pres	মেয়েটি সাধারণত একা একা গান শেখে।	মেয়েটি সাধারণত একা একা গান শেখো।
sva_03035	sva	p3_ord	p2_hon		medium	pres	মেয়েটি প্রতিদিন বাড়ির কাজ শেষ করে গান শেখে।	মেয়েটি প্রতিদিন বাড়ির কাজ শেষ করে গান শেখেন।
sva_03036	sva	p3_ord	p2_hon		long	pres	মেয়েটি প্রায়ই বাড়ির সব কাজ শেষ করে বন্ধুদের সঙ্গে গান শেখে।	মেয়েটি প্রায়ই বাড়ির সব কাজ শেষ করে বন্ধুদের সঙ্গে গান শেখেন।
sva_03037	sva	p3_ord	p2_hon		long	pres	মেয়েটি সাধারণত দীর্ঘ ক্লান্তিকর পথ চলার শেষে একা একা গান শেখে।	মেয়েটি সাধারণত দীর্ঘ ক্লান্তিকর পথ চলার শেষে একা একা গান শেখেন।
sva_03038	sva	p3_ord	p3_hon		long	pres	মেয়েটি প্রায়ই পরীক্ষার প্রস্তুতির ফাঁকে অল্প সময়ের জন্য গান শেখে।	মেয়েটি প্রায়ই পরীক্ষার প্রস্তুতির ফাঁকে অল্প সময়ের জন্য গান শেখেন।
sva_03039	sva	p3_ord	p2_fam		long	pres	মেয়েটি প্রায়ই সব রকমের ব্যস্ততার মধ্যেও খুব মন দিয়ে গান শেখে।	মেয়েটি প্রায়ই সব রকমের ব্যস্ততার মধ্যেও খুব মন দিয়ে গান শেখো।
sva_03040	sva	p3_ord	p2_fam		none	pres	আমার বন্ধু গান শেখে।	আমার বন্ধু গান শেখো।
sva_03041	sva	p3_ord	p2_hon		short	pres	আমার বন্ধু প্রতিদিন গান শেখে।	আমার বন্ধু প্রতিদিন গান শেখেন।
sva_03042	sva	p3_ord	p2_fam		medium	pres	আমার বন্ধু প্রায়ই বন্ধুদের সঙ্গে গান শেখে।	আমার বন্ধু প্রায়ই বন্ধুদের সঙ্গে গান শেখো।
sva_03043	sva	p3_ord	p2_int		medium	pres	আমার বন্ধু সাধারণত খুব মন দিয়ে গান শেখে।	আমার বন্ধু সাধারণত খুব মন দিয়ে গান শিখিস।
sva_03044	sva	p3_ord	p2_int		medium	pres	আমার বন্ধু সাধারণত একা একা গান শেখে।	আমার বন্ধু সাধারণত একা একা গান শিখিস।
sva_03045	sva	p3_ord	p1		medium	pres	আমার বন্ধু সাধারণত বাড়ির কাজ শেষ করে গান শেখে।	আমার বন্ধু সাধারণত বাড়ির কাজ শেষ করে গান শিখি।
sva_03046	sva	p3_ord	p3_hon		long	pres	আমার বন্ধু প্রতিদিন বাড়ির সব কাজ শেষ করে বন্ধুদের সঙ্গে গান শেখে।	আমার বন্ধু প্রতিদিন বাড়ির সব কাজ শেষ করে বন্ধুদের সঙ্গে গান শেখেন।
sva_03047	sva	p3_ord	p1		long	pres	আমার বন্ধু প্রায়ই দীর্ঘ ক্লান্তিকর পথ চলার শেষে একা একা গান শেখে।	আমার বন্ধু প্রায়ই দীর্ঘ ক্লান্তিকর পথ চলার শেষে একা একা গান শিখি।
sva_03048	sva	p3_ord	p2_fam		long	pres	আমার বন্ধু প্রতিদিন পরীক্ষার প্রস্তুতির ফাঁকে অল্প সময়ের জন্য গান শেখে।	আমার বন্ধু প্রতিদিন পরীক্ষার প্রস্তুতির ফাঁকে অল্প সময়ের জন্য গান শেখো।
sva_03049	sva	p3_ord	p2_int		long	pres	আমার বন্ধু প্রতিদিন সব রকমের ব্যস্ততার মধ্যেও খুব মন দিয়ে গান শেখে।	আমার বন্ধু প্রতিদিন সব রকমের ব্যস্ততার মধ্যেও খুব মন দিয়ে গান শিখিস।
sva_03050	sva	p3_ord	p3_hon		none	pres	রহিম গান শেখে।	রহিম গান শেখেন।
sva_03051	sva	p3_ord	p1		short	pres	রহিম প্রায়ই গান শেখে।	রহিম প্রায়ই গান শিখি।
sva_03052	sva	p3_ord	p2_hon		medium	pres	রহিম প্রতিদিন বন্ধুদের সঙ্গে গান শেখে।	রহিম প্রতিদিন বন্ধুদের সঙ্গে গান শেখেন।
sva_03053	sva	p3_ord	p2_int		medium	pres	রহিম প্রতিদিন খুব মন দিয়ে গান শেখে।	রহিম প্রতিদিন খুব মন দিয়ে গান শিখিস।
sva_03054	sva	p3_ord	p2_hon		medium	pres	রহিম প্রতিদিন একা একা গান শেখে।	রহিম প্রতিদিন একা একা গান শেখেন।
sva_03055	sva	p3_ord	p2_int		medium	pres	রহিম প্রায়ই বাড়ির কাজ শেষ করে গান শেখে।	রহিম প্রায়ই বাড়ির কাজ শেষ করে গান শিখিস।
sva_03056	sva	p3_ord	p2_int		long	pres	রহিম প্রায়ই বাড়ির সব কাজ শেষ করে বন্ধুদের সঙ্গে গান শেখে।	রহিম প্রায়ই বাড়ির সব কাজ শেষ করে বন্ধুদের সঙ্গে গান শিখিস।
sva_03057	sva	p3_ord	p2_int		long	pres	রহিম সাধারণত দীর্ঘ ক্লান্তিকর পথ চলার শেষে একা একা গান শেখে।	রহিম সাধারণত দীর্ঘ ক্লান্তিকর পথ চলার শেষে একা একা গান শিখিস।
sva_03058	sva	p3_ord	p1		long	pres	রহিম প্রায়ই পরীক্ষার প্রস্তুতির ফাঁকে অল্প সময়ের জন্য গান শেখে।	রহিম প্রায়ই পরীক্ষার প্রস্তুতির ফাঁকে অল্প সময়ের জন্য গান শিখি।
sva_03059	sva	p3_ord	p2_hon		long	pres	রহিম প্রায়ই সব রকমের ব্যস্ততার মধ্যেও খুব মন দিয়ে গান শেখে।	রহিম প্রায়ই সব রকমের ব্যস্ততার মধ্যেও খুব মন দিয়ে গান শেখেন।
sva_03060	sva	p3_hon	p3_ord		none	pres	তিনি গান শেখেন।	তিনি গান শেখে।
sva_03061	sva	p3_hon	p1		short	pres	তিনি প্রায়ই গান শেখেন।	তিনি প্রায়ই গান শিখি।
sva_03062	sva	p3_hon	p1		medium	pres	তিনি প্রায়ই বন্ধুদের সঙ্গে গান শেখেন।	তিনি প্রায়ই বন্ধুদের সঙ্গে গান শিখি।
sva_03063	sva	p3_hon	p2_fam		medium	pres	তিনি প্রতিদিন খুব মন দিয়ে গান শেখেন।	তিনি প্রতিদিন খুব মন দিয়ে গান শেখো।
sva_03064	sva	p3_hon	p1		medium	pres	তিনি প্রতিদিন একা একা গান শেখেন।	তিনি প্রতিদিন একা একা গান শিখি।
sva_03065	sva	p3_hon	p2_fam		medium	pres	তিনি প্রতিদিন বাড়ির কাজ শেষ করে গান শেখেন।	তিনি প্রতিদিন বাড়ির কাজ শেষ করে গান শেখো।
sva_03066	sva	p3_hon	p1		long	pres	তিনি প্রায়ই বাড়ির সব কাজ শেষ করে বন্ধুদের সঙ্গে গান শেখেন।	তিনি প্রায়ই বাড়ির সব কাজ শেষ করে বন্ধুদের সঙ্গে গান শিখি।
sva_03067	sva	p3_hon	p2_fam		long	pres	তিনি সাধারণত দীর্ঘ ক্লান্তিকর পথ চলার শেষে একা একা গান শেখেন।	তিনি সাধারণত দীর্ঘ ক্লান্তিকর পথ চলার শেষে একা একা গান শেখো।
sva_03068	sva	p3_hon	p1		long	pres	তিনি প্রায়ই পরীক্ষার প্রস্তুতির ফাঁকে অল্প সময়ের জন্য গান শেখেন।	তিনি প্রায়ই পরীক্ষার প্রস্তুতির ফাঁকে অল্প সময়ের জন্য গান শিখি।
sva_03069	sva	p3_hon	p2_int		long	pres	তিনি প্রায়ই সব রকমের ব্যস্ততার মধ্যেও খুব মন দিয়ে গান শেখেন।	তিনি প্রায়ই সব রকমের ব্যস্ততার মধ্যেও খুব মন দিয়ে গান শিখিস।
sva_03070	sva	p3_hon	p2_fam		none	pres	উনি গান শেখেন।	উনি গান শেখো।
sva_03071	sva	p3_hon	p1		short	pres	উনি প্রতিদিন গান শেখেন।	উনি প্রতিদিন গান শিখি।
sva_03072	sva	p3_hon	p2_int		medium	pres	উনি প্রায়ই বন্ধুদের সঙ্গে গান শেখেন।	উনি প্রায়ই বন্ধুদের সঙ্গে গান শিখিস।
sva_03073	sva	p3_hon	p2_int		medium	pres	উনি সাধারণত খুব মন দিয়ে গান শেখেন।	উনি সাধারণত খুব মন দিয়ে গান শিখিস।
sva_03074	sva	p3_hon	p2_int		medium	pres	উনি প্রায়ই একা একা গান শেখেন।	উনি প্রায়ই একা একা গান শিখিস।
sva_03075	sva	p3_hon	p2_fam		medium	pres	উনি প্রতিদিন বাড়ির কাজ শেষ করে গান শেখেন।	উনি প্রতিদিন বাড়ির কাজ শেষ করে গান শেখো।
sva_03076	sva	p3_hon	p1		long	pres	উনি প্রায়ই বাড়ির সব কাজ শেষ করে বন্ধুদের সঙ্গে গান শেখেন।	উনি প্রায়ই বাড়ির সব কাজ শেষ করে বন্ধুদের সঙ্গে গান শিখি।
sva_03077	sva	p3_hon	p2_fam		long	pres	উনি প্রতিদিন দীর্ঘ ক্লান্তিকর পথ চলার শেষে একা একা গান শেখেন।	উনি প্রতিদিন দীর্ঘ ক্লান্তিকর পথ চলার শেষে একা একা গান শেখো।
sva_03078	sva	p3_hon	p1		long	pres	উনি সাধারণত পরীক্ষার প্রস্তুতির ফাঁকে অল্প সময়ের জন্য গান শেখেন।	উনি সাধারণত পরীক্ষার প্রস্তুতির ফাঁকে অল্প সময়ের জন্য গান শিখি।
sva_03079	sva	p3_hon	p2_int		long	pres	উনি প্রতিদিন সব রকমের ব্যস্ততার মধ্যেও খুব মন দিয়ে গান শেখেন।	উনি প্রতিদিন সব রকমের ব্যস্ততার মধ্যেও খুব মন দিয়ে গান শিখিস।
sva_03080	sva	p1	p3_ord		none	past	আমি গান শিখলাম।	আমি গান শিখল।
sva_03081	sva	p1	p3_ord		short	past	আমি গতকাল গান শিখলাম।	আমি গতকাল গান শিখল।
sva_03082	sva	p1	p2_hon		medium	past	আমি কাল সন্ধ্যায় বন্ধুদের সঙ্গে গান শিখলাম।	আমি কাল সন্ধ্যায় বন্ধুদের সঙ্গে গান শিখলেন।
sva_03083	sva	p1	p3_hon		medium	past	আমি কাল সন্ধ্যায় খুব মন দিয়ে গান শিখলাম।	আমি কাল সন্ধ্যায় খুব মন দিয়ে গান শিখলেন।
sva_03084	sva	p1	p3_ord		medium	past	আমি গতকাল একা একা গান শিখলাম।	আমি গতকাল একা একা গান শিখল।
sva_03085	sva	p1	p3_hon		medium	past	আমি গতকাল বাড়ির কাজ শেষ করে গান শিখলাম।	আমি গতকাল বাড়ির কাজ শেষ করে গান শিখলেন।
sva_03086	sva	p1	p2_hon		long	past	আমি কাল সন্ধ্যায় বাড়ির সব কাজ শেষ করে বন্ধুদের সঙ্গে গান শিখলাম।	আমি কাল সন্ধ্যায় বাড়ির সব কাজ শেষ করে বন্ধুদের সঙ্গে গান শিখলেন।
sva_03087	sva	p1	p3_hon		long	past	আমি গত সপ্তাহে দীর্ঘ ক্লান্তিকর পথ চলার শেষে একা একা গান শিখলাম।	আমি গত সপ্তাহে দীর্ঘ ক্লান্তিকর পথ চলার শেষে একা একা গান শিখলেন।
sva_03088	sva	p1	p2_fam		long	past	আমি গত সপ্তাহে পরীক্ষার প্রস্তুতির ফাঁকে অল্প সময়ের জন্য গান শিখলাম।	আমি গত সপ্তাহে পরীক্ষার প্রস্তুতির ফাঁকে অল্প সময়ের জন্য গান শিখলে।
sva_03089	sva	p1	p3_ord		long	past	আমি গত সপ্তাহে সব রকমের ব্যস্ততার মধ্যেও খুব মন দিয়ে গান শিখলাম।	আমি গত সপ্তাহে সব রকমের ব্যস্ততার মধ্যেও খুব মন দিয়ে গান শিখল।
sva_03090	sva	p2_int	p2_hon		none	past	তুই গান শিখলি।	তুই গান শিখলেন।
sva_03091	sva	p2_int	p3_hon		short	past	তুই গতকাল গান শিখলি।	তুই গতকাল গান শিখলেন।
sva_03092	sva	p2_int	p2_fam		medium	past	তুই কাল সন্ধ্যায় বন্ধুদের সঙ্গে গান শিখলি।	তুই কাল সন্ধ্যায় বন্ধুদের সঙ্গে গান শিখলে।
sva_03093	sva	p2_int	p1		medium	past	তুই গতকাল খুব মন দিয়ে গান শিখলি।	তুই গতকাল খুব মন দিয়ে গান শিখলাম।
sva_03094	sva	p2_int	p3_hon		medium	past	তুই গত সপ্তাহে একা একা গান শিখলি।	তুই গত সপ্তাহে একা একা গান শিখলেন।
sva_03095	sva	p2_int	p2_hon		medium	past	তুই কাল সন্ধ্যায় বাড়ির কাজ শেষ করে গান শিখলি।	তুই কাল সন্ধ্যায় বাড়ির কাজ শেষ করে গান শিখলেন।
sva_03096	sva	p2_int	p2_fam		long	past	তুই কাল সন্ধ্যায় বাড়ির সব কাজ শেষ করে বন্ধুদের সঙ্গে গান শিখলি।	তুই কাল সন্ধ্যায় বাড়ির সব কাজ শেষ করে বন্ধুদের সঙ্গে গান শিখলে।
sva_03097	sva	p2_int	p3_hon		long	past	তুই কাল সন্ধ্যায় দীর্ঘ ক্লান্তিকর পথ চলার শেষে একা একা গান শিখলি।	তুই কাল সন্ধ্যায় দীর্ঘ ক্লান্তিকর পথ চলার শেষে একা একা গান শিখলেন।
sva_03098	sva	p2_int	p3_ord		long	past	তুই কাল সন্ধ্যায় পরীক্ষার প্রস্তুতির ফাঁকে অল্প সময়ের জন্য গান শিখলি।	তুই কাল সন্ধ্যায় পরীক্ষার প্রস্তুতির ফাঁকে অল্প সময়ের জন্য গান শিখল।
sva_03099	sva	p2_int	p1		long	past	তুই কাল সন্ধ্যায় সব রকমের ব্যস্ততার মধ্যেও খুব মন দিয়ে গান শিখলি।	তুই কাল সন্ধ্যায় সব রকমের ব্যস্ততার মধ্যেও খুব মন দিয়ে গান শিখলাম।
sva_03100	sva	p2_fam	p3_ord		none	past	তুমি গান শিখলে।	তুমি গান শিখল।
sva_03101	sva	p2_fam	p3_hon		short	past	তুমি গত সপ্তাহে গান শিখলে।	তুমি গত সপ্তাহে গান শিখলেন।
sva_03102	sva	p2_fam	p1		medium	past	তুমি কাল সন্ধ্যায় বন্ধুদের সঙ্গে গান শিখলে।	তুমি কাল সন্ধ্যায় বন্ধুদের সঙ্গে গান শিখলাম।
sva_03103	sva	p2_fam	p2_int		medium	past	তুমি কাল সন্ধ্যায় খুব মন দিয়ে গান শিখলে।	তুমি কাল সন্ধ্যায় খুব মন দিয়ে গান শিখলি।
sva_03104	sva	p2_fam	p3_ord		medium	past	তুমি কাল সন্ধ্যায় একা একা গান শিখলে।	তুমি কাল সন্ধ্যায় একা একা গান শিখল।
sva_03105	sva	p2_fam	p3_ord		medium	past	তুমি গত সপ্তাহে বাড়ির কাজ শেষ করে গান শিখলে।	তুমি গত সপ্তাহে বাড়ির কাজ শেষ করে গান শিখল।
sva_03106	sva	p2_fam	p1		long	past	তুমি কাল সন্ধ্যায় বাড়ির সব কাজ শেষ করে বন্ধুদের সঙ্গে গান শিখলে।	তুমি কাল সন্ধ্যায় বাড়ির সব কাজ শেষ করে বন্ধুদের সঙ্গে গান শিখলাম।
sva_03107	sva	p2_fam	p2_hon		long	past	তুমি কাল সন্ধ্যায় দীর্ঘ ক্লান্তিকর পথ চলার শেষে একা একা গান শিখলে।	তুমি কাল সন্ধ্যায় দীর্ঘ ক্লান্তিকর পথ চলার শেষে একা একা গান শিখলেন।
sva_03108	sva	p2_fam	p3_hon		long	past	তুমি গত সপ্তাহে পরীক্ষার প্রস্তুতির ফাঁকে অল্প সময়ের জন্য গান শিখলে।	তুমি গত সপ্তাহে পরীক্ষার প্রস্তুতির ফাঁকে অল্প সময়ের জন্য গান শিখলেন।
sva_03109	sva	p2_fam	p2_int		long	past	তুমি গতকাল সব রকমের ব্যস্ততার মধ্যেও খুব মন দিয়ে গান শিখলে।	তুমি গতকাল সব রকমের ব্যস্ততার মধ্যেও খুব মন দিয়ে গান শিখলি।
sva_03110	sva	p2_hon	p2_fam		none	past	আপনি গান শিখলেন।	আপনি গান শিখলে।
sva_03111	sva	p2_hon	p2_int		short	past	আপনি গতকাল গান শিখলেন।	আপনি গতকাল গান শিখলি।
sva_03112	sva	p2_hon	p3_ord		medium	past	আপনি কাল সন্ধ্যায় বন্ধুদের সঙ্গে গান শিখলেন।	আপনি কাল সন্ধ্যায় বন্ধুদের সঙ্গে গান শিখল।
sva_03113	sva	p2_hon	p1		medium	past	আপনি গতকাল খুব মন দিয়ে গান শিখলেন।	আপনি গতকাল খুব মন দিয়ে গান শিখলাম।
sva_03114	sva	p2_hon	p3_ord		medium	past	আপনি কাল সন্ধ্যায় একা একা গান শিখলেন।	আপনি কাল সন্ধ্যায় একা একা গান শিখল।
sva_03115	sva	p2_hon	p1		medium	past	আপনি গত সপ্তাহে বাড়ির কাজ শেষ করে গান শিখলেন।	আপনি গত সপ্তাহে বাড়ির কাজ শেষ করে গান শিখলাম।
sva_03116	sva	p2_hon	p2_int		long	past	আপনি কাল সন্ধ্যায় বাড়ির সব কাজ শেষ করে বন্ধুদের সঙ্গে গান শিখলেন।	আপনি কাল সন্ধ্যায় বাড়ির সব কাজ শেষ করে বন্ধুদের সঙ্গে গান শিখলি।
sva_03117	sva	p2_hon	p2_int		long	past	আপনি গত সপ্তাহে দীর্ঘ ক্লান্তিকর পথ চলার শেষে একা একা গান শিখলেন।	আপনি গত সপ্তাহে দীর্ঘ ক্লান্তিকর পথ চলার শেষে একা একা গান শিখলি।
sva_03118	sva	p2_hon	p1		long	past	আপনি গত সপ্তাহে পরীক্ষার প্রস্তুতির ফাঁকে অল্প সময়ের জন্য গান শিখলেন।	আপনি গত সপ্তাহে পরীক্ষার প্রস্তুতির ফাঁকে অল্প সময়ের জন্য গান শিখলাম।
sva_03119	sva	p2_hon	p1		long	past	আপনি কাল সন্ধ্যায় সব রকমের ব্যস্ততার মধ্যেও খুব মন দিয়ে গান শিখলেন।	আপনি কাল সন্ধ্যায় সব রকমের ব্যস্ততার মধ্যেও খুব মন দিয়ে গান শিখলাম।
sva_03120	sva	p3_ord	p2_fam		none	past	সে গান শিখল।	সে গান শিখলে।
sva_03121	sva	p3_ord	p2_fam		short	past	সে গত সপ্তাহে গান শিখল।	সে গত সপ্তাহে গান শিখলে।
sva_03122	sva	p3_ord	p1		medium	past	সে কাল সন্ধ্যায় বন্ধুদের সঙ্গে গান শিখল।	সে কাল সন্ধ্যায় বন্ধুদের সঙ্গে গান শিখলাম।
sva_03123	sva	p3_ord	p2_fam		medium	past	সে কাল সন্ধ্যায় খুব মন দিয়ে গান শিখল।	সে কাল সন্ধ্যায় খুব মন দিয়ে গান শিখলে।
sva_03124	sva	p3_ord	p1		medium	past	সে গতকাল একা একা গান শিখল।	সে গতকাল একা একা গান শিখলাম।
sva_03125	sva	p3_ord	p1		medium	past	সে গত সপ্তাহে বাড়ির কাজ শেষ করে গান শিখল।	সে গত সপ্তাহে বাড়ির কাজ শেষ করে গান শিখলাম।
sva_03126	sva	p3_ord	p1		long	past	সে কাল সন্ধ্যায় বাড়ির সব কাজ শেষ করে বন্ধুদের সঙ্গে গান শিখল।	সে কাল সন্ধ্যায় বাড়ির সব কাজ শেষ করে বন্ধুদের সঙ্গে গান শিখলাম।
sva_03127	sva	p3_ord	p2_hon		long	past	সে গত সপ্তাহে দীর্ঘ ক্লান্তিকর পথ চলার শেষে একা একা গান শিখল।	সে গত সপ্তাহে দীর্ঘ ক্লান্তিকর পথ চলার শেষে একা একা গান শিখলেন।
sva_03128	sva	p3_ord	p2_fam		long	past	সে গত সপ্তাহে পরীক্ষার প্রস্তুতির ফাঁকে অল্প সময়ের জন্য গান শিখল।	সে গত সপ্তাহে পরীক্ষার প্রস্তুতির ফাঁকে অল্প সময়ের জন্য গান শিখলে।
sva_03129	sva	p3_ord	p2_hon		long	past	সে গত সপ্তাহে সব রকমের ব্যস্ততার মধ্যেও খুব মন দিয়ে গান শিখল।	সে গত সপ্তাহে সব রকমের ব্যস্ততার মধ্যেও খুব মন দিয়ে গান শিখলেন।
sva_03130	sva	p3_ord	p2_fam		none	past	ছেলেটি গান শিখল।	ছেলেটি গান শিখলে।
sva_03131	sva	p3_ord	p1		short	past	ছেলেটি গতকাল গান শিখল।	ছেলেটি গতকাল গান শিখলাম।
sva_03132	sva	p3_ord	p2_hon		medium	past	ছেলেটি কাল সন্ধ্যায় বন্ধুদের সঙ্গে গান শিখল।	ছেলেটি কাল সন্ধ্যায় বন্ধুদের সঙ্গে গান শিখলেন।
sva_03133	sva	p3_ord	p1		medium	past	ছেলেটি কাল সন্ধ্যায় খুব মন দিয়ে গান শিখল।	ছেলেটি কাল সন্ধ্যায় খুব মন দিয়ে গান শিখলাম।
sva_03134	sva	p3_ord	p1		medium	past	ছেলেটি গত সপ্তাহে একা একা গান শিখল।	ছেলেটি গত সপ্তাহে একা একা গান শিখলাম।
sva_03135	sva	p3_ord	p2_hon		medium	past	ছেলেটি গত সপ্তাহে বাড়ির কাজ শেষ করে গান শিখল।	ছেলেটি গত সপ্তাহে বাড়ির কাজ শেষ করে গান শিখলেন।
sva_03136	sva	p3_ord	p2_hon		long	past	ছেলেটি গত সপ্তাহে বাড়ির সব কাজ শেষ করে বন্ধুদের সঙ্গে গান শিখল।	ছেলেটি গত সপ্তাহে বাড়ির সব কাজ শেষ করে বন্ধুদের সঙ্গে গান শিখলেন।
sva_03137	sva	p3_ord	p2_fam		long	past	ছেলেটি গতকাল দীর্ঘ ক্লান্তিকর পথ চলার শেষে একা একা গান শিখল।	ছেলেটি গতকাল দীর্ঘ ক্লান্তিকর পথ চলার শেষে একা একা গান শিখলে।
sva_03138	sva	p3_ord	p1		long	past	ছেলেটি কাল সন্ধ্যায় পরীক্ষার প্রস্তুতির ফাঁকে অল্প সময়ের জন্য গান শিখল।	ছেলেটি কাল সন্ধ্যায় পরীক্ষার প্রস্তুতির ফাঁকে অল্প সময়ের জন্য গান শিখলাম।
sva_03139	sva	p3_ord	p2_hon		long	past	ছেলেটি কাল সন্ধ্যায় সব রকমের ব্যস্ততার মধ্যেও খুব মন দিয়ে গান শিখল।	ছেলেটি কাল সন্ধ্যায় সব রকমের ব্যস্ততার মধ্যেও খুব মন দিয়ে গান শিখলেন।
sva_03140	sva	p3_ord	p1		none	past	মেয়েটি গান শিখল।	মেয়েটি গান শিখলাম।
sva_03141	sva	p3_ord	p1		short	past	মেয়েটি গতকাল গান শিখল।	মেয়েটি গতকাল গান শিখলাম।
sva_03142	sva	p3_ord	p2_int		medium	past	মেয়েটি কাল সন্ধ্যায় বন্ধুদের সঙ্গে গান শিখল।	মেয়েটি কাল সন্ধ্যায় বন্ধুদের সঙ্গে গান শিখলি।
sva_03143	sva	p3_ord	p3_hon		medium	past	মেয়েটি কাল সন্ধ্যায় খুব মন দিয়ে গান শিখল।	মেয়েটি কাল সন্ধ্যায় খুব মন দিয়ে গান শিখলেন।
sva_03144	sva	p3_ord	p3_hon		medium	past	মেয়েটি কাল সন্ধ্যায় একা একা গান শিখল।	মেয়েটি কাল সন্ধ্যায় একা একা গান শিখলেন।
sva_03145	sva	p3_ord	p2_fam		medium	past	মেয়েটি গতকাল বাড়ির কাজ শেষ করে গান শিখল।	মেয়েটি গতকাল বাড়ির কাজ শেষ করে গান শিখলে।
sva_03146	sva	p3_ord	p3_hon		long	past	মেয়েটি গতকাল বাড়ির সব কাজ শেষ করে বন্ধুদের সঙ্গে গান শিখল।	মেয়েটি গতকাল বাড়ির সব কাজ শেষ করে বন্ধুদের সঙ্গে গান শিখলেন।
sva_03147	sva	p3_ord	p2_fam		long	past	মেয়েটি গতকাল দীর্ঘ ক্লান্তিকর পথ চলার শেষে একা একা গান শিখল।	মেয়েটি গতকাল দীর্ঘ ক্লান্তিকর পথ চলার শেষে একা একা গান শিখলে।
sva_03148	sva	p3_ord	p3_hon		long	past	মেয়েটি গতকাল পরীক্ষার প্রস্তুতির ফাঁকে অল্প সময়ের জন্য গান শিখল।	মেয়েটি গতকাল পরীক্ষার প্রস্তুতির ফাঁকে অল্প সময়ের জন্য গান শিখলেন।
sva_03149	sva	p3_ord	p3_hon		long	past	মেয়েটি গতকাল সব রকমের ব্যস্ততার মধ্যেও খুব মন দিয়ে গান শিখল।	মেয়েটি গতকাল সব রকমের ব্যস্ততার মধ্যেও খুব মন দিয়ে গান শিখলেন।
sva_03150	sva	p3_ord	p2_fam		none	past	আমার বন্ধু গান শিখল।	আমার বন্ধু গান শিখলে।
sva_03151	sva	p3_ord	p3_hon		short	past	আমার বন্ধু গত সপ্তাহে গান শিখল।	আমার বন্ধু গত সপ্তাহে গান শিখলেন।
sva_03152	sva	p3_ord	p2_hon		medium	past	আমার বন্ধু গত সপ্তাহে বন্ধুদের সঙ্গে গান শিখল।	আমার বন্ধু গত সপ্তাহে বন্ধুদের সঙ্গে গান শিখলেন।
sva_03153	sva	p3_ord	p2_int		medium	past	আমার বন্ধু গত সপ্তাহে খুব মন দিয়ে গান শিখল।	আমার বন্ধু গত সপ্তাহে খুব মন দিয়ে গান শিখলি।
sva_03154	sva	p3_ord	p2_int		medium	past	আমার বন্ধু গত সপ্তাহে একা একা গান শিখল।	আমার বন্ধু গত সপ্তাহে একা একা গান শিখলি।
sva_03155	sva	p3_ord	p2_int		medium	past	আমার বন্ধু কাল সন্ধ্যায় বাড়ির কাজ শেষ করে গান শিখল।	আমার বন্ধু কাল সন্ধ্যায় বাড়ির কাজ শেষ করে গান শিখলি।
sva_03156	sva	p3_ord	p2_fam		long	past	আমার বন্ধু কাল সন্ধ্যায় বাড়ির সব কাজ শেষ করে বন্ধুদের সঙ্গে গান শিখল।	আমার বন্ধু কাল সন্ধ্যায় বাড়ির সব কাজ শেষ করে বন্ধুদের সঙ্গে গান শিখলে।
sva_03157	sva	p3_ord	p2_fam		long	past	আমার বন্ধু গতকাল দীর্ঘ ক্লান্তিকর পথ চলার শেষে একা একা গান শিখল।	আমার বন্ধু গতকাল দীর্ঘ ক্লান্তিকর পথ চলার শেষে একা একা গান শিখলে।
sva_03158	sva	p3_ord	p2_int		long	past	আমার বন্ধু গত সপ্তাহে পরীক্ষার প্রস্তুতির ফাঁকে অল্প সময়ের জন্য গান শিখল।	আমার বন্ধু গত সপ্তাহে পরীক্ষার প্রস্তুতির ফাঁকে অল্প সময়ের জন্য গান শিখলি।
sva_03159	sva	p3_ord	p3_hon		long	past	আমার বন্ধু কাল সন্ধ্যায় সব রকমের ব্যস্ততার মধ্যেও খুব মন দিয়ে গান শিখল।	আমার বন্ধু কাল সন্ধ্যায় সব রকমের ব্যস্ততার মধ্যেও খুব মন দিয়ে গান শিখলেন।
sva_03160	sva	p3_ord	p2_int		none	past	রহিম গান শিখল।	রহিম গান শিখলি।
sva_03161	sva	p3_ord	p2_fam		short	past	রহিম গত সপ্তাহে গান শিখল।	রহিম গত সপ্তাহে গান শিখলে।
sva_03162	sva	p3_ord	p2_fam		medium	past	রহিম গতকাল বন্ধুদের সঙ্গে গান শিখল।	রহিম গতকাল বন্ধুদের সঙ্গে গান শিখলে।
sva_03163	sva	p3_ord	p2_int		medium	past	রহিম কাল সন্ধ্যায় খুব মন দিয়ে গান শিখল।	রহিম কাল সন্ধ্যায় খুব মন দিয়ে গান শিখলি।
sva_03164	sva	p3_ord	p3_hon		medium	past	রহিম গত সপ্তাহে একা একা গান শিখল।	রহিম গত সপ্তাহে একা একা গান শিখলেন।
sva_03165	sva	p3_ord	p3_hon		medium	past	রহিম গতকাল বাড়ির কাজ শেষ করে গান শিখল।	রহিম গতকাল বাড়ির কাজ শেষ করে গান শিখলেন।
sva_03166	sva	p3_ord	p2_hon		long	past	রহিম কাল সন্ধ্যায় বাড়ির সব কাজ শেষ করে বন্ধুদের সঙ্গে গান শিখল।	রহিম কাল সন্ধ্যায় বাড়ির সব কাজ শেষ করে বন্ধুদের সঙ্গে গান শিখলেন।
sva_03167	sva	p3_ord	p2_hon		long	past	রহিম কাল সন্ধ্যায় দীর্ঘ ক্লান্তিকর পথ চলার শেষে একা একা গান শিখল।	রহিম কাল সন্ধ্যায় দীর্ঘ ক্লান্তিকর পথ চলার শেষে একা একা গান শিখলেন।
sva_03168	sva	p3_ord	p3_hon		long	past	রহিম গত সপ্তাহে পরীক্ষার প্রস্তুতির ফাঁকে অল্প সময়ের জন্য গান শিখল।	রহিম গত সপ্তাহে পরীক্ষার প্রস্তুতির ফাঁকে অল্প সময়ের জন্য গান শিখলেন।
sva_03169	sva	p3_ord	p3_hon		long	past	রহিম কাল সন্ধ্যায় সব রকমের ব্যস্ততার মধ্যেও খুব মন দিয়ে গান শিখল।	রহিম কাল সন্ধ্যায় সব রকমের ব্যস্ততার মধ্যেও খুব মন দিয়ে গান শিখলেন।
sva_03170	sva	p3_hon	p3_ord		none	past	তিনি গান শিখলেন।	তিনি গান শিখল।
sva_03171	sva	p3_hon	p2_int		short	past	তিনি কাল সন্ধ্যায় গান শিখলেন।	তিনি কাল সন্ধ্যায় গান শিখলি।
sva_03172	sva	p3_hon	p2_fam		medium	past	তিনি গতকাল বন্ধুদের সঙ্গে গান শিখলেন।	তিনি গতকাল বন্ধুদের সঙ্গে গান শিখলে।
sva_03173	sva	p3_hon	p2_int		medium	past	তিনি কাল সন্ধ্যায় খুব মন দিয়ে গান শিখলেন।	তিনি কাল সন্ধ্যায় খুব মন দিয়ে গান শিখলি।
sva_03174	sva	p3_hon	p2_fam		medium	past	তিনি কাল সন্ধ্যায় একা একা গান শিখলেন।	তিনি কাল সন্ধ্যায় একা একা গান শিখলে।
sva_03175	sva	p3_hon	p1		medium	past	তিনি গতকাল বাড়ির কাজ শেষ করে গান শিখলেন।	তিনি গতকাল বাড়ির কাজ শেষ করে গান শিখলাম।
sva_03176	sva	p3_hon	p1		long	past	তিনি গত সপ্তাহে বাড়ির সব কাজ শেষ করে বন্ধুদের সঙ্গে গান শিখলেন।	তিনি গত সপ্তাহে বাড়ির সব কাজ শেষ করে বন্ধুদের সঙ্গে গান শিখলাম।
sva_03177	sva	p3_hon	p2_int		long	past	তিনি কাল সন্ধ্যায় দীর্ঘ ক্লান্তিকর পথ চলার শেষে একা একা গান শিখলেন।	তিনি কাল সন্ধ্যায় দীর্ঘ ক্লান্তিকর পথ চলার শেষে একা একা গান শিখলি।
sva_03178	sva	p3_hon	p2_int		long	past	তিনি গতকাল পরীক্ষার প্রস্তুতির ফাঁকে অল্প সময়ের জন্য গান শিখলেন।	তিনি গতকাল পরীক্ষার প্রস্তুতির ফাঁকে অল্প সময়ের জন্য গান শিখলি।
sva_03179	sva	p3_hon	p3_ord		long	past	তিনি কাল সন্ধ্যায় সব রকমের ব্যস্ততার মধ্যেও খুব মন দিয়ে গান শিখলেন।	তিনি কাল সন্ধ্যায় সব রকমের ব্যস্ততার মধ্যেও খুব মন দিয়ে গান শিখল।
sva_03180	sva	p3_hon	p2_int		none	past	উনি গান শিখলেন।	উনি গান শিখলি।
sva_03181	sva	p3_hon	p3_ord		short	past	উনি গতকাল গান শিখলেন।	উনি গতকাল গান শিখল।
sva_03182	sva	p3_hon	p2_int		medium	past	উনি গত সপ্তাহে বন্ধুদের সঙ্গে গান শিখলেন।	উনি গত সপ্তাহে বন্ধুদের সঙ্গে গান শিখলি।
sva_03183	sva	p3_hon	p2_int		medium	past	উনি গতকাল খুব মন দিয়ে গান শিখলেন।	উনি গতকাল খুব মন দিয়ে গান শিখলি।
sva_03184	sva	p3_hon	p1		medium	past	উনি কাল সন্ধ্যায় একা একা গান শিখলেন।	উনি কাল সন্ধ্যায় একা একা গান শিখলাম।
sva_03185	sva	p3_hon	p2_fam		medium	past	উনি কাল সন্ধ্যায় বাড়ির কাজ শেষ করে গান শিখলেন।	উনি কাল সন্ধ্যায় বাড়ির কাজ শেষ করে গান শিখলে।
sva_03186	sva	p3_hon	p2_fam		long	past	উনি কাল সন্ধ্যায় বাড়ির সব কাজ শেষ করে বন্ধুদের সঙ্গে গান শিখলেন।	উনি কাল সন্ধ্যায় বাড়ির সব কাজ শেষ করে বন্ধুদের সঙ্গে গান শিখলে।
sva_03187	sva	p3_hon	p2_fam		long	past	উনি কাল সন্ধ্যায় দীর্ঘ ক্লান্তিকর পথ চলার শেষে একা একা গান শিখলেন।	উনি কাল সন্ধ্যায় দীর্ঘ ক্লান্তিকর পথ চলার শেষে একা একা গান শিখলে।
sva_03188	sva	p3_hon	p1		long	past	উনি গতকাল পরীক্ষার প্রস্তুতির ফাঁকে অল্প সময়ের জন্য গান শিখলেন।	উনি গতকাল পরীক্ষার প্রস্তুতির ফাঁকে অল্প সময়ের জন্য গান শিখলাম।
sva_03189	sva	p3_hon	p3_ord		long	past	উনি গত সপ্তাহে সব রকমের ব্যস্ততার মধ্যেও খুব মন দিয়ে গান শিখলেন।	উনি গত সপ্তাহে সব রকমের ব্যস্ততার মধ্যেও খুব মন দিয়ে গান শিখল।
sva_03190	sva	p1	p2_int		none	fut	আমি গান শিখব।	আমি গান শিখবি।
sva_03191	sva	p1	p3_hon		short	fut	আমি আগামীকাল গান শিখব।	আমি আগামীকাল গান শিখবেন।
sva_03192	sva	p1	p2_fam		medium	fut	আমি আগামীকাল বন্ধুদের সঙ্গে গান শিখব।	আমি আগামীকাল বন্ধুদের সঙ্গে গান শিখবে।
sva_03193	sva	p1	p2_fam		medium	fut	আমি আগামীকাল খুব মন দিয়ে গান শিখব।	আমি আগামীকাল খুব মন দিয়ে গান শিখবে।
sva_03194	sva	p1	p3_hon		medium	fut	আমি আগামীকাল একা একা গান শিখব।	আমি আগামীকাল একা একা গান শিখবেন।
sva_03195	sva	p1	p2_int		medium	fut	আমি কিছুদিন পরে বাড়ির কাজ শেষ করে গান শিখব।	আমি কিছুদিন পরে বাড়ির কাজ শেষ করে গান শিখবি।
sva_03196	sva	p1	p2_int		long	fut	আমি আগামী সপ্তাহে বাড়ির সব কাজ শেষ করে বন্ধুদের সঙ্গে গান শিখব।	আমি আগামী সপ্তাহে বাড়ির সব কাজ শেষ করে বন্ধুদের সঙ্গে গান শিখবি।
sva_03197	sva	p1	p3_hon		long	fut	আমি আগামীকাল দীর্ঘ ক্লান্তিকর পথ চলার শেষে একা একা গান শিখব।	আমি আগামীকাল দীর্ঘ ক্লান্তিকর পথ চলার শেষে একা একা গান শিখবেন।
sva_03198	sva	p1	p3_hon		long	fut	আমি আগামী সপ্তাহে পরীক্ষার প্রস্তুতির ফাঁকে অল্প সময়ের জন্য গান শিখব।	আমি আগামী সপ্তাহে পরীক্ষার প্রস্তুতির ফাঁকে অল্প সময়ের জন্য গান শিখবেন।
sva_03199	sva	p1	p3_ord		long	fut	আমি আগামীকাল সব রকমের ব্যস্ততার মধ্যেও খুব মন দিয়ে গান শিখব।	আমি আগামীকাল সব রকমের ব্যস্ততার মধ্যেও খুব মন দিয়ে গান শিখবে।
sva_03200	sva	p2_int	p2_fam		none	fut	তুই গান শিখবি।	তুই গান শিখবে।
sva_03201	sva	p2_int	p1		short	fut	তুই কিছুদিন পরে গান শিখবি।	তুই কিছুদিন পরে গান শিখব।
sva_03202	sva	p2_int	p3_ord		medium	fut	তুই আগামীকাল বন্ধুদের সঙ্গে গান শিখবি।	তুই আগামীকাল বন্ধুদের সঙ্গে গান শিখবে।
sva_03203	sva	p2_int	p2_fam		medium	fut	তুই আগামী সপ্তাহে খুব মন দিয়ে গান শিখবি।	তুই আগামী সপ্তাহে খুব মন দিয়ে গান শিখবে।
sva_03204	sva	p2_int	p3_ord		medium	fut	তুই আগামীকাল একা একা গান শিখবি।	তুই আগামীকাল একা একা গান শিখবে।
sva_03205	sva	p2_int	p3_hon		medium	fut	তুই আগামী সপ্তাহে বাড়ির কাজ শেষ করে গান শিখবি।	তুই আগামী সপ্তাহে বাড়ির কাজ শেষ করে গান শিখবেন।
sva_03206	sva	p2_int	p1		long	fut	তুই কিছুদিন পরে বাড়ির সব কাজ শেষ করে বন্ধুদের সঙ্গে গান শিখবি।	তুই কিছুদিন পরে বাড়ির সব কাজ শেষ করে বন্ধুদের সঙ্গে গান শিখব।
sva_03207	sva	p2_int	p1		long	fut	তুই আগামী সপ্তাহে দীর্ঘ ক্লান্তিকর পথ চলার শেষে একা একা গান শিখবি।	তুই আগামী সপ্তাহে দীর্ঘ ক্লান্তিকর পথ চলার শেষে একা একা গান শিখব।
sva_03208	sva	p2_int	p2_fam		long	fut	তুই কিছুদিন পরে পরীক্ষার প্রস্তুতির ফাঁকে অল্প সময়ের জন্য গান শিখবি।	তুই কিছুদিন পরে পরীক্ষার প্রস্তুতির ফাঁকে অল্প সময়ের জন্য গান শিখবে।
sva_03209	sva	p2_int	p1		long	fut	তুই কিছুদিন পরে সব রকমের ব্যস্ততার মধ্যেও খুব মন দিয়ে গান শিখবি।	তুই কিছুদিন পরে সব রকমের ব্যস্ততার মধ্যেও খুব মন দিয়ে গান শিখব।
sva_03210	sva	p2_fam	p1		none	fut	তুমি গান শিখবে।	তুমি গান শিখব।
sva_03211	sva	p2_fam	p3_hon		short	fut	তুমি আগামীকাল গান শিখবে।	তুমি আগামীকাল গান শিখবেন।
sva_03212	sva	p2_fam	p3_hon		medium	fut	তুমি আগামী সপ্তাহে বন্ধুদের সঙ্গে গান শিখবে।	তুমি আগামী সপ্তাহে বন্ধুদের সঙ্গে গান শিখবেন।
sva_03213	sva	p2_fam	p2_int		medium	fut	তুমি আগামী সপ্তাহে খুব মন দিয়ে গান শিখবে।	তুমি আগামী সপ্তাহে খুব মন দিয়ে গান শিখবি।
sva_03214	sva	p2_fam	p3_hon		medium	fut	তুমি কিছুদিন পরে একা একা গান শিখবে।	তুমি কিছুদিন পরে একা একা গান শিখবেন।
sva_03215	sva	p2_fam	p2_int		medium	fut	তুমি কিছুদিন পরে বাড়ির কাজ শেষ করে গান শিখবে।	তুমি কিছুদিন পরে বাড়ির কাজ শেষ করে গান শিখবি।
sva_03216	sva	p2_fam	p1		long	fut	তুমি আগামী সপ্তাহে বাড়ির সব কাজ শেষ করে বন্ধুদের সঙ্গে গান শিখবে।	তুমি আগামী সপ্তাহে বাড়ির সব কাজ শেষ করে বন্ধুদের সঙ্গে গান শিখব।
sva_03217	sva	p2_fam	p2_hon		long	fut	তুমি কিছুদিন পরে দীর্ঘ ক্লান্তিকর পথ চলার শেষে একা একা গান শিখবে।	তুমি কিছুদিন পরে দীর্ঘ ক্লান্তিকর পথ চলার শেষে একা একা গান শিখবেন।
sva_03218	sva	p2_fam	p2_int		long	fut	তুমি আগামীকাল পরীক্ষার প্রস্তুতির ফাঁকে অল্প সময়ের জন্য গান শিখবে।	তুমি আগামীকাল পরীক্ষার প্রস্তুতির ফাঁকে অল্প সময়ের জন্য গান শিখবি।
sva_03219	sva	p2_fam	p3_hon		long	fut	তুমি কিছুদিন পরে সব রকমের ব্যস্ততার মধ্যেও খুব মন দিয়ে গান শিখবে।	তুমি কিছুদিন পরে সব রকমের ব্যস্ততার মধ্যেও খুব মন দিয়ে গান শিখবেন।
sva_03220	sva	p2_hon	p3_ord		none	fut	আপনি গান শিখবেন।	আপনি গান শিখবে।
sva_03221	sva	p2_hon	p1		short	fut	আপনি কিছুদিন পরে গান শিখবেন।	আপনি কিছুদিন পরে গান শিখব।
sva_03222	sva	p2_hon	p2_int		medium	fut	আপনি কিছুদিন পরে বন্ধুদের সঙ্গে গান শিখবেন।	আপনি কিছুদিন পরে বন্ধুদের সঙ্গে গান শিখবি।
sva_03223	sva	p2_hon	p2_fam		medium	fut	আপনি কিছুদিন পরে খুব মন দিয়ে গান শিখবেন।	আপনি কিছুদিন পরে খুব মন দিয়ে গান শিখবে।
sva_03224	sva	p2_hon	p3_ord		medium	fut	আপনি কিছুদিন পরে একা একা গান শিখবেন।	আপনি কিছুদিন পরে একা একা গান শিখবে।
sva_03225	sva	p2_hon	p1		medium	fut	আপনি কিছুদিন পরে বাড়ির কাজ শেষ করে গান শিখবেন।	আপনি কিছুদিন পরে বাড়ির কাজ শেষ করে গান শিখব।
sva_03226	sva	p2_hon	p1		long	fut	আপনি আগামী সপ্তাহে বাড়ির সব কাজ শেষ করে বন্ধুদের সঙ্গে গান শিখবেন।	আপনি আগামী সপ্তাহে বাড়ির সব কাজ শেষ করে বন্ধুদের সঙ্গে গান শিখব।
sva_03227	sva	p2_hon	p3_ord		long	fut	আপনি আগামী সপ্তাহে দীর্ঘ ক্লান্তিকর পথ চলার শেষে একা একা গান শিখবেন।	আপনি আগামী সপ্তাহে দীর্ঘ ক্লান্তিকর পথ চলার শেষে একা একা গান শিখবে।
sva_03228	sva	p2_hon	p2_int		long	fut	আপনি কিছুদিন পরে পরীক্ষার প্রস্তুতির ফাঁকে অল্প সময়ের জন্য গান শিখবেন।	আপনি কিছুদিন পরে পরীক্ষার প্রস্তুতির ফাঁকে অল্প সময়ের জন্য গান শিখবি।
sva_03229	sva	p2_hon	p2_int		long	fut	আপনি আগামী সপ্তাহে সব রকমের ব্যস্ততার মধ্যেও খুব মন দিয়ে গান শিখবেন।	আপনি আগামী সপ্তাহে সব রকমের ব্যস্ততার মধ্যেও খুব মন দিয়ে গান শিখবি।
sva_03230	sva	p3_ord	p2_hon		none	fut	সে গান শিখবে।	সে গান শিখবেন।
sva_03231	sva	p3_ord	p2_int		short	fut	সে কিছুদিন পরে গান শিখবে।	সে কিছুদিন পরে গান শিখবি।
sva_03232	sva	p3_ord	p1		medium	fut	সে আগামীকাল বন্ধুদের সঙ্গে গান শিখবে।	সে আগামীকাল বন্ধুদের সঙ্গে গান শিখব।
sva_03233	sva	p3_ord	p1		medium	fut	সে আগামীকাল খুব মন দিয়ে গান শিখবে।	সে আগামীকাল খুব মন দিয়ে গান শিখব।
sva_03234	sva	p3_ord	p2_int		medium	fut	সে আগামী সপ্তাহে একা একা গান শিখবে।	সে আগামী সপ্তাহে একা একা গান শিখবি।
sva_03235	sva	p3_ord	p1		medium	fut	সে আগামীকাল বাড়ির কাজ শেষ করে গান শিখবে।	সে আগামীকাল বাড়ির কাজ শেষ করে গান শিখব।
sva_03236	sva	p3_ord	p3_hon		long	fut	সে আগামী সপ্তাহে বাড়ির সব কাজ শেষ করে বন্ধুদের সঙ্গে গান শিখবে।	সে আগামী সপ্তাহে বাড়ির সব কাজ শেষ করে বন্ধুদের সঙ্গে গান শিখবেন।
sva_03237	sva	p3_ord	p2_hon		long	fut	সে আগামীকাল দীর্ঘ ক্লান্তিকর পথ চলার শেষে একা একা গান শিখবে।	সে আগামীকাল দীর্ঘ ক্লান্তিকর পথ চলার শেষে একা একা গান শিখবেন।
sva_03238	sva	p3_ord	p3_hon		long	fut	সে কিছুদিন পরে পরীক্ষার প্রস্তুতির ফাঁকে অল্প সময়ের জন্য গান শিখবে।	সে কিছুদিন পরে পরীক্ষার প্রস্তুতির ফাঁকে অল্প সময়ের জন্য গান শিখবেন।
sva_03239	sva	p3_ord	p1		long	fut	সে আগামী সপ্তাহে সব রকমের ব্যস্ততার মধ্যেও খুব মন দিয়ে গান শিখবে।	সে আগামী সপ্তাহে সব রকমের ব্যস্ততার মধ্যেও খুব মন দিয়ে গান শিখব।
sva_03240	sva	p3_ord	p3_hon		none	fut	ছেলেটি গান শিখবে।	ছেলেটি গান শিখবেন।
sva_03241	sva	p3_ord	p1		short	fut	ছেলেটি আগামী সপ্তাহে গান শিখবে।	ছেলেটি আগামী সপ্তাহে গান শিখব।
sva_03242	sva	p3_ord	p3_hon		medium	fut	ছেলেটি আগামী সপ্তাহে বন্ধুদের সঙ্গে গান শিখবে।	ছেলেটি আগামী সপ্তাহে বন্ধুদের সঙ্গে গান শিখবেন।
sva_03243	sva	p3_ord	p2_int		medium	fut	ছেলেটি আগামীকাল খুব মন দিয়ে গান শিখবে।	ছেলেটি আগামীকাল খুব মন দিয়ে গান শিখবি।
sva_03244	sva	p3_ord	p2_int		medium	fut	ছেলেটি আগামী সপ্তাহে একা একা গান শিখবে।	ছেলেটি আগামী সপ্তাহে একা একা গান শিখবি।
sva_03245	sva	p3_ord	p2_int		medium	fut	ছেলেটি আগামীকাল বাড়ির কাজ শেষ করে গান শিখবে।	ছেলেটি আগামীকাল বাড়ির কাজ শেষ করে গান শিখবি।
sva_03246	sva	p3_ord	p3_hon		long	fut	ছেলেটি আগামীকাল বাড়ির সব কাজ শেষ করে বন্ধুদের সঙ্গে গান শিখবে।	ছেলেটি আগামীকাল বাড়ির সব কাজ শেষ করে বন্ধুদের সঙ্গে গান শিখবেন।
sva_03247	sva	p3_ord	p2_int		long	fut	ছেলেটি আগামী সপ্তাহে দীর্ঘ ক্লান্তিকর পথ চলার শেষে একা একা গান শিখবে।	ছেলেটি আগামী সপ্তাহে দীর্ঘ ক্লান্তিকর পথ চলার শেষে একা একা গান শিখবি।
sva_03248	sva	p3_ord	p1		long	fut	ছেলেটি কিছুদিন পরে পরীক্ষার প্রস্তুতির ফাঁকে অল্প সময়ের জন্য গান শিখবে।	ছেলেটি কিছুদিন পরে পরীক্ষার প্রস্তুতির ফাঁকে অল্প সময়ের জন্য গান শিখব।
sva_03249	sva	p3_ord	p1		long	fut	ছেলেটি আগামীকাল সব রকমের ব্যস্ততার মধ্যেও খুব মন দিয়ে গান শিখবে।	ছেলেটি আগামীকাল সব রকমের ব্যস্ততার মধ্যেও খুব মন দিয়ে গান শিখব।
sva_03250	sva	p3_ord	p3_hon		none	fut	মেয়েটি গান শিখবে।	মেয়েটি গান শিখবেন।
sva_03251	sva	p3_ord	p2_hon		short	fut	মেয়েটি আগামীকাল গান শিখবে।	মেয়েটি আগামীকাল গান শিখবেন।
sva_03252	sva	p3_ord	p3_hon		medium	fut	মেয়েটি আগামীকাল বন্ধুদের সঙ্গে গান শিখবে।	মেয়েটি আগামীকাল বন্ধুদের সঙ্গে গান শিখবেন।
sva_03253	sva	p3_ord	p1		medium	fut	মেয়েটি কিছুদিন পরে খুব মন দিয়ে গান শিখবে।	মেয়েটি কিছুদিন পরে খুব মন দিয়ে গান শিখব।
sva_03254	sva	p3_ord	p1		medium	fut	মেয়েটি কিছুদিন পরে একা একা গান শিখবে।	মেয়েটি কিছুদিন পরে একা একা গান শিখব।
sva_03255	sva	p3_ord	p2_hon		medium	fut	মেয়েটি আগামীকাল বাড়ির কাজ শেষ করে গান শিখবে।	মেয়েটি আগামীকাল বাড়ির কাজ শেষ করে গান শিখবেন।
sva_03256	sva	p3_ord	p2_hon		long	fut	মেয়েটি কিছুদিন পরে বাড়ির সব কাজ শেষ করে বন্ধুদের সঙ্গে গান শিখবে।	মেয়েটি কিছুদিন পরে বাড়ির সব কাজ শেষ করে বন্ধুদের সঙ্গে গান শিখবেন।
sva_03257	sva	p3_ord	p2_int		long	fut	মেয়েটি আগামী সপ্তাহে দীর্ঘ ক্লান্তিকর পথ চলার শেষে একা একা গান শিখবে।	মেয়েটি আগামী সপ্তাহে দীর্ঘ ক্লান্তিকর পথ চলার শেষে একা একা গান শিখবি।
sva_03258	sva	p3_ord	p2_int		long	fut	মেয়েটি কিছুদিন পরে পরীক্ষার প্রস্তুতির ফাঁকে অল্প সময়ের জন্য গান শিখবে।	মেয়েটি কিছুদিন পরে পরীক্ষার প্রস্তুতির ফাঁকে অল্প সময়ের জন্য গান শিখবি।
sva_03259	sva	p3_ord	p2_int		long	fut	মেয়েটি আগামীকাল সব রকমের ব্যস্ততার মধ্যেও খুব মন দিয়ে গান শিখবে।	মেয়েটি আগামীকাল সব রকমের ব্যস্ততার মধ্যেও খুব মন দিয়ে গান শিখবি।
sva_03260	sva	p3_ord	p2_hon		none	fut	আমার বন্ধু গান শিখবে।	আমার বন্ধু গান শিখবেন।
sva_03261	sva	p3_ord	p2_int		short	fut	আমার বন্ধু আগামীকাল গান শিখবে।	আমার বন্ধু আগামীকাল গান শিখবি।
sva_03262	sva	p3_ord	p1		medium	fut	আমার বন্ধু কিছুদিন পরে বন্ধুদের সঙ্গে গান শিখবে।	আমার বন্ধু কিছুদিন পরে বন্ধুদের সঙ্গে গান শিখব।
sva_03263	sva	p3_ord	p3_hon		medium	fut	আমার বন্ধু কিছুদিন পরে খুব মন দিয়ে গান শিখবে।	আমার বন্ধু কিছুদিন পরে খুব মন দিয়ে গান শিখবেন।
sva_03264	sva	p3_ord	p2_hon		medium	fut	আমার বন্ধু কিছুদিন পরে একা একা গান শিখবে।	আমার বন্ধু কিছুদিন পরে একা একা গান শিখবেন।
sva_03265	sva	p3_ord	p1		medium	fut	আমার বন্ধু আগামীকাল বাড়ির কাজ শেষ করে গান শিখবে।	আমার বন্ধু আগামীকাল বাড়ির কাজ শেষ করে গান শিখব।
sva_03266	sva	p3_ord	p2_int		long	fut	আমার বন্ধু আগামী সপ্তাহে বাড়ির সব কাজ শেষ করে বন্ধুদের সঙ্গে গান শিখবে।	আমার বন্ধু আগামী সপ্তাহে বাড়ির সব কাজ শেষ করে বন্ধুদের সঙ্গে গান শিখবি।
sva_03267	sva	p3_ord	p2_hon		long	fut	আমার বন্ধু কিছুদিন পরে দীর্ঘ ক্লান্তিকর পথ চলার শেষে একা একা গান শিখবে।	আমার বন্ধু কিছুদিন পরে দীর্ঘ ক্লান্তিকর পথ চলার শেষে একা একা গান শিখবেন।
sva_03268	sva	p3_ord	p2_hon		long	fut	আমার বন্ধু আগামী সপ্তাহে পরীক্ষার প্রস্তুতির ফাঁকে অল্প সময়ের জন্য গান শিখবে।	আমার বন্ধু আগামী সপ্তাহে পরীক্ষার প্রস্তুতির ফাঁকে অল্প সময়ের জন্য গান শিখবেন।
sva_03269	sva	p3_ord	p3_hon		long	fut	আমার বন্ধু আগামীকাল সব রকমের ব্যস্ততার মধ্যেও খুব মন দিয়ে গান শিখবে।	আমার বন্ধু আগামীকাল সব রকমের ব্যস্ততার মধ্যেও খুব মন দিয়ে গান শিখবেন।
sva_03270	sva	p3_ord	p2_hon		none	fut	রহিম গান শিখবে।	রহিম গান শিখবেন।
sva_03271	sva	p3_ord	p2_int		short	fut	রহিম আগামীকাল গান শিখবে।	রহিম আগামীকাল গান শিখবি।
sva_03272	sva	p3_ord	p2_hon		medium	fut	রহিম আগামী সপ্তাহে বন্ধুদের সঙ্গে গান শিখবে।	রহিম আগামী সপ্তাহে বন্ধুদের সঙ্গে গান শিখবেন।
sva_03273	sva	p3_ord	p3_hon		medium	fut	রহিম কিছুদিন পরে খুব মন দিয়ে গান শিখবে।	রহিম কিছুদিন পরে খুব মন দিয়ে গান শিখবেন।
sva_03274	sva	p3_ord	p3_hon		medium	fut	রহিম কিছুদিন পরে একা একা গান শিখবে।	রহিম কিছুদিন পরে একা একা গান শিখবেন।
sva_03275	sva	p3_ord	p2_int		medium	fut	রহিম আগামীকাল বাড়ির কাজ শেষ করে গান শিখবে।	রহিম আগামীকাল বাড়ির কাজ শেষ করে গান শিখবি।
sva_03276	sva	p3_ord	p3_hon		long	fut	রহিম আগামীকাল বাড়ির সব কাজ শেষ করে বন্ধুদের সঙ্গে গান শিখবে।	রহিম আগামীকাল বাড়ির সব কাজ শেষ করে বন্ধুদের সঙ্গে গান শিখবেন।
sva_03277	sva	p3_ord	p3_hon		long	fut	রহিম আগামী সপ্তাহে দীর্ঘ ক্লান্তিকর পথ চলার শেষে একা একা গান শিখবে।	রহিম আগামী সপ্তাহে দীর্ঘ ক্লান্তিকর পথ চলার শেষে একা একা গান শিখবেন।
sva_03278	sva	p3_ord	p3_hon		long	fut	রহিম আগামী সপ্তাহে পরীক্ষার প্রস্তুতির ফাঁকে অল্প সময়ের জন্য গান শিখবে।	রহিম আগামী সপ্তাহে পরীক্ষার প্রস্তুতির ফাঁকে অল্প সময়ের জন্য গান শিখবেন।
sva_03279	sva	p3_ord	p2_hon		long	fut	রহিম আগামী সপ্তাহে সব রকমের ব্যস্ততার মধ্যেও খুব মন দিয়ে গান শিখবে।	রহিম আগামী সপ্তাহে সব রকমের ব্যস্ততার মধ্যেও খুব মন দিয়ে গান শিখবেন।
sva_03280	sva	p3_hon	p2_int		none	fut	তিনি গান শিখবেন।	তিনি গান শিখবি।
sva_03281	sva	p3_hon	p2_fam		short	fut	তিনি আগামী সপ্তাহে গান শিখবেন।	তিনি আগামী সপ্তাহে গান শিখবে।
sva_03282	sva	p3_hon	p2_fam		medium	fut	তিনি আগামীকাল বন্ধুদের সঙ্গে গান শিখবেন।	তিনি আগামীকাল বন্ধুদের সঙ্গে গান শিখবে।
sva_03283	sva	p3_hon	p2_fam		medium	fut	তিনি আগামীকাল খুব মন দিয়ে গান শিখবেন।	তিনি আগামীকাল খুব মন দিয়ে গান শিখবে।
sva_03284	sva	p3_hon	p3_ord		medium	fut	তিনি কিছুদিন পরে একা একা গান শিখবেন।	তিনি কিছুদিন পরে একা একা গান শিখবে।
sva_03285	sva	p3_hon	p2_fam		medium	fut	তিনি কিছুদিন পরে বাড়ির কাজ শেষ করে গান শিখবেন।	তিনি কিছুদিন পরে বাড়ির কাজ শেষ করে গান শিখবে।
sva_03286	sva	p3_hon	p2_fam		long	fut	তিনি আগামী সপ্তাহে বাড়ির সব কাজ শেষ করে বন্ধুদের সঙ্গে গান শিখবেন।	তিনি আগামী সপ্তাহে বাড়ির সব কাজ শেষ করে বন্ধুদের সঙ্গে গান শিখবে।
sva_03287	sva	p3_hon	p2_int		long	fut	তিনি আগামী সপ্তাহে দীর্ঘ ক্লান্তিকর পথ চলার শেষে একা একা গান শিখবেন।	তিনি আগামী সপ্তাহে দীর্ঘ ক্লান্তিকর পথ চলার শেষে একা একা গান শিখবি।
sva_03288	sva	p3_hon	p1		long	fut	তিনি কিছুদিন পরে পরীক্ষার প্রস্তুতির ফাঁকে অল্প সময়ের জন্য গান শিখবেন।	তিনি কিছুদিন পরে পরীক্ষার প্রস্তুতির ফাঁকে অল্প সময়ের জন্য গান শিখব।
sva_03289	sva	p3_hon	p2_fam		long	fut	তিনি আগামীকাল সব রকমের ব্যস্ততার মধ্যেও খুব মন দিয়ে গান শিখবেন।	তিনি আগামীকাল সব রকমের ব্যস্ততার মধ্যেও খুব মন দিয়ে গান শিখবে।
sva_03290	sva	p3_hon	p2_int		none	fut	উনি গান শিখবেন।	উনি গান শিখবি।
sva_03291	sva	p3_hon	p1		short	fut	উনি কিছুদিন পরে গান শিখবেন।	উনি কিছুদিন পরে গান শিখব।
sva_03292	sva	p3_hon	p1		medium	fut	উনি কিছুদিন পরে বন্ধুদের সঙ্গে গান শিখবেন।	উনি কিছুদিন পরে বন্ধুদের সঙ্গে গান শিখব।
sva_03293	sva	p3_hon	p2_int		medium	fut	উনি আগামী সপ্তাহে খুব মন দিয়ে গান শিখবেন।	উনি আগামী সপ্তাহে খুব মন দিয়ে গান শিখবি।
sva_03294	sva	p3_hon	p2_fam		medium	fut	উনি আগামী সপ্তাহে একা একা গান শিখবেন।	উনি আগামী সপ্তাহে একা একা গান শিখবে।
sva_03295	sva	p3_hon	p2_int		medium	fut	উনি আগামীকাল বাড়ির কাজ শেষ করে গান শিখবেন।	উনি আগামীকাল বাড়ির কাজ শেষ করে গান শিখবি।
sva_03296	sva	p3_hon	p2_int		long	fut	উনি আগামীকাল বাড়ির সব কাজ শেষ করে বন্ধুদের সঙ্গে গান শিখবেন।	উনি আগামীকাল বাড়ির সব কাজ শেষ করে বন্ধুদের সঙ্গে গান শিখবি।
sva_03297	sva	p3_hon	p2_int		long	fut	উনি আগামী সপ্তাহে দীর্ঘ ক্লান্তিকর পথ চলার শেষে একা একা গান শিখবেন।	উনি আগামী সপ্তাহে দীর্ঘ ক্লান্তিকর পথ চলার শেষে একা একা গান শিখবি।
sva_03298	sva	p3_hon	p2_int		long	fut	উনি আগামী সপ্তাহে পরীক্ষার প্রস্তুতির ফাঁকে অল্প সময়ের জন্য গান শিখবেন।	উনি আগামী সপ্তাহে পরীক্ষার প্রস্তুতির ফাঁকে অল্প সময়ের জন্য গান শিখবি।
sva_03299	sva	p3_hon	p2_fam		long	fut	উনি আগামীকাল সব রকমের ব্যস্ততার মধ্যেও খুব মন দিয়ে গান শিখবেন।	উনি আগামীকাল সব রকমের ব্যস্ততার মধ্যেও খুব মন দিয়ে গান শিখবে।
